Feature_name_A	Position
TEL01L	1
YAL069W	2
YAL068W-A	3
ARS102	4
intergenic*TEL01L_YAL068C	5
YAL068C	6
intergenic*YAL068C_YAL067W-A	7
YAL067W-A	8
intergenic*YAL067W-A_YAL067C	9
YAL067C	10
ARS103	11
intergenic*YAL067C_YAL066W	12
YAL066W	13
intergenic*YAL066W_YAL065C	14
YAL065C	15
intergenic*YAL065C_YAL064W-B	16
YAL064W-B	17
intergenic*YAL064W-B_YAL064C-A	18
YAL064C-A	19
intergenic*YAL064C-A_YAL064W	20
YAL064W	21
intergenic*YAL064W_YALWdelta1	22
YALWdelta1	23
YAL063C-A	24
intergenic*YAL063C-A_YAL063C	25
YAL063C	26
intergenic*YAL063C_ARS104	27
ARS104	28
intergenic*ARS104_YAL062W	29
YAL062W	30
intergenic*YAL062W_YAL061W	31
YAL061W	32
intergenic*YAL061W_YAL060W	33
YAL060W	34
intergenic*YAL060W_YAL059C-A	35
YAL059C-A	36
YAL059W	37
intergenic*YAL059W_YAL058W	38
YAL058W	39
YAL056C-A	40
intergenic*YAL056C-A_YAL056W	41
YAL056W	42
intergenic*YAL056W_ARS105	43
ARS105	44
intergenic*ARS105_YAL055W	45
YAL055W	46
intergenic*YAL055W_YAL054C	47
YAL054C	48
intergenic*YAL054C_YAL053W	49
YAL053W	50
intergenic*YAL053W_YAL051W	51
YAL051W	52
intergenic*YAL051W_YAL049C	53
YAL049C	54
intergenic*YAL049C_YAL048C	55
YAL048C	56
YAL047W-A	57
intergenic*YAL047W-A_YAL047C	58
YAL047C	59
intergenic*YAL047C_YAL046C	60
YAL046C	61
intergenic*YAL046C_YAL045C	62
YAL045C	63
YAL044W-A	64
intergenic*YAL044W-A_YAL044C	65
YAL044C	66
intergenic*YAL044C_YAL043C	67
YAL043C	68
intergenic*YAL043C_YAL042C-A	69
YAL042C-A	70
YAL042W	71
intergenic*YAL042W_YAL041W	72
YAL041W	73
intergenic*YAL041W_YAL040C	74
YAL040C	75
intergenic*YAL040C_YAL039C	76
YAL039C	77
intergenic*YAL039C_ARS106	78
ARS106	79
intergenic*ARS106_YAL038W	80
YAL038W	81
YAL037C-B	82
intergenic*YAL037C-B_YAL037C-A	83
YAL037C-A	84
intergenic*YAL037C-A_YAL037W	85
YAL037W	86
intergenic*YAL037W_YAL036C	87
YAL036C	88
intergenic*YAL036C_YAL035W	89
YAL035W	90
intergenic*YAL035W_YAL034C-B	91
YAL034C-B	92
YAL034W-A	93
intergenic*YAL034W-A_YAL034C	94
YAL034C	95
intergenic*YAL034C_YAL033W	96
YAL033W	97
intergenic*YAL033W_YAL032C	98
YAL032C	99
intergenic*YAL032C_YAL031W-A	100
YAL031W-A	101
YAL031C	102
intergenic*YAL031C_YAL030W	103
YAL030W	104
intergenic*YAL030W_YAL029C	105
YAL029C	106
intergenic*YAL029C_YAL028W	107
YAL028W	108
intergenic*YAL028W_YAL027W	109
YAL027W	110
YAL026C-A	111
YAL026C	112
HRA1	113
intergenic*HRA1_YAL025C	114
YAL025C	115
intergenic*YAL025C_YAL024C	116
YAL024C	117
intergenic*YAL024C_YAL023C	118
YAL023C	119
intergenic*YAL023C_YAL022C	120
YAL022C	121
intergenic*YAL022C_YAL021C	122
YAL021C	123
intergenic*YAL021C_YAL020C	124
YAL020C	125
YAL019W-A	126
intergenic*YAL019W-A_YAL019W	127
YAL019W	128
intergenic*YAL019W_YAL018C	129
YAL018C	130
intergenic*YAL018C_YAL017W	131
YAL017W	132
intergenic*YAL017W_YAL016C-B	133
YAL016C-B	134
ARS107	135
intergenic*ARS107_YAL016C-A	136
YAL016C-A	137
YAL016W	138
intergenic*YAL016W_YAL015C	139
YAL015C	140
intergenic*YAL015C_YAL014C	141
YAL014C	142
intergenic*YAL014C_YAL013W	143
YAL013W	144
intergenic*YAL013W_YAL012W	145
YAL012W	146
intergenic*YAL012W_YAL011W	147
YAL011W	148
intergenic*YAL011W_YAL010C	149
YAL010C	150
intergenic*YAL010C_YAL009W	151
YAL009W	152
intergenic*YAL009W_YAL008W	153
YAL008W	154
intergenic*YAL008W_YAL007C	155
YAL007C	156
intergenic*YAL007C_YALCdelta2	157
YALCdelta2	158
intergenic*YALCdelta2_tP(UGG)A	159
tP(UGG)A	160
intergenic*tP(UGG)A_YAL005C	161
YAL005C	162
YAL004W	163
intergenic*YAL004W_YAL003W	164
YAL003W	165
snR18	166
intergenic*YAL003W_YAL002W	167
YAL002W	168
ARS108	169
YAL001C	170
intergenic*YAL001C_CEN1	171
CEN1	172
intergenic*CEN1_YAR002W	173
YAR002W	174
intergenic*YAR002W_YAR002C-A	175
YAR002C-A	176
intergenic*YAR002C-A_YAR003W	177
YAR003W	178
intergenic*YAR003W_YAR007C	179
YAR007C	180
intergenic*YAR007C_YAR008W	181
YAR008W	182
intergenic*YAR008W_ARS109	183
ARS109	184
YARCdelta3	185
YARCdelta4	186
YARCTy1-1	187
YAR009C	188
YAR010C	189
YARCdelta5	190
intergenic*YARCTy1-1_tA(UGC)A	191
tA(UGC)A	192
intergenic*tA(UGC)A_YAR014C	193
YAR014C	194
intergenic*YAR014C_YAR015W	195
YAR015W	196
intergenic*YAR015W_YAR018C	197
YAR018C	198
intergenic*YAR018C_YAR019C	199
YAR019C	200
YAR019W-A	201
intergenic*YAR019W-A_ARS110	202
ARS110	203
intergenic*ARS110_YAR020C	204
YAR020C	205
intergenic*YAR020C_YAR023C	206
YAR023C	207
intergenic*YAR023C_tL(CAA)A	208
tL(CAA)A	209
intergenic*tL(CAA)A_tS(AGA)A	210
tS(AGA)A	211
intergenic*tS(AGA)A_YARWsigma1	212
YARWsigma1	213
intergenic*YARWsigma1_YARWdelta6	214
YARWdelta6	215
intergenic*YARWdelta6_YAR027W	216
YAR027W	217
intergenic*YAR027W_YAR028W	218
YAR028W	219
intergenic*YAR028W_YAR029W	220
YAR029W	221
YAR030C	222
YAR031W	223
intergenic*YAR031W_YAR033W	224
YAR033W	225
intergenic*YAR033W_YARWdelta7	226
YARWdelta7	227
intergenic*YARWdelta7_YAR035W	228
YAR035W	229
intergenic*YAR035W_YAR035C-A	230
YAR035C-A	231
intergenic*YAR035C-A_YAR042W	232
YAR042W	233
intergenic*YAR042W_YAR047C	234
YAR047C	235
intergenic*YAR047C_YAR050W	236
YAR050W	237
intergenic*YAR050W_YAR053W	238
YAR053W	239
intergenic*YAR053W_YARCdelta8	240
YARCdelta8	241
intergenic*YARCdelta8_ARS111	242
ARS111	243
intergenic*ARS111_YAR060C	244
YAR060C	245
intergenic*YAR060C_YAR064W	246
YAR064W	247
intergenic*YAR064W_YAR066W	248
YAR066W	249
intergenic*YAR066W_YAR068W	250
YAR068W	251
ARS112	252
YAR069C	253
intergenic*YAR069C_YAR070C	254
YAR070C	255
intergenic*YAR070C_YAR071W	256
YAR071W	257
intergenic*YAR071W_YAR073W	258
YAR073W	259
YAR075W	260
intergenic*YAR075W_TEL01R	261
TEL01R	262
TEL02L	263
ARS200	264
YBL113C	265
YBL113W-A	266
YBL112C	267
YBL111C	268
YBL109W	269
ARS201	270
intergenic*ARS201_YBL108C-A	271
YBL108C-A	272
intergenic*YBL108C-A_YBL108W	273
YBL108W	274
intergenic*YBL108W_YBLWdelta1	275
YBLWdelta1	276
YBLWdelta2	277
YBL107W-A	278
YBLWdelta3	279
intergenic*YBLWdelta3_tL(UAA)B1	280
tL(UAA)B1	281
intergenic*tL(UAA)B1_YBL107C	282
YBL107C	283
intergenic*YBL107C_YBL106C	284
YBL106C	285
intergenic*YBL106C_YBL105C	286
YBL105C	287
intergenic*YBL105C_YBL104C	288
YBL104C	289
intergenic*YBL104C_YBL103C	290
YBL103C	291
intergenic*YBL103C_YBL102W	292
YBL102W	293
intergenic*YBL102W_YBL101C	294
YBL101C	295
intergenic*YBL101C_YBL100W-C	296
YBL100W-C	297
intergenic*YBL100W-C_ARS230	298
ARS230	299
intergenic*ARS230_YBLWTy2-1	300
YBLWdelta4	301
YBLWTy2-1	302
YBL100W-A	303
YBL100W-B	304
YBLWdelta5	305
intergenic*YBLWTy2-1_YBLWdelta6	306
YBLWdelta6	307
intergenic*YBLWdelta6_YBLCtau1	308
YBLCtau1	309
intergenic*YBLCtau1_tF(GAA)B	310
tF(GAA)B	311
intergenic*tF(GAA)B_YBL100C	312
YBL100C	313
YBL099W	314
intergenic*YBL099W_YBL098W	315
YBL098W	316
intergenic*YBL098W_YBL097W	317
YBL097W	318
intergenic*YBL097W_YBL096C	319
YBL096C	320
YBL095W	321
YBL094C	322
intergenic*YBL094C_YBL093C	323
YBL093C	324
intergenic*YBL093C_YBL092W	325
YBL092W	326
intergenic*YBL092W_YBL091C-A	327
YBL091C-A	328
intergenic*YBL091C-A_YBL091C	329
YBL091C	330
intergenic*YBL091C_YBL090W	331
YBL090W	332
intergenic*YBL090W_YBL089W	333
YBL089W	334
intergenic*YBL089W_YBL088C	335
YBL088C	336
intergenic*YBL088C_YBL087C	337
YBL087C	338
intergenic*YBL087C_YBL086C	339
YBL086C	340
intergenic*YBL086C_ARS202	341
ARS202	342
intergenic*ARS202_YBL085W	343
YBL085W	344
intergenic*YBL085W_YBL084C	345
YBL084C	346
intergenic*YBL084C_YBL083C	347
YBL083C	348
YBL082C	349
intergenic*YBL082C_YBL081W	350
YBL081W	351
intergenic*YBL081W_YBL080C	352
YBL080C	353
intergenic*YBL080C_YBL079W	354
YBL079W	355
intergenic*YBL079W_YBL078C	356
YBL078C	357
intergenic*YBL078C_YBL077W	358
YBL077W	359
YBL076C	360
intergenic*YBL076C_YBL075C	361
YBL075C	362
intergenic*YBL075C_YBL074C	363
YBL074C	364
YBL073W	365
intergenic*YBL073W_snR56	366
snR56	367
intergenic*snR56_YBL072C	368
YBL072C	369
intergenic*YBL072C_YBL071C-B	370
YBL071C-B	371
intergenic*YBL071C-B_YBL071W-A	372
YBL071W-A	373
YBL071C	374
intergenic*YBL071C_YBL070C	375
YBL070C	376
YBL069W	377
YBL068W-A	378
YBL068W	379
intergenic*YBL068W_ARS203	380
ARS203	381
intergenic*ARS203_YBL067C	382
YBL067C	383
intergenic*YBL067C_YBL066W	384
YBL066C	385
YBL065W	386
intergenic*YBL065W_YBL064C	387
YBL064C	388
intergenic*YBL064C_YBL063W	389
YBL063W	390
intergenic*YBL063W_YBL062W	391
YBL062W	392
YBL061C	393
intergenic*YBL061C_YBL060W	394
YBL060W	395
intergenic*YBL060W_YBL059C-A	396
YBL059C-A	397
intergenic*YBL059C-A_YBL059W	398
YBL059W	399
intergenic*YBL059W_YBL058W	400
YBL058W	401
intergenic*YBL058W_YBL057C	402
YBL057C	403
intergenic*YBL057C_YBL056W	404
YBL056W	405
intergenic*YBL056W_YBL055C	406
YBL055C	407
intergenic*YBL055C_YBL054W	408
YBL054W	409
intergenic*YBL054W_YBL053W	410
YBL053W	411
YBL052C	412
intergenic*YBL052C_YBL051C	413
YBL051C	414
intergenic*YBL051C_YBL050W	415
YBL050W	416
intergenic*YBL050W_YBL049W	417
YBL049W	418
intergenic*YBL049W_YBL048W	419
YBL048W	420
intergenic*YBL048W_YBL047C	421
YBL047C	422
intergenic*YBL047C_YBL046W	423
YBL046W	424
intergenic*YBL046W_YBL045C	425
YBL045C	426
intergenic*YBL045C_YBL044W	427
YBL044W	428
intergenic*YBL044W_YBL043W	429
YBL043W	430
intergenic*YBL043W_YBL042C	431
YBL042C	432
intergenic*YBL042C_YBL041W	433
YBL041W	434
intergenic*YBL041W_YBL040C	435
YBL040C	436
intergenic*YBL040C_YBL039W-B	437
YBL039W-B	438
intergenic*YBL039W-B_ARS206	439
ARS206	440
intergenic*ARS206_YBL039C	441
YBL039C	442
YBL039C-A	443
intergenic*YBL039C_YBL038W	444
YBL038W	445
intergenic*YBL038W_YBL037W	446
YBL037W	447
intergenic*YBL037W_YBL036C	448
YBL036C	449
intergenic*YBL036C_YBL035C	450
YBL035C	451
intergenic*YBL035C_YBL034C	452
YBL034C	453
intergenic*YBL034C_YBL033C	454
YBL033C	455
intergenic*YBL033C_YBL032W	456
YBL032W	457
intergenic*YBL032W_YBL031W	458
YBL031W	459
intergenic*YBL031W_YBL030C	460
YBL030C	461
intergenic*YBL030C_YBL029C-A	462
YBL029C-A	463
intergenic*YBL029C-A_YBL029W	464
YBL029W	465
intergenic*YBL029W_YBL028C	466
YBL028C	467
intergenic*YBL028C_YBL027W	468
YBL027W	469
intergenic*YBL027W_ARS207	470
ARS207	471
intergenic*ARS207_YBL026W	472
YBL026W	473
intergenic*YBL026W_YBL025W	474
YBL025W	475
intergenic*YBL025W_YBL024W	476
YBL024W	477
intergenic*YBL024W_YBL023C	478
YBL023C	479
intergenic*YBL023C_YBL022C	480
YBL022C	481
intergenic*YBL022C_YBL021C	482
YBL021C	483
intergenic*YBL021C_YBL020W	484
YBL020W	485
intergenic*YBL020W_YBL019W	486
YBL019W	487
intergenic*YBL019W_YBL018C	488
YBL018C	489
intergenic*YBL018C_YBL017C	490
YBL017C	491
intergenic*YBL017C_YBL016W	492
YBL016W	493
intergenic*YBL016W_YBL015W	494
YBL015W	495
intergenic*YBL015W_YBLCdelta7	496
YBLCdelta7	497
intergenic*YBLCdelta7_tI(AAU)B	498
tI(AAU)B	499
intergenic*tI(AAU)B_tG(GCC)B	500
tG(GCC)B	501
intergenic*tG(GCC)B_YBLWsigma1	502
YBLWsigma1	503
intergenic*YBLWsigma1_ARS231	504
ARS231	505
intergenic*ARS231_YBL014C	506
YBL014C	507
intergenic*YBL014C_YBL013W	508
YBL013W	509
intergenic*YBL013W_YBL012C	510
YBL012C	511
YBL011W	512
intergenic*YBL011W_YBL010C	513
YBL010C	514
intergenic*YBL010C_YBL009W	515
YBL009W	516
intergenic*YBL009W_YBL008W-A	517
YBL008W-A	518
intergenic*YBL008W-A_YBL008W	519
YBL008W	520
intergenic*YBL008W_YBL007C	521
YBL007C	522
intergenic*YBL007C_YBL006C	523
YBL006C	524
YBL006W-A	525
intergenic*YBL006C_YBL005W	526
YBL005W	527
intergenic*YBL005W_YBLWdelta8	528
YBLWdelta8	529
YBLWdelta9	530
YBLWTy1-1	531
YBL005W-A	532
YBL005W-B	533
YBLWdelta10	534
intergenic*YBLWTy1-1_tS(AGA)B	535
tS(AGA)B	536
intergenic*tS(AGA)B_YBL004W	537
YBL004W	538
intergenic*YBL004W_YBL003C	539
YBL003C	540
intergenic*YBL003C_YBL002W	541
YBL002W	542
intergenic*YBL002W_YBL001C	543
YBL001C	544
intergenic*YBL001C_ARS208	545
ARS208	546
intergenic*ARS208_CEN2	547
CEN2	548
intergenic*CEN2_YBR001C	549
YBR001C	550
intergenic*YBR001C_YBR002C	551
YBR002C	552
intergenic*YBR002C_YBR003W	553
YBR003W	554
intergenic*YBR003W_YBR004C	555
YBR004C	556
intergenic*YBR004C_YBR005W	557
YBR005W	558
intergenic*YBR005W_YBR006W	559
YBR006W	560
intergenic*YBR006W_YBR007C	561
YBR007C	562
intergenic*YBR007C_YBR008C	563
YBR008C	564
intergenic*YBR008C_ARS209	565
ARS209	566
intergenic*ARS209_YBR009C	567
YBR009C	568
intergenic*YBR009C_YBR010W	569
YBR010W	570
intergenic*YBR010W_YBR011C	571
YBR011C	572
intergenic*YBR011C_YBRCdelta11	573
YBRCdelta11	574
intergenic*YBRCdelta11_YBR012C	575
YBR012C	576
intergenic*YBR012C_YBRWTy1-2	577
YBRWdelta12	578
YBRWTy1-2	579
YBR012W-A	580
YBR012W-B	581
YBRWdelta13	582
YBR013C	583
intergenic*YBR013C_YBRCdelta14	584
YBRCdelta14	585
intergenic*YBRCdelta14_tT(AGU)B	586
tT(AGU)B	587
intergenic*tT(AGU)B_YBR014C	588
YBR014C	589
intergenic*YBR014C_YBR015C	590
YBR015C	591
intergenic*YBR015C_YBR016W	592
YBR016W	593
intergenic*YBR016W_YBR017C	594
YBR017C	595
intergenic*YBR017C_YBR018C	596
YBR018C	597
intergenic*YBR018C_YBR019C	598
YBR019C	599
intergenic*YBR019C_YBR020W	600
YBR020W	601
intergenic*YBR020W_YBR021W	602
YBR021W	603
intergenic*YBR021W_YBR022W	604
YBR022W	605
intergenic*YBR022W_YBR023C	606
YBR023C	607
intergenic*YBR023C_YBR024W	608
YBR024W	609
intergenic*YBR024W_YBR025C	610
YBR025C	611
intergenic*YBR025C_YBR026C	612
YBR026C	613
intergenic*YBR026C_YBR027C	614
YBR027C	615
intergenic*YBR027C_YBR028C	616
YBR028C	617
intergenic*YBR028C_YBR029C	618
YBR029C	619
intergenic*YBR029C_YBR030W	620
YBR030W	621
intergenic*YBR030W_YBR031W	622
YBR031W	623
intergenic*YBR031W_YBR032W	624
YBR032W	625
intergenic*YBR032W_YBR033W	626
YBR033W	627
intergenic*YBR033W_YBR034C	628
YBR034C	629
intergenic*YBR034C_YBR035C	630
YBR035C	631
intergenic*YBR035C_snR161	632
snR161	633
intergenic*snR161_YBR036C	634
YBR036C	635
intergenic*YBR036C_YBR037C	636
YBR037C	637
intergenic*YBR037C_YBR038W	638
YBR038W	639
intergenic*YBR038W_YBR039W	640
YBR039W	641
intergenic*YBR039W_YBR040W	642
YBR040W	643
intergenic*YBR040W_YBR041W	644
YBR041W	645
intergenic*YBR041W_YBR042C	646
YBR042C	647
intergenic*YBR042C_YBR043C	648
YBR043C	649
intergenic*YBR043C_YBR044C	650
YBR044C	651
intergenic*YBR044C_ARS211	652
ARS211	653
intergenic*ARS211_tV(UAC)B	654
tV(UAC)B	655
intergenic*tV(UAC)B_YBRWdelta15	656
YBRWdelta15	657
YBRWdelta16	658
intergenic*YBRWdelta16_YBR045C	659
YBR045C	660
intergenic*YBR045C_YBR046C	661
YBR046C	662
intergenic*YBR046C_YBR047W	663
YBR047W	664
intergenic*YBR047W_YBR048W	665
YBR048W	666
intergenic*YBR048W_YBR049C	667
YBR049C	668
intergenic*YBR049C_YBR050C	669
YBR050C	670
YBR051W	671
intergenic*YBR051W_YBR052C	672
YBR052C	673
intergenic*YBR052C_YBR053C	674
YBR053C	675
intergenic*YBR053C_YBR054W	676
YBR054W	677
intergenic*YBR054W_YBR055C	678
YBR055C	679
intergenic*YBR055C_tL(UAA)B2	680
tL(UAA)B2	681
intergenic*tL(UAA)B2_YBR056W	682
YBR056W	683
intergenic*YBR056W_YBRWdelta17	684
YBRWdelta17	685
intergenic*YBRWdelta17_tQ(UUG)B	686
tQ(UUG)B	687
intergenic*tQ(UUG)B_YBR056W-A	688
YBR056W-A	689
YBR056C-B	690
intergenic*YBR056W-A_YBR057C	691
YBR057C	692
intergenic*YBR057C_YBR058C	693
YBR058C	694
intergenic*YBR058C_YBR058C-A	695
YBR058C-A	696
intergenic*YBR058C-A_YBR059C	697
YBR059C	698
intergenic*YBR059C_YBR060C	699
YBR060C	700
intergenic*YBR060C_YBR061C	701
YBR061C	702
intergenic*YBR061C_YBR062C	703
YBR062C	704
intergenic*YBR062C_YBR063C	705
YBR063C	706
YBR064W	707
intergenic*YBR064W_YBR065C	708
YBR065C	709
intergenic*YBR065C_YBR066C	710
YBR066C	711
intergenic*YBR066C_YBR067C	712
YBR067C	713
intergenic*YBR067C_YBR068C	714
YBR068C	715
intergenic*YBR068C_YBR069C	716
YBR069C	717
intergenic*YBR069C_YBR070C	718
ARS212	719
YBR070C	720
intergenic*YBR070C_YBR071W	721
YBR071W	722
intergenic*YBR071W_YBR072W	723
YBR072W	724
intergenic*YBR072W_YBR072C-A	725
YBR072C-A	726
intergenic*YBR072C-A_YBR073W	727
YBR073W	728
intergenic*YBR073W_YBR074W	729
YBR074W	730
ARS213	731
YBR076W	732
intergenic*YBR076W_YBR076C-A	733
YBR076C-A	734
intergenic*YBR076C-A_YBR077C	735
YBR077C	736
intergenic*YBR077C_YBR078W	737
YBR078W	738
intergenic*YBR078W_YBR079C	739
YBR079C	740
intergenic*YBR079C_YBR080C	741
YBR080C	742
intergenic*YBR080C_YBR081C	743
YBR081C	744
intergenic*YBR081C_tR(UCU)B	745
tR(UCU)B	746
intergenic*tR(UCU)B_tD(GUC)B	747
tD(GUC)B	748
intergenic*tD(GUC)B_YBR082C	749
YBR082C	750
intergenic*YBR082C_ARS214	751
ARS214	752
intergenic*ARS214_YBR083W	753
YBR083W	754
intergenic*YBR083W_YBR084W	755
YBR084W	756
intergenic*YBR084W_YBR084C-A	757
YBR084C-A	758
intergenic*YBR084C-A_YBR085W	759
YBR085W	760
intergenic*YBR085W_ARS215	761
ARS215	762
intergenic*ARS215_YBR085C-A	763
YBR085C-A	764
intergenic*YBR085C-A_YBR086C	765
YBR086C	766
intergenic*YBR086C_YBR087W	767
YBR087W	768
intergenic*YBR087W_YBR088C	769
YBR088C	770
YBR089W	771
intergenic*YBR089W_YBR089C-A	772
YBR089C-A	773
YBR090C	774
intergenic*YBR090C_YBR091C	775
YBR091C	776
intergenic*YBR091C_YBR092C	777
YBR092C	778
intergenic*YBR092C_YBR093C	779
YBR093C	780
intergenic*YBR093C_YBR094W	781
YBR094W	782
intergenic*YBR094W_YBR095C	783
YBR095C	784
intergenic*YBR095C_YBR096W	785
YBR096W	786
intergenic*YBR096W_YBR097W	787
YBR097W	788
intergenic*YBR097W_YBR098W	789
YBR098W	790
YBR099C	791
intergenic*YBR098W_YBR101C	792
YBR101C	793
intergenic*YBR101C_YBR102C	794
YBR102C	795
intergenic*YBR102C_YBR103W	796
YBR103W	797
intergenic*YBR103W_YBR103C-A	798
YBR103C-A	799
intergenic*YBR103C-A_YBR104W	800
YBR104W	801
intergenic*YBR104W_YBR105C	802
YBR105C	803
intergenic*YBR105C_YBR106W	804
YBR106W	805
intergenic*YBR106W_YBR107C	806
YBR107C	807
intergenic*YBR107C_YBR108W	808
YBR108W	809
intergenic*YBR108W_YBR109C	810
YBR109C	811
intergenic*YBR109C_YBR109W-A	812
YBR109W-A	813
intergenic*YBR109W-A_YBR110W	814
YBR110W	815
intergenic*YBR110W_YBR111C	816
YBR111C	817
intergenic*YBR111C_YBR111W-A	818
YBR111W-A	819
intergenic*YBR111W-A_YBR112C	820
YBR112C	821
YBR113W	822
intergenic*YBR113W_YBR114W	823
YBR114W	824
intergenic*YBR114W_YBR115C	825
YBR115C	826
intergenic*YBR115C_YBR116C	827
YBR116C	828
YBR117C	829
intergenic*YBR117C_YBR118W	830
YBR118W	831
intergenic*YBR118W_YBR119W	832
YBR119W	833
intergenic*YBR119W_YBR120C	834
YBR120C	835
intergenic*YBR120C_YBR121C	836
YBR121C	837
YBR121C-A	838
intergenic*YBR121C_YBR122C	839
YBR122C	840
intergenic*YBR122C_YBR123C	841
YBR123C	842
YBR124W	843
ARS216	844
intergenic*ARS216_YBR125C	845
YBR125C	846
intergenic*YBR125C_YBR126C	847
YBR126C	848
intergenic*YBR126C_YBR126W-A	849
YBR126W-A	850
YBR126W-B	851
intergenic*YBR126W-B_YBR127C	852
YBR127C	853
intergenic*YBR127C_YBR128C	854
YBR128C	855
intergenic*YBR128C_YBR129C	856
YBR129C	857
intergenic*YBR129C_YBR130C	858
YBR130C	859
intergenic*YBR130C_YBR131W	860
YBR131W	861
YBR131C-A	862
intergenic*YBR131W_YBR132C	863
YBR132C	864
intergenic*YBR132C_YBR133C	865
YBR133C	866
YBR134W	867
intergenic*YBR134W_YBR135W	868
YBR135W	869
intergenic*YBR135W_YBR136W	870
YBR136W	871
intergenic*YBR136W_YBR137W	872
YBR137W	873
intergenic*YBR137W_YBR138C	874
YBR138C	875
intergenic*YBR138C_YBR139W	876
YBR139W	877
ARS217	878
YBR140C	879
intergenic*YBR140C_YBR141C	880
YBR141C	881
YBR141W-A	882
intergenic*YBR141C_YBR142W	883
YBR142W	884
intergenic*YBR142W_YBR143C	885
YBR143C	886
intergenic*YBR143C_YBR144C	887
YBR144C	888
intergenic*YBR144C_YBR145W	889
YBR145W	890
intergenic*YBR145W_YBR146W	891
YBR146W	892
intergenic*YBR146W_YBR147W	893
YBR147W	894
intergenic*YBR147W_YBR148W	895
YBR148W	896
intergenic*YBR148W_YBR149W	897
YBR149W	898
intergenic*YBR149W_YBR150C	899
YBR150C	900
intergenic*YBR150C_YBR151W	901
YBR151W	902
intergenic*YBR151W_YBR152W	903
YBR152W	904
intergenic*YBR152W_YBR153W	905
YBR153W	906
intergenic*YBR153W_YBR154C	907
YBR154C	908
intergenic*YBR154C_YBR155W	909
YBR155W	910
intergenic*YBR155W_YBR156C	911
YBR156C	912
intergenic*YBR156C_YBR157C	913
YBR157C	914
intergenic*YBR157C_YBR158W	915
YBR158W	916
intergenic*YBR158W_YBR159W	917
YBR159W	918
intergenic*YBR159W_YBR160W	919
YBR160W	920
intergenic*YBR160W_YBR161W	921
YBR161W	922
intergenic*YBR161W_YBR162C	923
YBR162C	924
intergenic*YBR162C_YBR162W-A	925
YBR162W-A	926
intergenic*YBR162W-A_YBR163W	927
YBR163W	928
intergenic*YBR163W_YBR164C	929
YBR164C	930
intergenic*YBR164C_YBR165W	931
YBR165W	932
intergenic*YBR165W_YBR166C	933
YBR166C	934
intergenic*YBR166C_YBR167C	935
YBR167C	936
intergenic*YBR167C_YBR168W	937
YBR168W	938
intergenic*YBR168W_YBR169C	939
YBR169C	940
intergenic*YBR169C_YBR170C	941
YBR170C	942
intergenic*YBR170C_YBR171W	943
YBR171W	944
intergenic*YBR171W_YBR172C	945
YBR172C	946
intergenic*YBR172C_YBR173C	947
YBR173C	948
intergenic*YBR173C_YBR174C	949
YBR174C	950
YBR175W	951
intergenic*YBR175W_YBR176W	952
YBR176W	953
intergenic*YBR176W_YBR177C	954
YBR177C	955
YBR178W	956
intergenic*YBR178W_YBR179C	957
YBR179C	958
intergenic*YBR179C_YBR180W	959
YBR180W	960
intergenic*YBR180W_YBR181C	961
YBR181C	962
intergenic*YBR181C_YBR182C	963
YBR182C	964
intergenic*YBR182C_YBR182C-A	965
YBR182C-A	966
intergenic*YBR182C-A_YBR183W	967
YBR183W	968
intergenic*YBR183W_YBR184W	969
YBR184W	970
intergenic*YBR184W_YBR185C	971
YBR185C	972
intergenic*YBR185C_YBR186W	973
YBR186W	974
intergenic*YBR186W_YBR187W	975
YBR187W	976
intergenic*YBR187W_YBR188C	977
YBR188C	978
intergenic*YBR188C_YBR189W	979
YBR189W	980
intergenic*YBR189W_YBR190W	981
YBR190W	982
YBR191W	983
intergenic*YBR191W_YBR191W-A	984
YBR191W-A	985
intergenic*YBR191W-A_YBR192W	986
YBR192W	987
intergenic*YBR192W_YBR193C	988
YBR193C	989
intergenic*YBR193C_YBR194W	990
YBR194W	991
intergenic*YBR194W_YBR195C	992
YBR195C	993
intergenic*YBR195C_YBR196C	994
YBR196C	995
intergenic*YBR196C_YBR196C-A	996
YBR196C-A	997
intergenic*YBR196C-A_YBR196C-B	998
YBR196C-B	999
intergenic*YBR196C-B_YBR197C	1000
YBR197C	1001
intergenic*YBR197C_YBR198C	1002
YBR198C	1003
intergenic*YBR198C_YBR199W	1004
YBR199W	1005
intergenic*YBR199W_YBR200W	1006
YBR200W	1007
intergenic*YBR200W_ARS220	1008
ARS220	1009
intergenic*ARS220_YBR200W-A	1010
YBR200W-A	1011
intergenic*YBR200W-A_YBR201W	1012
YBR201W	1013
intergenic*YBR201W_YBR201C-A	1014
YBR201C-A	1015
intergenic*YBR201C-A_YBR202W	1016
YBR202W	1017
intergenic*YBR202W_YBR203W	1018
YBR203W	1019
ARS221	1020
intergenic*ARS221_YBR204C	1021
YBR204C	1022
intergenic*YBR204C_YBR205W	1023
YBR205W	1024
YBR206W	1025
intergenic*YBR206W_YBR207W	1026
YBR207W	1027
intergenic*YBR207W_YBR208C	1028
YBR208C	1029
intergenic*YBR208C_YBR209W	1030
YBR209W	1031
intergenic*YBR209W_tC(GCA)B	1032
tC(GCA)B	1033
intergenic*tC(GCA)B_YBRCtau2	1034
YBRCtau2	1035
YBRWdelta18	1036
intergenic*YBRWdelta18_YBRCdelta19	1037
YBRCdelta19	1038
intergenic*YBRCdelta19_tE(UUC)B	1039
tE(UUC)B	1040
intergenic*tE(UUC)B_YBR210W	1041
YBR210W	1042
intergenic*YBR210W_YBR211C	1043
YBR211C	1044
intergenic*YBR211C_YBR212W	1045
YBR212W	1046
intergenic*YBR212W_YBR213W	1047
YBR213W	1048
intergenic*YBR213W_YBR214W	1049
YBR214W	1050
intergenic*YBR214W_YBR215W	1051
YBR215W	1052
intergenic*YBR215W_YBR216C	1053
YBR216C	1054
intergenic*YBR216C_YBR217W	1055
YBR217W	1056
intergenic*YBR217W_YBR218C	1057
YBR218C	1058
intergenic*YBR218C_YBR219C	1059
YBR219C	1060
YBR220C	1061
intergenic*YBR220C_YBR221C	1062
YBR221C	1063
intergenic*YBR221C_YBR221W-A	1064
YBR221W-A	1065
intergenic*YBR221W-A_YBR222C	1066
YBR222C	1067
intergenic*YBR222C_YBR223C	1068
YBR223C	1069
YBR223W-A	1070
YBR224W	1071
YBR225W	1072
YBR226C	1073
intergenic*YBR226C_YBR227C	1074
YBR227C	1075
intergenic*YBR227C_YBR228W	1076
YBR228W	1077
intergenic*YBR228W_YBR229C	1078
YBR229C	1079
intergenic*YBR229C_YBR230C	1080
YBR230C	1081
intergenic*YBR230C_YBR230W-A	1082
YBR230W-A	1083
intergenic*YBR230W-A_LSR1	1084
LSR1	1085
intergenic*LSR1_YBR231C	1086
YBR231C	1087
intergenic*YBR231C_YBR232C	1088
YBR232C	1089
YBR233W	1090
intergenic*YBR233W_YBR233W-A	1091
YBR233W-A	1092
intergenic*YBR233W-A_YBR234C	1093
YBR234C	1094
intergenic*YBR234C_YBR235W	1095
YBR235W	1096
intergenic*YBR235W_YBR236C	1097
YBR236C	1098
intergenic*YBR236C_YBR237W	1099
YBR237W	1100
intergenic*YBR237W_YBR238C	1101
YBR238C	1102
intergenic*YBR238C_YBR239C	1103
YBR239C	1104
intergenic*YBR239C_YBR240C	1105
YBR240C	1106
intergenic*YBR240C_YBR241C	1107
YBR241C	1108
intergenic*YBR241C_ARS222	1109
ARS222	1110
intergenic*ARS222_YBR242W	1111
YBR242W	1112
intergenic*YBR242W_YBR243C	1113
YBR243C	1114
intergenic*YBR243C_YBR244W	1115
YBR244W	1116
intergenic*YBR244W_YBR245C	1117
YBR245C	1118
intergenic*YBR245C_YBR246W	1119
YBR246W	1120
intergenic*YBR246W_YBR247C	1121
YBR247C	1122
intergenic*YBR247C_YBR248C	1123
YBR248C	1124
intergenic*YBR248C_YBR249C	1125
YBR249C	1126
intergenic*YBR249C_YBR250W	1127
YBR250W	1128
intergenic*YBR250W_YBR251W	1129
YBR251W	1130
intergenic*YBR251W_YBR252W	1131
YBR252W	1132
intergenic*YBR252W_YBR253W	1133
YBR253W	1134
intergenic*YBR253W_YBR254C	1135
YBR254C	1136
intergenic*YBR254C_YBR255W	1137
YBR255W	1138
intergenic*YBR255W_YBR255C-A	1139
YBR255C-A	1140
intergenic*YBR255C-A_YBR256C	1141
YBR256C	1142
intergenic*YBR256C_YBR257W	1143
YBR257W	1144
intergenic*YBR257W_YBR258C	1145
YBR258C	1146
intergenic*YBR258C_YBR259W	1147
YBR259W	1148
intergenic*YBR259W_YBR260C	1149
YBR260C	1150
intergenic*YBR260C_YBR261C	1151
YBR261C	1152
intergenic*YBR261C_YBR262C	1153
YBR262C	1154
intergenic*YBR262C_YBR263W	1155
YBR263W	1156
intergenic*YBR263W_YBR264C	1157
YBR264C	1158
intergenic*YBR264C_YBR265W	1159
YBR265W	1160
intergenic*YBR265W_YBR267W	1161
YBR267W	1162
YBR266C	1163
intergenic*YBR267W_YBR268W	1164
YBR268W	1165
intergenic*YBR268W_ARS224	1166
ARS224	1167
intergenic*ARS224_YBR269C	1168
YBR269C	1169
intergenic*YBR269C_YBR270C	1170
YBR270C	1171
intergenic*YBR270C_YBR271W	1172
YBR271W	1173
intergenic*YBR271W_YBR272C	1174
YBR272C	1175
intergenic*YBR272C_YBR273C	1176
YBR273C	1177
intergenic*YBR273C_YBR274W	1178
YBR274W	1179
intergenic*YBR274W_YBR275C	1180
YBR275C	1181
intergenic*YBR275C_ARS225	1182
ARS225	1183
YBR276C	1184
intergenic*YBR276C_YBR277C	1185
YBR277C	1186
YBR278W	1187
intergenic*YBR278W_YBR279W	1188
YBR279W	1189
intergenic*YBR279W_YBR280C	1190
YBR280C	1191
intergenic*YBR280C_YBR281C	1192
YBR281C	1193
intergenic*YBR281C_YBR282W	1194
YBR282W	1195
intergenic*YBR282W_YBR283C	1196
YBR283C	1197
intergenic*YBR283C_YBR284W	1198
YBR284W	1199
intergenic*YBR284W_YBR285W	1200
YBR285W	1201
intergenic*YBR285W_YBR286W	1202
YBR286W	1203
intergenic*YBR286W_YBR287W	1204
YBR287W	1205
intergenic*YBR287W_YBR288C	1206
YBR288C	1207
intergenic*YBR288C_YBR289W	1208
YBR289W	1209
intergenic*YBR289W_YBR290W	1210
YBR290W	1211
intergenic*YBR290W_YBR291C	1212
YBR291C	1213
intergenic*YBR291C_YBR292C	1214
YBR292C	1215
intergenic*YBR292C_YBR293W	1216
YBR293W	1217
intergenic*YBR293W_YBR294W	1218
YBR294W	1219
intergenic*YBR294W_ARS228	1220
ARS228	1221
intergenic*ARS228_YBR295W	1222
YBR295W	1223
intergenic*YBR295W_YBR296C	1224
YBR296C	1225
intergenic*YBR296C_YBR296C-A	1226
YBR296C-A	1227
intergenic*YBR296C-A_YBR297W	1228
YBR297W	1229
intergenic*YBR297W_YBR298C	1230
YBR298C	1231
intergenic*YBR298C_YBR298C-A	1232
YBR298C-A	1233
intergenic*YBR298C-A_YBR299W	1234
YBR299W	1235
intergenic*YBR299W_YBR300C	1236
YBR300C	1237
YBR301W	1238
intergenic*YBR301W_YBR302C	1239
YBR302C	1240
intergenic*YBR302C_TEL02R	1241
TEL02R	1242
TEL03L	1243
ARS300	1244
intergenic*TEL03L_YLCWTy5-1	1245
YCLWomega1	1246
YCLWTy5-1	1247
YCL076W	1248
YCLWomega2	1249
intergenic*YCLWomega2_YCL073C	1250
YCL073C	1251
intergenic*YCL073C_YCL069W	1252
YCL069W	1253
intergenic*YCL069W_ARS301	1254
ARS301	1255
intergenic*ARS301_YCL068C	1256
YCL068C	1257
intergenic*YCL068C_YCL067C	1258
YCL067C	1259
intergenic*YCL067C_YCL066W	1260
YCL066W	1261
YCL065W	1262
intergenic*YCL065W_ARS302	1263
ARS302	1264
intergenic*ARS302_ARS303	1265
ARS303	1266
ARS320	1267
YCL064C	1268
intergenic*YCL064C_YCL063W	1269
YCL063W	1270
intergenic*YCL063W_YCL061C	1271
YCL061C	1272
intergenic*YCL061C_YCL059C	1273
YCL059C	1274
intergenic*YCL059C_YCL058C	1275
YCL058C	1276
YCL058W-A	1277
intergenic*YCL058C_YCL057C-A	1278
YCL057C-A	1279
intergenic*YCL057C-A_YCL057W	1280
YCL057W	1281
intergenic*YCL057W_YCL056C	1282
YCL056C	1283
intergenic*YCL056C_YCL055W	1284
YCL055W	1285
intergenic*YCL055W_ARS304	1286
ARS304	1287
intergenic*ARS304_YCL054W-A	1288
YCL054W-A	1289
intergenic*YCL054W-A_YCL054W	1290
YCL054W	1291
intergenic*YCL054W_YCL052C	1292
YCL052C	1293
intergenic*YCL052C_YCL051W	1294
YCL051W	1295
intergenic*YCL051W_YCL050C	1296
YCL050C	1297
intergenic*YCL050C_ARS305	1298
ARS305	1299
intergenic*ARS305_YCL049C	1300
YCL049C	1301
intergenic*YCL049C_YCL048W-A	1302
YCL048W-A	1303
intergenic*YCL048W-A_YCL048W	1304
YCL048W	1305
intergenic*YCL048W_YCL047C	1306
YCL047C	1307
intergenic*YCL047C_YCL045C	1308
YCL045C	1309
YCL046W	1310
intergenic*YCL046W_YCL044C	1311
YCL044C	1312
intergenic*YCL044C_YCL043C	1313
YCL043C	1314
YCL041C	1315
YCL042W	1316
YCL040W	1317
intergenic*YCL040W_YCL039W	1318
YCL039W	1319
intergenic*YCL039W_YCL038C	1320
YCL038C	1321
intergenic*YCL038C_YCL037C	1322
YCL037C	1323
intergenic*YCL037C_YCL036W	1324
YCL036W	1325
intergenic*YCL036W_YCL035C	1326
YCL035C	1327
intergenic*YCL035C_YCL034W	1328
YCL034W	1329
intergenic*YCL034W_YCL033C	1330
YCL033C	1331
intergenic*YCL033C_YCL032W	1332
YCL032W	1333
intergenic*YCL032W_YCL031C	1334
YCL031C	1335
intergenic*YCL031C_YCL030C	1336
YCL030C	1337
intergenic*YCL030C_YCL029C	1338
YCL029C	1339
intergenic*YCL029C_YCL028W	1340
YCL028W	1341
intergenic*YCL028W_YCL027W	1342
YCL027W	1343
intergenic*YCL027W_YCL026C-B	1344
YCL026C-B	1345
intergenic*YCL026C-B_ARS306	1346
ARS306	1347
intergenic*ARS306_YCL026C-A	1348
YCL026C-A	1349
intergenic*YCL026C-A_YCL025C	1350
YCL025C	1351
intergenic*YCL025C_YCL023C	1352
YCL023C	1353
YCL024W	1354
YCL022C	1355
intergenic*YCL024W_tE(UUC)C	1356
tE(UUC)C	1357
intergenic*tE(UUC)C_YCLWdelta15	1358
YCLWdelta15	1359
intergenic*YCLWdelta15_YCLCdelta1	1360
YCLCdelta1	1361
intergenic*YCLCdelta1_YCL021W-A	1362
YCL021W-A	1363
intergenic*YCL021W-A_YCLWdelta2a	1364
YCLWdelta2a	1365
YCLWdelta3	1366
intergenic*YCLWdelta3_YCLWdelta2b	1367
YCLWdelta2b	1368
intergenic*YCLWdelta2b_YCLWTy2-1	1369
YCLWdelta4	1370
YCLWTy2-1	1371
YCL020W	1372
YCL019W	1373
YCLWdelta5	1374
intergenic*YCLWTy2-1_tL(CAA)C	1375
tL(CAA)C	1376
intergenic*tL(CAA)C_YCL018W	1377
YCL018W	1378
intergenic*YCL018W_YCL017C	1379
YCL017C	1380
intergenic*YCL017C_YCL016C	1381
YCL016C	1382
intergenic*YCL016C_YCL014W	1383
YCL014W	1384
intergenic*YCL014W_YCL012C	1385
YCL012C	1386
intergenic*YCL012C_YCL011C	1387
YCL011C	1388
intergenic*YCL011C_YCL010C	1389
YCL010C	1390
intergenic*YCL010C_YCL009C	1391
YCL009C	1392
intergenic*YCL009C_YCL008C	1393
YCL008C	1394
intergenic*YCL008C_YCL007C	1395
YCL007C	1396
YCL005W-A	1397
intergenic*YCL005W-A_snR43	1398
snR43	1399
intergenic*snR43_YCL005W	1400
YCL005W	1401
ARS307	1402
intergenic*ARS307_YCL004W	1403
YCL004W	1404
intergenic*YCL004W_YCL002C	1405
YCL002C	1406
intergenic*YCL002C_YCL001W	1407
YCL001W	1408
intergenic*YCL001W_YCL001W-A	1409
YCL001W-A	1410
intergenic*YCL001W-A_YCL001W-B	1411
YCL001W-B	1412
intergenic*YCL001W-B_ARS308	1413
ARS308	1414
CEN3	1415
intergenic*ARS308_YCR001W	1416
YCR001W	1417
intergenic*YCR001W_YCR002C	1418
YCR002C	1419
intergenic*YCR002C_YCR003W	1420
YCR003W	1421
intergenic*YCR003W_YCR004C	1422
YCR004C	1423
intergenic*YCR004C_YCR005C	1424
YCR005C	1425
intergenic*YCR005C_YCR006C	1426
YCR006C	1427
intergenic*YCR006C_tP(AGG)C	1428
tP(AGG)C	1429
intergenic*tP(AGG)C_YCRCdelta6	1430
YCRCdelta6	1431
intergenic*YCRCdelta6_YCR007C	1432
YCR007C	1433
intergenic*YCR007C_tN(GUU)C	1434
tN(GUU)C	1435
intergenic*tN(GUU)C_YCR008W	1436
YCR008W	1437
intergenic*YCR008W_YCR009C	1438
YCR009C	1439
intergenic*YCR009C_ARS309	1440
ARS309	1441
intergenic*ARS309_YCR010C	1442
YCR010C	1443
intergenic*YCR010C_YCR011C	1444
YCR011C	1445
intergenic*YCR011C_YCR012W	1446
YCR012W	1447
YCR013C	1448
intergenic*YCR013C_YCR014C	1449
YCR014C	1450
intergenic*YCR014C_YCR015C	1451
YCR015C	1452
intergenic*YCR015C_snR33	1453
snR33	1454
intergenic*snR33_tG(GCC)C	1455
tG(GCC)C	1456
YCRCdelta7	1457
intergenic*YCRCdelta7_YCR016W	1458
YCR016W	1459
intergenic*YCR016W_YCR017C	1460
YCR017C	1461
intergenic*YCR017C_YCR018C	1462
YCR018C	1463
intergenic*YCR018C_YCRWdelta8	1464
YCRWdelta8	1465
intergenic*YCRWdelta8_tM(CAU)C	1466
tM(CAU)C	1467
intergenic*tM(CAU)C_YCRWdelta9	1468
YCRWdelta9	1469
intergenic*YCRWdelta9_YCRCtau1	1470
YCRCtau1	1471
intergenic*YCRCtau1_tK(CUU)C	1472
tK(CUU)C	1473
intergenic*tK(CUU)C_YCRWdelta10	1474
YCRWdelta10	1475
YCR018C-A	1476
intergenic*YCR018C-A_YCR019W	1477
YCR019W	1478
intergenic*YCR019W_YCR020C	1479
YCR020C	1480
intergenic*YCR020C_YCR020C-A	1481
YCR020C-A	1482
intergenic*YCR020C-A_YCR020W-B	1483
YCR020W-B	1484
intergenic*YCR020W-B_YCR021C	1485
YCR021C	1486
intergenic*YCR021C_YCR022C	1487
YCR022C	1488
intergenic*YCR022C_YCR023C	1489
YCR023C	1490
intergenic*YCR023C_YCR024C	1491
YCR024C	1492
intergenic*YCR024C_YCR024C-B	1493
YCR024C-B	1494
intergenic*YCR024C-B_YCR024C-A	1495
YCR024C-A	1496
intergenic*YCR024C-A_YCR025C	1497
YCR025C	1498
intergenic*YCR025C_YCR026C	1499
YCR026C	1500
intergenic*YCR026C_ARS310	1501
ARS310	1502
intergenic*ARS310_YCR027C	1503
YCR027C	1504
intergenic*YCR027C_tQ(UUG)C	1505
tQ(UUG)C	1506
intergenic*tQ(UUG)C_YCRWdelta11	1507
YCRWdelta11	1508
intergenic*YCRWdelta11_YCR028C	1509
YCR028C	1510
intergenic*YCR028C_YCR028C-A	1511
YCR028C-A	1512
intergenic*YCR028C-A_YCR030C	1513
YCR030C	1514
intergenic*YCR030C_snR65	1515
snR65	1516
intergenic*snR65_YCR031C	1517
YCR031C	1518
intergenic*YCR031C_snR189	1519
snR189	1520
intergenic*snR189_YCR032W	1521
YCR032W	1522
intergenic*YCR032W_YCR033W	1523
YCR033W	1524
intergenic*YCR033W_YCR034W	1525
YCR034W	1526
intergenic*YCR034W_YCR035C	1527
YCR035C	1528
intergenic*YCR035C_YCR036W	1529
YCR036W	1530
intergenic*YCR036W_ARS313	1531
ARS313	1532
intergenic*ARS313_YCR037C	1533
YCR037C	1534
intergenic*YCR037C_ARS314	1535
ARS314	1536
intergenic*ARS314_YCR038C	1537
YCR038C	1538
YCR038W-A	1539
intergenic*YCR038C_MATa	1540
YCR042C	1541
intergenic*YCR042C_YCR043C	1542
YCR043C	1543
intergenic*YCR043C_YCR044C	1544
YCR044C	1545
intergenic*YCR044C_YCR045C	1546
YCR045C	1547
YCR045W-A	1548
intergenic*YCR045C_YCR046C	1549
YCR046C	1550
intergenic*YCR046C_YCR047C	1551
YCR047C	1552
YCR047W-A	1553
intergenic*YCR047C_YCR049C	1554
YCR049C	1555
YCR048W	1556
YCR050C	1557
intergenic*YCR050C_YCR051W	1558
YCR051W	1559
intergenic*YCR051W_YCR052W	1560
YCR052W	1561
intergenic*YCR052W_YCR053W	1562
YCR053W	1563
intergenic*YCR053W_YCR054C	1564
YCR054C	1565
intergenic*YCR054C_YCR057C	1566
YCR057C	1567
intergenic*YCR057C_YCR059C	1568
YCR059C	1569
intergenic*YCR059C_YCR060W	1570
YCR060W	1571
intergenic*YCR060W_ARS315	1572
ARS315	1573
intergenic*ARS315_YCR061W	1574
YCR061W	1575
intergenic*YCR061W_tS(CGA)C	1576
tS(CGA)C	1577
intergenic*tS(CGA)C_YCR064C	1578
YCR064C	1579
YCR063W	1580
intergenic*YCR063W_YCR065W	1581
YCR065W	1582
intergenic*YCR065W_YCR066W	1583
YCR066W	1584
intergenic*YCR066W_YCR067C	1585
YCR067C	1586
intergenic*YCR067C_YCR068W	1587
YCR068W	1588
intergenic*YCR068W_YCR069W	1589
YCR069W	1590
intergenic*YCR069W_YCR071C	1591
YCR071C	1592
intergenic*YCR071C_YCR072C	1593
YCR072C	1594
intergenic*YCR072C_YCR073C	1595
YCR073C	1596
intergenic*YCR073C_YCR073W-A	1597
YCR073W-A	1598
intergenic*YCR073W-A_YCR075C	1599
YCR075C	1600
intergenic*YCR075C_YCR075W-A	1601
YCR075W-A	1602
intergenic*YCR075W-A_YCR076C	1603
YCR076C	1604
intergenic*YCR076C_YCR077C	1605
YCR077C	1606
intergenic*YCR077C_YCR079W	1607
YCR079W	1608
intergenic*YCR079W_YCR081W	1609
YCR081W	1610
YCR081C-A	1611
intergenic*YCR081W_YCR082W	1612
YCR082W	1613
intergenic*YCR082W_YCR083W	1614
YCR083W	1615
intergenic*YCR083W_YCR084C	1616
YCR084C	1617
intergenic*YCR084C_YCR085W	1618
YCR085W	1619
intergenic*YCR085W_YCR086W	1620
YCR086W	1621
intergenic*YCR086W_YCR087W	1622
YCR087W	1623
YCR087C-A	1624
intergenic*YCR087W_YCR088W	1625
YCR088W	1626
intergenic*YCR088W_YCR089W	1627
YCR089W	1628
intergenic*YCR089W_YCR090C	1629
YCR090C	1630
ARS316	1631
intergenic*ARS316_YCR091W	1632
YCR091W	1633
intergenic*YCR091W_YCR092C	1634
YCR092C	1635
intergenic*YCR092C_YCR093W	1636
YCR093W	1637
intergenic*YCR093W_YCR094W	1638
YCR094W	1639
intergenic*YCR094W_YCR095C	1640
YCR095C	1641
intergenic*YCR095C_YCR095W-A	1642
YCR095W-A	1643
intergenic*YCR095W-A_YCRWdelta12	1644
YCRWdelta12	1645
intergenic*YCRWdelta12_YCRWomega3	1646
YCRWomega3	1647
intergenic*YCRWomega3_ARS317	1648
ARS317	1649
intergenic*ARS317_YCR096C	1650
YCR096C	1651
intergenic*YCR096C_YCR097W	1652
YCR097W	1653
intergenic*YCR097W_YCR097W-A	1654
YCR097W-A	1655
intergenic*YCR097W-A_ARS318	1656
ARS318	1657
intergenic*ARS318_YCRWdelta13	1658
YCRWdelta13	1659
intergenic*YCRWdelta13_tT(AGU)C	1660
tT(AGU)C	1661
intergenic*tT(AGU)C_YCRCdelta14	1662
YCRCdelta14	1663
intergenic*YCRCdelta14_YCR098C	1664
YCR098C	1665
intergenic*YCR098C_YCR099C	1666
YCR099C	1667
YCR100C	1668
intergenic*YCR100C_YCR101C	1669
YCR101C	1670
intergenic*YCR101C_YCR102C	1671
YCR102C	1672
intergenic*YCR102C_YCR102W-A	1673
YCR102W-A	1674
intergenic*YCR102W-A_YCR104W	1675
YCR104W	1676
intergenic*YCR104W_YCR105W	1677
YCR105W	1678
intergenic*YCR105W_YCR106W	1679
YCR106W	1680
intergenic*YCR106W_YCR107W	1681
YCR107W	1682
intergenic*YCR107W_TEL03R	1683
TEL03R	1684
ARS319	1685
YCR108C	1686
TEL04L	1687
ARS400	1688
intergenic*ARS400_YDL248W	1689
YDL248W	1690
intergenic*YDL248W_YDL247W-A	1691
YDL247W-A	1692
intergenic*YDL247W-A_YDL247W	1693
YDL247W	1694
intergenic*YDL247W_YDL246C	1695
YDL246C	1696
intergenic*YDL246C_YDL245C	1697
YDL245C	1698
intergenic*YDL245C_ARS403	1699
ARS403	1700
intergenic*ARS403_YDL244W	1701
YDL244W	1702
intergenic*YDL244W_YDL243C	1703
YDL243C	1704
intergenic*YDL243C_YDL242W	1705
YDL242W	1706
intergenic*YDL242W_YDL241W	1707
YDL241W	1708
intergenic*YDL241W_YDL240C-A	1709
YDL240C-A	1710
intergenic*YDL240C-A_YDL240W	1711
YDL240W	1712
intergenic*YDL240W_YDL239C	1713
YDL239C	1714
intergenic*YDL239C_YDL238C	1715
YDL238C	1716
intergenic*YDL238C_YDL237W	1717
YDL237W	1718
intergenic*YDL237W_YDL236W	1719
YDL236W	1720
intergenic*YDL236W_YDL235C	1721
YDL235C	1722
intergenic*YDL235C_YDL234C	1723
YDL234C	1724
intergenic*YDL234C_YDL233W	1725
YDL233W	1726
intergenic*YDL233W_YDL232W	1727
YDL232W	1728
intergenic*YDL232W_YDL231C	1729
YDL231C	1730
intergenic*YDL231C_YDL230W	1731
YDL230W	1732
intergenic*YDL230W_YDL229W	1733
YDL229W	1734
YDL228C	1735
intergenic*YDL228C_ARS404	1736
ARS404	1737
intergenic*ARS404_YDL227C	1738
YDL227C	1739
intergenic*YDL227C_YDL226C	1740
YDL226C	1741
intergenic*YDL226C_YDL225W	1742
YDL225W	1743
intergenic*YDL225W_YDL224C	1744
YDL224C	1745
intergenic*YDL224C_YDL223C	1746
YDL223C	1747
intergenic*YDL223C_YDL222C	1748
YDL222C	1749
intergenic*YDL222C_YDL221W	1750
YDL221W	1751
YDL220C	1752
intergenic*YDL220C_YDL219W	1753
YDL219W	1754
intergenic*YDL219W_YDL218W	1755
YDL218W	1756
intergenic*YDL218W_YDL217C	1757
YDL217C	1758
intergenic*YDL217C_YDL216C	1759
YDL216C	1760
intergenic*YDL216C_YDL215C	1761
YDL215C	1762
intergenic*YDL215C_YDL214C	1763
YDL214C	1764
intergenic*YDL214C_YDL213C	1765
YDL213C	1766
intergenic*YDL213C_YDL212W	1767
YDL212W	1768
intergenic*YDL212W_YDL211C	1769
YDL211C	1770
intergenic*YDL211C_tG(GCC)D1	1771
tG(GCC)D1	1772
intergenic*tG(GCC)D1_YDL210W	1773
YDL210W	1774
ARS405	1775
intergenic*ARS405_YDL209C	1776
YDL209C	1777
intergenic*YDL209C_YDL208W	1778
YDL208W	1779
intergenic*YDL208W_YDL207W	1780
YDL207W	1781
intergenic*YDL207W_YDL206W	1782
YDL206W	1783
intergenic*YDL206W_YDL205C	1784
YDL205C	1785
intergenic*YDL205C_YDL204W	1786
YDL204W	1787
intergenic*YDL204W_YDL203C	1788
YDL203C	1789
intergenic*YDL203C_YDL202W	1790
YDL202W	1791
intergenic*YDL202W_YDL201W	1792
YDL201W	1793
intergenic*YDL201W_YDL200C	1794
YDL200C	1795
intergenic*YDL200C_YDL199C	1796
YDL199C	1797
intergenic*YDL199C_YDL198C	1798
YDL198C	1799
intergenic*YDL198C_YDL197C	1800
YDL197C	1801
intergenic*YDL197C_YDL196W	1802
YDL196W	1803
intergenic*YDL196W_YDL195W	1804
YDL195W	1805
intergenic*YDL195W_YDL194W	1806
YDL194W	1807
intergenic*YDL194W_YDL193W	1808
YDL193W	1809
intergenic*YDL193W_YDL192W	1810
YDL192W	1811
intergenic*YDL192W_YDL191W	1812
YDL191W	1813
intergenic*YDL191W_YDL190C	1814
YDL190C	1815
intergenic*YDL190C_YDL189W	1816
YDL189W	1817
intergenic*YDL189W_ARS406	1818
ARS406	1819
YDL188C	1820
intergenic*YDL188C_YDL187C	1821
YDL187C	1822
YDL186W	1823
intergenic*YDL186W_YDL185C-A	1824
YDL185C-A	1825
YDL185W	1826
intergenic*YDL185W_YDL184C	1827
YDL184C	1828
intergenic*YDL184C_YDL183C	1829
YDL183C	1830
intergenic*YDL183C_YDL182W	1831
YDL182W	1832
intergenic*YDL182W_YDL181W	1833
YDL181W	1834
intergenic*YDL181W_YDL180W	1835
YDL180W	1836
intergenic*YDL180W_YDL179W	1837
YDL179W	1838
intergenic*YDL179W_YDL178W	1839
YDL178W	1840
intergenic*YDL178W_YDL177C	1841
YDL177C	1842
intergenic*YDL177C_YDL176W	1843
YDL176W	1844
intergenic*YDL176W_YDL175C	1845
YDL175C	1846
intergenic*YDL175C_YDL174C	1847
YDL174C	1848
intergenic*YDL174C_YDL173W	1849
YDL173W	1850
YDL172C	1851
intergenic*YDL172C_YDL171C	1852
YDL171C	1853
intergenic*YDL171C_YDL170W	1854
YDL170W	1855
intergenic*YDL170W_YDL169C	1856
YDL169C	1857
intergenic*YDL169C_YDL168W	1858
YDL168W	1859
intergenic*YDL168W_YDL167C	1860
YDL167C	1861
intergenic*YDL167C_YDL166C	1862
YDL166C	1863
intergenic*YDL166C_YDL165W	1864
YDL165W	1865
intergenic*YDL165W_YDL164C	1866
YDL164C	1867
YDL163W	1868
intergenic*YDL163W_YDL162C	1869
YDL162C	1870
YDL161W	1871
intergenic*YDL161W_YDL160C-A	1872
YDL160C-A	1873
intergenic*YDL160C-A_YDL160C	1874
YDL160C	1875
intergenic*YDL160C_YDL159W-A	1876
YDL159W-A	1877
intergenic*YDL159W-A_YDL159W	1878
YDL159W	1879
YDL159C-B	1880
YDL158C	1881
intergenic*YDL158C_YDL157C	1882
YDL157C	1883
intergenic*YDL157C_YDL156W	1884
YDL156W	1885
intergenic*YDL156W_YDL155W	1886
YDL155W	1887
intergenic*YDL155W_YDL154W	1888
YDL154W	1889
intergenic*YDL154W_YDL153C	1890
YDL153C	1891
YDL152W	1892
intergenic*YDL152W_YDL151C	1893
YDL151C	1894
YDL150W	1895
intergenic*YDL150W_YDL149W	1896
YDL149W	1897
intergenic*YDL149W_YDL148C	1898
YDL148C	1899
intergenic*YDL148C_YDL147W	1900
YDL147W	1901
intergenic*YDL147W_YDL146W	1902
YDL146W	1903
intergenic*YDL146W_YDL145C	1904
YDL145C	1905
intergenic*YDL145C_YDL144C	1906
YDL144C	1907
intergenic*YDL144C_YDL143W	1908
YDL143W	1909
intergenic*YDL143W_YDL142C	1910
YDL142C	1911
intergenic*YDL142C_YDL141W	1912
YDL141W	1913
intergenic*YDL141W_YDL140C	1914
YDL140C	1915
intergenic*YDL140C_YDL139C	1916
YDL139C	1917
intergenic*YDL139C_ARS409	1918
ARS409	1919
intergenic*ARS409_YDL138W	1920
YDL138W	1921
intergenic*YDL138W_YDL137W	1922
YDL137W	1923
intergenic*YDL137W_YDL136W	1924
YDL136W	1925
intergenic*YDL136W_YDL135C	1926
YDL135C	1927
intergenic*YDL135C_YDL134C	1928
YDL134C	1929
intergenic*YDL134C_YDL133C-A	1930
YDL133C-A	1931
intergenic*YDL133C-A_YDL133W	1932
YDL133W	1933
intergenic*YDL133W_YDL132W	1934
YDL132W	1935
intergenic*YDL132W_YDL131W	1936
YDL131W	1937
intergenic*YDL131W_YDL130W-A	1938
YDL130W-A	1939
intergenic*YDL130W-A_YDL130W	1940
YDL130W	1941
intergenic*YDL130W_YDL129W	1942
YDL129W	1943
intergenic*YDL129W_YDL128W	1944
YDL128W	1945
intergenic*YDL128W_YDL127W	1946
YDL127W	1947
intergenic*YDL127W_ARS409.5	1948
ARS409.5	1949
YDL126C	1950
intergenic*YDL126C_YDL125C	1951
YDL125C	1952
intergenic*YDL125C_YDL124W	1953
YDL124W	1954
intergenic*YDL124W_YDL123W	1955
YDL123W	1956
intergenic*YDL123W_YDL122W	1957
YDL122W	1958
intergenic*YDL122W_YDL121C	1959
YDL121C	1960
intergenic*YDL121C_YDL120W	1961
YDL120W	1962
intergenic*YDL120W_YDL119C	1963
YDL119C	1964
YDL118W	1965
intergenic*YDL118W_YDL117W	1966
YDL117W	1967
intergenic*YDL117W_YDL116W	1968
YDL116W	1969
intergenic*YDL116W_ARS410	1970
ARS410	1971
YDL115C	1972
YDL114W-A	1973
intergenic*YDL115C_YDL113C	1974
YDL114W	1975
ARS411	1976
YDL113C	1977
intergenic*YDL113C_YDL112W	1978
YDL112W	1979
intergenic*YDL112W_YDL111C	1980
YDL111C	1981
intergenic*YDL111C_YDL110C	1982
YDL110C	1983
intergenic*YDL110C_YDL109C	1984
YDL109C	1985
intergenic*YDL109C_YDL108W	1986
YDL108W	1987
intergenic*YDL108W_YDL107W	1988
YDL107W	1989
intergenic*YDL107W_YDL106C	1990
YDL106C	1991
intergenic*YDL106C_YDL105W	1992
YDL105W	1993
intergenic*YDL105W_YDL104C	1994
YDL104C	1995
intergenic*YDL104C_YDL103C	1996
YDL103C	1997
intergenic*YDL103C_YDL102W	1998
YDL102W	1999
intergenic*YDL102W_YDL101C	2000
YDL101C	2001
intergenic*YDL101C_YDL100C	2002
YDL100C	2003
intergenic*YDL100C_YDL099W	2004
YDL099W	2005
intergenic*YDL099W_YDL098C	2006
YDL098C	2007
intergenic*YDL098C_YDL097C	2008
YDL097C	2009
intergenic*YDL097C_YDL096C	2010
YDL096C	2011
YDL095W	2012
intergenic*YDL095W_YDL094C	2013
YDL094C	2014
YDL093W	2015
intergenic*YDL093W_YDL092W	2016
YDL092W	2017
intergenic*YDL092W_YDL091C	2018
YDL091C	2019
intergenic*YDL091C_YDL090C	2020
YDL090C	2021
intergenic*YDL090C_YDL089W	2022
YDL089W	2023
intergenic*YDL089W_YDL088C	2024
YDL088C	2025
intergenic*YDL088C_YDL087C	2026
YDL087C	2027
intergenic*YDL087C_YDL086W	2028
YDL086W	2029
YDL086C-A	2030
intergenic*YDL086W_YDL085C-A	2031
YDL085C-A	2032
intergenic*YDL085C-A_YDL085W	2033
YDL085W	2034
intergenic*YDL085W_YDL084W	2035
YDL084W	2036
intergenic*YDL084W_YDL083C	2037
YDL083C	2038
intergenic*YDL083C_YDL082W	2039
YDL082W	2040
intergenic*YDL082W_YDL081C	2041
YDL081C	2042
intergenic*YDL081C_YDL080C	2043
YDL080C	2044
intergenic*YDL080C_YDL079C	2045
YDL079C	2046
intergenic*YDL079C_YDL078C	2047
YDL078C	2048
intergenic*YDL078C_ARS412	2049
ARS412	2050
YDL077C	2051
intergenic*YDL077C_YDL076C	2052
YDL076C	2053
intergenic*YDL076C_YDL075W	2054
YDL075W	2055
intergenic*YDL075W_snR63	2056
snR63	2057
intergenic*snR63_YDL074C	2058
YDL074C	2059
intergenic*YDL074C_YDL073W	2060
YDL073W	2061
ARS413	2062
intergenic*ARS413_YDL072C	2063
YDL072C	2064
intergenic*YDL072C_YDL071C	2065
YDL071C	2066
YDL070W	2067
intergenic*YDL070W_YDL069C	2068
YDL069C	2069
YDL068W	2070
intergenic*YDL068W_YDL067C	2071
YDL067C	2072
intergenic*YDL067C_YDL066W	2073
YDL066W	2074
intergenic*YDL066W_YDL065C	2075
YDL065C	2076
intergenic*YDL065C_YDL064W	2077
YDL064W	2078
intergenic*YDL064W_YDL063C	2079
YDL063C	2080
YDL062W	2081
intergenic*YDL062W_YDL061C	2082
YDL061C	2083
intergenic*YDL061C_YDL060W	2084
YDL060W	2085
intergenic*YDL060W_YDL059C	2086
YDL059C	2087
intergenic*YDL059C_YDL058W	2088
YDL058W	2089
intergenic*YDL058W_YDL057W	2090
YDL057W	2091
intergenic*YDL057W_YDL056W	2092
YDL056W	2093
intergenic*YDL056W_YDL055C	2094
YDL055C	2095
intergenic*YDL055C_tK(UUU)D	2096
tK(UUU)D	2097
intergenic*tK(UUU)D_YDL054C	2098
YDL054C	2099
intergenic*YDL054C_YDL053C	2100
YDL053C	2101
intergenic*YDL053C_YDL052C	2102
YDL052C	2103
intergenic*YDL052C_YDL051W	2104
YDL051W	2105
YDL050C	2106
intergenic*YDL050C_YDL049C	2107
YDL049C	2108
intergenic*YDL049C_YDL048C	2109
YDL048C	2110
intergenic*YDL048C_YDL047W	2111
YDL047W	2112
intergenic*YDL047W_YDL046W	2113
YDL046W	2114
intergenic*YDL046W_YDL045W-A	2115
YDL045W-A	2116
intergenic*YDL045W-A_YDL045C	2117
YDL045C	2118
intergenic*YDL045C_YDL044C	2119
YDL044C	2120
intergenic*YDL044C_YDL043C	2121
YDL043C	2122
intergenic*YDL043C_YDL042C	2123
YDL042C	2124
YDL041W	2125
intergenic*YDL041W_YDL040C	2126
YDL040C	2127
intergenic*YDL040C_YDL039C	2128
YDL039C	2129
intergenic*YDL039C_YDL037C	2130
YDL037C	2131
intergenic*YDL037C_YDL036C	2132
YDL036C	2133
intergenic*YDL036C_YDL035C	2134
YDL035C	2135
YDL034W	2136
intergenic*YDL034W_YDL033C	2137
YDL033C	2138
YDL032W	2139
intergenic*YDL032W_YDL031W	2140
YDL031W	2141
intergenic*YDL031W_YDL030W	2142
YDL030W	2143
intergenic*YDL030W_YDL029W	2144
YDL029W	2145
intergenic*YDL029W_YDL028C	2146
YDL028C	2147
intergenic*YDL028C_YDL027C	2148
YDL027C	2149
YDL026W	2150
intergenic*YDL026W_YDL025C	2151
YDL025C	2152
YDL025W-A	2153
intergenic*YDL025C_ARS414	2154
ARS414	2155
intergenic*ARS414_YDL024C	2156
YDL024C	2157
YDL022C-A	2158
intergenic*YDL022C-A_tA(AGC)D	2159
tA(AGC)D	2160
intergenic*tA(AGC)D_YDL023C	2161
YDL023C	2162
YDL022W	2163
intergenic*YDL022W_YDL021W	2164
YDL021W	2165
intergenic*YDL021W_YDL020C	2166
YDL020C	2167
intergenic*YDL020C_YDL019C	2168
YDL019C	2169
intergenic*YDL019C_YDL018C	2170
YDL018C	2171
intergenic*YDL018C_YDL017W	2172
YDL017W	2173
YDL016C	2174
intergenic*YDL016C_YDL015C	2175
YDL015C	2176
intergenic*YDL015C_YDL014W	2177
YDL014W	2178
intergenic*YDL014W_YDL013W	2179
YDL013W	2180
intergenic*YDL013W_YDL012C	2181
YDL012C	2182
intergenic*YDL012C_YDL0011C	2183
YDL011C	2184
YDL010W	2185
YDL009C	2186
intergenic*YDL009C_YDL008W	2187
YDL008W	2188
intergenic*YDL008W_tT(AGU)D	2189
tT(AGU)D	2190
intergenic*tT(AGU)D_YDLCdelta1	2191
YDLCdelta1	2192
intergenic*YDLCdelta1_ARS415	2193
ARS415	2194
intergenic*ARS415_YDL007C-A	2195
YDL007C-A	2196
intergenic*YDL007C-A_YDLWtau1	2197
YDLWtau1	2198
intergenic*YDLWtau1_tS(AGA)D1	2199
tS(AGA)D1	2200
intergenic*tS(AGA)D1_YDL007W	2201
YDL007W	2202
intergenic*YDL007W_YDL006W	2203
YDL006W	2204
intergenic*YDL006W_YDL005C	2205
YDL005C	2206
intergenic*YDL005C_YDL004W	2207
YDL004W	2208
intergenic*YDL004W_YDL003W	2209
YDL003W	2210
intergenic*YDL003W_YDL002C	2211
YDL002C	2212
intergenic*YDL002C_YDL001W	2213
YDL001W	2214
intergenic*YDL001W_CEN4	2215
CEN4	2216
intergenic*CEN4_YDR001C	2217
YDR001C	2218
intergenic*YDR001C_YDR002W	2219
YDR002W	2220
intergenic*YDR002W_YDR003W	2221
YDR003W	2222
intergenic*YDR003W_YDR003W-A	2223
YDR003W-A	2224
intergenic*YDR003W-A_YDR004W	2225
YDR004W	2226
intergenic*YDR004W_YDR005C	2227
YDR005C	2228
intergenic*YDR005C_YDR006C	2229
YDR006C	2230
intergenic*YDR006C_YDR007W	2231
YDR007W	2232
YDR008C	2233
ARS416	2234
intergenic*ARS416_YDR009W	2235
YDR009W	2236
intergenic*YDR009W_YDR010C	2237
YDR010C	2238
intergenic*YDR010C_YDR011W	2239
YDR011W	2240
intergenic*YDR011W_YDR012W	2241
YDR012W	2242
intergenic*YDR012W_YDR013W	2243
YDR013W	2244
intergenic*YDR013W_YDR014W	2245
YDR014W	2246
intergenic*YDR014W_YDR014W-A	2247
YDR014W-A	2248
YDR015C	2249
intergenic*YDR014W-A_YDR016C	2250
YDR016C	2251
intergenic*YDR016C_YDR017C	2252
YDR017C	2253
intergenic*YDR017C_YDR018C	2254
YDR018C	2255
intergenic*YDR018C_ARS417	2256
ARS417	2257
intergenic*ARS417_YDR019C	2258
YDR019C	2259
intergenic*YDR019C_YDR020C	2260
YDR020C	2261
intergenic*YDR020C_YDR021W	2262
YDR021W	2263
intergenic*YDR021W_YDR022C	2264
YDR022C	2265
intergenic*YDR022C_tV(UAC)D	2266
tV(UAC)D	2267
intergenic*tV(UAC)D_YDR023W	2268
YDR023W	2269
intergenic*YDR023W_YDR024W	2270
YDR024W	2271
intergenic*YDR024W_YDR025W	2272
YDR025W	2273
intergenic*YDR025W_YDR026C	2274
YDR026C	2275
intergenic*YDR026C_YDR027C	2276
YDR027C	2277
intergenic*YDR027C_YDR028C	2278
YDR028C	2279
intergenic*YDR028C_YDR029W	2280
YDR029W	2281
intergenic*YDR029W_YDR030C	2282
YDR030C	2283
intergenic*YDR030C_YDR031W	2284
YDR031W	2285
intergenic*YDR031W_YDR032C	2286
YDR032C	2287
intergenic*YDR032C_ARS450	2288
ARS450	2289
intergenic*ARS450_YDR033W	2290
YDR033W	2291
intergenic*YDR033W_YDR034C	2292
YDR034C	2293
intergenic*YDR034C_YDRCdelta2	2294
YDRCdelta2	2295
YDRCdelta3	2296
intergenic*YDRCdelta3_YDRCTy2-1	2297
YDRCdelta4	2298
YDRCTy2-1	2299
YDR034C-D	2300
YDR034C-C	2301
YDRCdelta5	2302
intergenic*YDRCTy2-1_tL(UAA)D	2303
tL(UAA)D	2304
intergenic*tL(UAA)D_YDRCdelta6a	2305
YDRCdelta6a	2306
intergenic*YDRCdelta6a_YDRWdelta7	2307
YDRWdelta7	2308
YDR034C-A	2309
YDRCdelta6b	2310
intergenic*YDRCdelta6b_tQ(UUG)D1	2311
tQ(UUG)D1	2312
intergenic*tQ(UUG)D1_YDR034W-B	2313
YDR034W-B	2314
intergenic*YDR034W-B_YDR035W	2315
YDR035W	2316
intergenic*YDR035W_YDR036C	2317
YDR036C	2318
intergenic*YDR036C_YDR037W	2319
YDR037W	2320
intergenic*YDR037W_YDR038C	2321
YDR038C	2322
intergenic*YDR038C_YDR039C	2323
YDR039C	2324
intergenic*YDR039C_YDR040C	2325
YDR040C	2326
intergenic*YDR040C_YDR041W	2327
YDR041W	2328
intergenic*YDR041W_YDR042C	2329
YDR042C	2330
intergenic*YDR042C_snR47	2331
snR47	2332
intergenic*snR47_YDR043C	2333
YDR043C	2334
intergenic*YDR043C_YDR044W	2335
YDR044W	2336
intergenic*YDR044W_YDR045C	2337
YDR045C	2338
intergenic*YDR045C_YDR046C	2339
YDR046C	2340
intergenic*YDR046C_YDR047W	2341
YDR047W	2342
intergenic*YDR047W_YDR048C	2343
YDR048C	2344
YDR049W	2345
intergenic*YDR049W_ARS418	2346
ARS418	2347
intergenic*ARS418_YDR050C	2348
YDR050C	2349
intergenic*YDR050C_YDR051C	2350
YDR051C	2351
intergenic*YDR051C_YDR052C	2352
YDR052C	2353
YDR053W	2354
intergenic*YDR053W_YDR054C	2355
YDR054C	2356
intergenic*YDR054C_YDR055W	2357
YDR055W	2358
intergenic*YDR055W_YDR056C	2359
YDR056C	2360
intergenic*YDR056C_YDR057W	2361
YDR057W	2362
intergenic*YDR057W_ARS419	2363
ARS419	2364
intergenic*ARS419_YDR058C	2365
YDR058C	2366
intergenic*YDR058C_tR(UCU)D	2367
tR(UCU)D	2368
intergenic*tR(UCU)D_tD(GUC)D	2369
tD(GUC)D	2370
intergenic*tD(GUC)D_YDR059C	2371
YDR059C	2372
intergenic*YDR059C_YDR060W	2373
YDR060W	2374
intergenic*YDR060W_YDR061W	2375
YDR061W	2376
intergenic*YDR061W_YDR062W	2377
YDR062W	2378
intergenic*YDR062W_YDR063W	2379
YDR063W	2380
intergenic*YDR063W_YDR064W	2381
YDR064W	2382
intergenic*YDR064W_YDR065W	2383
YDR065W	2384
intergenic*YDR065W_YDR066C	2385
YDR066C	2386
intergenic*YDR066C_YDR067C	2387
YDR067C	2388
intergenic*YDR067C_YDR068W	2389
YDR068W	2390
intergenic*YDR068W_YDR069C	2391
YDR069C	2392
intergenic*YDR069C_YDR070C	2393
YDR070C	2394
intergenic*YDR070C_YDR071C	2395
YDR071C	2396
intergenic*YDR071C_YDR072C	2397
YDR072C	2398
intergenic*YDR072C_YDR073W	2399
YDR073W	2400
intergenic*YDR073W_YDR074W	2401
YDR074W	2402
intergenic*YDR074W_YDR075W	2403
YDR075W	2404
intergenic*YDR075W_YDR076W	2405
YDR076W	2406
intergenic*YDR076W_YDR077W	2407
YDR077W	2408
intergenic*YDR077W_YDR078C	2409
YDR078C	2410
intergenic*YDR078C_YDR079W	2411
YDR079W	2412
intergenic*YDR079W_YDR079C-A	2413
YDR079C-A	2414
intergenic*YDR079C-A_YDR080W	2415
YDR080W	2416
intergenic*YDR080W_YDR081C	2417
YDR081C	2418
intergenic*YDR081C_YDR082W	2419
YDR082W	2420
intergenic*YDR082W_YDR083W	2421
YDR083W	2422
intergenic*YDR083W_YDR084C	2423
YDR084C	2424
intergenic*YDR084C_YDR085C	2425
YDR085C	2426
intergenic*YDR085C_YDR086C	2427
YDR086C	2428
intergenic*YDR086C_YDR087C	2429
YDR087C	2430
intergenic*YDR087C_YDR088C	2431
YDR088C	2432
intergenic*YDR088C_tR(ACG)D	2433
tR(ACG)D	2434
intergenic*tR(ACG)D_YDR089W	2435
YDR089W	2436
intergenic*YDR089W_YDR090C	2437
YDR090C	2438
intergenic*YDR090C_YDR091C	2439
YDR091C	2440
intergenic*YDR091C_ARS420	2441
ARS420	2442
intergenic*ARS420_YDR092W	2443
YDR092W	2444
intergenic*YDR092W_YDR093W	2445
YDR093W	2446
YDR094W	2447
YDR095C	2448
intergenic*YDR095C_YDR096W	2449
YDR096W	2450
intergenic*YDR096W_ARS421	2451
ARS421	2452
intergenic*ARS421_YDR097C	2453
YDR097C	2454
intergenic*YDR097C_YDR098C	2455
YDR098C	2456
intergenic*YDR098C_tQ(UUG)D2	2457
tQ(UUG)D2	2458
intergenic*tQ(UUG)D2_YDRCTy1-1	2459
YDRCdelta7	2460
YDRCTy1-1	2461
YDR098C-B	2462
YDR098C-A	2463
YDRCdelta8	2464
YDRCsigma1	2465
intergenic*YDRCsigma1_YDRCdelta9	2466
YDRCdelta9	2467
intergenic*YDRCdelta9_YDR099W	2468
YDR099W	2469
intergenic*YDR099W_YDR100W	2470
YDR100W	2471
intergenic*YDR100W_YDR101C	2472
YDR101C	2473
intergenic*YDR101C_YDR102C	2474
YDR102C	2475
intergenic*YDR102C_YDR103W	2476
YDR103W	2477
intergenic*YDR103W_YDR104C	2478
YDR104C	2479
intergenic*YDR104C_YDR105C	2480
YDR105C	2481
intergenic*YDR105C_YDR106W	2482
YDR106W	2483
intergenic*YDR106W_tI(AAU)D	2484
tI(AAU)D	2485
intergenic*tI(AAU)D_YDRWsigma2	2486
YDRWsigma2	2487
intergenic*YDRWsigma2_YDRWdelta10	2488
YDRWdelta10	2489
intergenic*YDRWdelta10_YDR107C	2490
YDR107C	2491
intergenic*YDR107C_YDR108W	2492
YDR108W	2493
intergenic*YDR108W_YDR109C	2494
YDR109C	2495
intergenic*YDR109C_YDR110W	2496
YDR110W	2497
intergenic*YDR110W_YDR111C	2498
YDR111C	2499
YDR112W	2500
intergenic*YDR112W_YDR113C	2501
YDR113C	2502
intergenic*YDR113C_YDR114C	2503
YDR114C	2504
YDR115W	2505
intergenic*YDR115W_YDR116C	2506
YDR116C	2507
intergenic*YDR116C_YDR117C	2508
YDR117C	2509
intergenic*YDR117C_YDR118W	2510
YDR118W	2511
YDR118W-A	2512
intergenic*YDR118W-A_YDR119W	2513
YDR119W	2514
intergenic*YDR119W_YDR119W-A	2515
YDR119W-A	2516
intergenic*YDR119W-A_YDR120C	2517
YDR120C	2518
intergenic*YDR120C_YDR121W	2519
YDR121W	2520
intergenic*YDR121W_YDR122W	2521
YDR122W	2522
intergenic*YDR122W_YDR123C	2523
YDR123C	2524
intergenic*YDR123C_YDR124W	2525
YDR124W	2526
intergenic*YDR124W_YDR125C	2527
YDR125C	2528
intergenic*YDR125C_ARS422	2529
ARS422	2530
intergenic*ARS422_YDR126W	2531
YDR126W	2532
intergenic*YDR126W_YDR127W	2533
YDR127W	2534
intergenic*YDR127W_YDR128W	2535
YDR128W	2536
intergenic*YDR128W_YDR129C	2537
YDR129C	2538
intergenic*YDR129C_YDR130C	2539
YDR130C	2540
intergenic*YDR130C_YDR131C	2541
YDR131C	2542
intergenic*YDR131C_YDR132C	2543
YDR132C	2544
intergenic*YDR132C_YDR133C	2545
YDR133C	2546
intergenic*YDR133C_YDR135C	2547
YDR135C	2548
intergenic*YDR135C_YDR136C	2549
YDR136C	2550
YDR137W	2551
intergenic*YDR137W_YDR138W	2552
YDR138W	2553
intergenic*YDR138W_YDR139C	2554
YDR139C	2555
intergenic*YDR139C_YDR140W	2556
YDR140W	2557
intergenic*YDR140W_YDR141C	2558
YDR141C	2559
intergenic*YDR141C_YDR142C	2560
YDR142C	2561
intergenic*YDR142C_YDR143C	2562
YDR143C	2563
intergenic*YDR143C_YDR144C	2564
YDR144C	2565
intergenic*YDR144C_YDR145W	2566
YDR145W	2567
intergenic*YDR145W_ARS451	2568
ARS451	2569
YDR146C	2570
intergenic*YDR146C_YDR147W	2571
YDR147W	2572
intergenic*YDR147W_ARS423	2573
ARS423	2574
intergenic*ARS423_YDR148C	2575
YDR148C	2576
intergenic*YDR148C_YDR149C	2577
YDR149C	2578
YDR150W	2579
intergenic*YDR150W_YDR151C	2580
YDR151C	2581
intergenic*YDR151C_YDR152W	2582
YDR152W	2583
intergenic*YDR152W_YDR153C	2584
YDR153C	2585
intergenic*YDR153C_YDR154C	2586
YDR154C	2587
YDR155C	2588
intergenic*YDR155C_YDR156W	2589
YDR156W	2590
YDR157W	2591
intergenic*YDR157W_YDR158W	2592
YDR158W	2593
intergenic*YDR158W_YDR159W	2594
YDR159W	2595
intergenic*YDR159W_YDR160W	2596
YDR160W	2597
intergenic*YDR160W_YDR161W	2598
YDR161W	2599
intergenic*YDR161W_YDR162C	2600
YDR162C	2601
intergenic*YDR162C_YDR163W	2602
YDR163W	2603
intergenic*YDR163W_YDR164C	2604
YDR164C	2605
intergenic*YDR164C_YDR165W	2606
YDR165W	2607
intergenic*YDR165W_YDR166C	2608
YDR166C	2609
intergenic*YDR166C_YDR167W	2610
YDR167W	2611
intergenic*YDR167W_YDR168W	2612
YDR168W	2613
intergenic*YDR168W_YDR169C	2614
YDR169C	2615
intergenic*YDR169C_YDR169C-A	2616
YDR169C-A	2617
intergenic*YDR169C-A_YDR170C	2618
YDR170C	2619
intergenic*YDR170C_tQ(UUG)D3	2620
tQ(UUG)D3	2621
intergenic*tQ(UUG)D3_YDRWdelta11	2622
YDRWdelta11	2623
YDR170W-A	2624
intergenic*YDR170W-A_ARS425	2625
ARS425	2626
intergenic*ARS425_YDR171W	2627
YDR171W	2628
intergenic*YDR171W_YDR172W	2629
YDR172W	2630
intergenic*YDR172W_YDR173C	2631
YDR173C	2632
intergenic*YDR173C_YDR174W	2633
YDR174W	2634
intergenic*YDR174W_YDR175C	2635
YDR175C	2636
intergenic*YDR175C_YDR176W	2637
YDR176W	2638
intergenic*YDR176W_YDR177W	2639
YDR177W	2640
intergenic*YDR177W_YDR178W	2641
YDR178W	2642
intergenic*YDR178W_YDR179C	2643
YDR179C	2644
intergenic*YDR179C_YDR179W-A	2645
YDR179W-A	2646
intergenic*YDR179W-A_YDR180W	2647
YDR180W	2648
intergenic*YDR180W_YDR181C	2649
YDR181C	2650
intergenic*YDR181C_YDR182W	2651
YDR182W	2652
intergenic*YDR182W_YDR182W-A	2653
YDR182W-A	2654
intergenic*YDR182W-A_YDR183W	2655
YDR183W	2656
intergenic*YDR183W_YDR183C-A	2657
YDR183C-A	2658
YDR184C	2659
intergenic*YDR184C_YDR185C	2660
YDR185C	2661
intergenic*YDR185C_YDR186C	2662
YDR186C	2663
intergenic*YDR186C_YDR187C	2664
YDR187C	2665
YDR188W	2666
intergenic*YDR188W_YDR189W	2667
YDR189W	2668
intergenic*YDR189W_YDR190C	2669
YDR190C	2670
intergenic*YDR190C_YDR191W	2671
YDR191W	2672
intergenic*YDR191W_YDR192C	2673
YDR192C	2674
YDR193W	2675
intergenic*YDR193W_YDR194C	2676
YDR194C	2677
intergenic*YDR194C_YDR194W-A	2678
YDR194W-A	2679
intergenic*YDR194W-A_YDR195W	2680
YDR195W	2681
intergenic*YDR195W_YDR196C	2682
YDR196C	2683
intergenic*YDR196C_YDR197W	2684
YDR197W	2685
intergenic*YDR197W_YDR198C	2686
YDR198C	2687
intergenic*YDR198C_YDR199W	2688
YDR199W	2689
YDR200C	2690
intergenic*YDR200C_YDR201W	2691
YDR201W	2692
intergenic*YDR201W_YDR202C	2693
YDR202C	2694
YDR203W	2695
intergenic*YDR203W_YDR204W	2696
YDR204W	2697
intergenic*YDR204W_YDR205W	2698
YDR205W	2699
intergenic*YDR205W_YDR206W	2700
YDR206W	2701
intergenic*YDR206W_YDR207C	2702
YDR207C	2703
intergenic*YDR207C_YDR208W	2704
YDR208W	2705
intergenic*YDR208W_YDR209C	2706
YDR209C	2707
YDR210W	2708
intergenic*YDR209C_YDRTy2-2	2709
YDRWdelta13	2710
YDRWTy2-2	2711
YDR210W-A	2712
YDR210W-B	2713
YDRWdelta14	2714
intergenic*YDRTy2-2_YDRCTy1-2	2715
YDRCTy1-2	2716
YDR210C-D	2717
YDR210C-C	2718
tI(UAU)D	2719
intergenic*tI(UAU)D_YDR211W	2720
YDR211W	2721
intergenic*YDR211W_YDR212W	2722
YDR212W	2723
intergenic*YDR212W_YDR213W	2724
YDR213W	2725
intergenic*YDR213W_YDR214W	2726
YDR214W	2727
intergenic*YDR214W_YDR215C	2728
YDR215C	2729
intergenic*YDR215C_YDR216W	2730
YDR216W	2731
intergenic*YDR216W_ARS427	2732
ARS427	2733
YDR217C	2734
intergenic*YDR217C_YDR218C	2735
YDR218C	2736
intergenic*YDR218C_YDR219C	2737
YDR219C	2738
intergenic*YDR219C_YDR220C	2739
YDR220C	2740
intergenic*YDR220C_YDR221W	2741
YDR221W	2742
intergenic*YDR221W_YDR222W	2743
YDR222W	2744
intergenic*YDR222W_YDR223W	2745
YDR223W	2746
intergenic*YDR223W_ARS428	2747
ARS428	2748
intergenic*ARS428_YDR224C	2749
YDR224C	2750
intergenic*YDR224C_YDR225W	2751
YDR225W	2752
intergenic*YDR225W_YDR226W	2753
YDR226W	2754
intergenic*YDR226W_YDR227W	2755
YDR227W	2756
intergenic*YDR227W_ARS429	2757
ARS429	2758
YDR228C	2759
intergenic*YDR228C_YDR229W	2760
YDR229W	2761
intergenic*YDR229W_YDR230W	2762
YDR230W	2763
YDR231C	2764
intergenic*YDR231C_YDR232W	2765
YDR232W	2766
intergenic*YDR232W_YDR233C	2767
YDR233C	2768
intergenic*YDR233C_YDR234W	2769
YDR234W	2770
intergenic*YDR234W_YDR235W	2771
YDR235W	2772
intergenic*YDR235W_YDR236C	2773
YDR236C	2774
intergenic*YDR236C_YDR237W	2775
YDR237W	2776
intergenic*YDR237W_YDR238C	2777
YDR238C	2778
intergenic*YDR238C_YDR239C	2779
YDR239C	2780
intergenic*YDR239C_YDR240C	2781
YDR240C	2782
YDR241W	2783
YDRWdelta12	2784
intergenic*YDRWdelta12_YDRCsigma3	2785
YDRCsigma3	2786
intergenic*YDRCsigma3_tY(GUA)D	2787
tY(GUA)D	2788
intergenic*tY(GUA)D_YDR242W	2789
YDR242W	2790
intergenic*YDR242W_YDR243C	2791
YDR243C	2792
intergenic*YDR243C_YDR244W	2793
YDR244W	2794
intergenic*YDR244W_YDR245W	2795
YDR245W	2796
intergenic*YDR245W_YDR246W	2797
YDR246W	2798
intergenic*YDR246W_YDR246W-A	2799
YDR246W-A	2800
intergenic*YDR246W-A_YDR247W	2801
YDR247W	2802
intergenic*YDR247W_YDR248C	2803
YDR248C	2804
intergenic*YDR248C_YDR249C	2805
YDR249C	2806
intergenic*YDR249C_YDR250C	2807
YDR250C	2808
intergenic*YDR250C_YDR251W	2809
YDR251W	2810
intergenic*YDR251W_YDR252W	2811
YDR252W	2812
intergenic*YDR252W_YDR253C	2813
YDR253C	2814
intergenic*YDR253C_YDR254W	2815
YDR254W	2816
intergenic*YDR254W_YDR255C	2817
YDR255C	2818
intergenic*YDR255C_YDR256C	2819
YDR256C	2820
intergenic*YDR256C_YDR257C	2821
YDR257C	2822
intergenic*YDR257C_YDR258C	2823
YDR258C	2824
intergenic*YDR258C_YDR259C	2825
YDR259C	2826
intergenic*YDR259C_YDR260C	2827
YDR260C	2828
intergenic*YDR260C_YDR261C	2829
YDR261C	2830
intergenic*YDR261C_tS(AGA)D2	2831
tS(AGA)D2	2832
intergenic*tS(AGA)D2_YDRWTy2-3	2833
YDRWdelta19	2834
YDRWTy2-3	2835
YDR261W-A	2836
YDR261W-B	2837
YDRWdelta20	2838
intergenic*YDRWTy2-3_YDRCTy1-3	2839
YDRCdelta21	2840
YDRCTy1-3	2841
YDR261C-D	2842
YDR261C-C	2843
YDRCdelta22	2844
intergenic*YDRCTy1-3_YDRCsigma4	2845
YDRCsigma4	2846
intergenic*YDRCsigma4_tG(GCC)D2	2847
tG(GCC)D2	2848
intergenic*tG(GCC)D2_YDR262W	2849
YDR262W	2850
intergenic*YDR262W_YDR263C	2851
YDR263C	2852
intergenic*YDR263C_YDR264C	2853
YDR264C	2854
intergenic*YDR264C_YDR265W	2855
YDR265W	2856
intergenic*YDR265W_YDR266C	2857
YDR266C	2858
intergenic*YDR266C_YDR267C	2859
YDR267C	2860
intergenic*YDR267C_YDR268W	2861
YDR268W	2862
intergenic*YDR268W_YDR269C	2863
YDR269C	2864
YDR270W	2865
YDR271C	2866
intergenic*YDR271C_YDR272W	2867
YDR272W	2868
intergenic*YDR272W_YDR273W	2869
YDR273W	2870
intergenic*YDR273W_YDR274C	2871
YDR274C	2872
intergenic*YDR274C_YDR275W	2873
YDR275W	2874
intergenic*YDR275W_YDR276C	2875
YDR276C	2876
intergenic*YDR276C_YDR277C	2877
YDR277C	2878
intergenic*YDR277C_ARS430	2879
ARS430	2880
intergenic*ARS430_YDR278C	2881
YDR278C	2882
tE(CUC)D	2883
intergenic*YDR278C_YDR279W	2884
YDR279W	2885
intergenic*YDR279W_YDR280W	2886
YDR280W	2887
intergenic*YDR280W_YDR281C	2888
YDR281C	2889
intergenic*YDR281C_YDRWsigma5	2890
YDRWsigma5	2891
intergenic*YDRWsigma5_YDR282C	2892
YDR282C	2893
intergenic*YDR282C_YDR283C	2894
YDR283C	2895
intergenic*YDR283C_YDR284C	2896
YDR284C	2897
intergenic*YDR284C_YDR285W	2898
YDR285W	2899
intergenic*YDR285W_YDR286C	2900
YDR286C	2901
intergenic*YDR286C_YDR287W	2902
YDR287W	2903
intergenic*YDR287W_YDR288W	2904
YDR288W	2905
intergenic*YDR288W_YDR289C	2906
YDR289C	2907
YDR290W	2908
intergenic*YDR290W_YDR291W	2909
YDR291W	2910
intergenic*YDR291W_YDR292C	2911
YDR292C	2912
intergenic*YDR292C_YDR293C	2913
YDR293C	2914
intergenic*YDR293C_YDR294C	2915
YDR294C	2916
intergenic*YDR294C_YDR295C	2917
YDR295C	2918
intergenic*YDR295C_YDR296W	2919
YDR296W	2920
intergenic*YDR296W_YDR297W	2921
YDR297W	2922
intergenic*YDR297W_ARS431	2923
ARS431	2924
intergenic*ARS431_YDR298C	2925
YDR298C	2926
intergenic*YDR298C_YDR299W	2927
YDR299W	2928
intergenic*YDR299W_YDR300C	2929
YDR300C	2930
intergenic*YDR300C_YDR301W	2931
YDR301W	2932
intergenic*YDR301W_YDR302W	2933
YDR302W	2934
intergenic*YDR302W_YDR303C	2935
YDR303C	2936
intergenic*YDR303C_YDR304C	2937
YDR304C	2938
intergenic*YDR304C_YDR305C	2939
YDR305C	2940
intergenic*YDR305C_YDR306C	2941
YDR306C	2942
intergenic*YDR306C_tV(CAC)D	2943
tV(CAC)D	2944
intergenic*tV(CAC)D_YDR307W	2945
YDR307W	2946
intergenic*YDR307W_YDR308C	2947
YDR308C	2948
intergenic*YDR308C_YDR309C	2949
YDR309C	2950
intergenic*YDR309C_YDR310C	2951
YDR310C	2952
intergenic*YDR310C_YDR311W	2953
YDR311W	2954
intergenic*YDR311W_YDR312W	2955
YDR312W	2956
intergenic*YDR312W_YDR313C	2957
YDR313C	2958
intergenic*YDR313C_YDR314C	2959
YDR314C	2960
intergenic*YDR314C_YDR315C	2961
YDR315C	2962
intergenic*YDR315C_YDR316W	2963
YDR316W	2964
intergenic*YDR316W_tF(GAA)D	2965
tF(GAA)D	2966
intergenic*tF(GAA)D_YDRWTy1-4	2967
YDRWdelta23	2968
YDRWTy1-4	2969
YDR316W-A	2970
YDR316W-B	2971
YDRWdelta24	2972
intergenic*YDRWTy1-4_YDR317W	2973
YDR317W	2974
intergenic*YDR317W_YDR318W	2975
YDR318W	2976
intergenic*YDR318W_YDR319C	2977
YDR319C	2978
intergenic*YDR319C_YDR320C	2979
YDR320C	2980
intergenic*YDR320C_YDR320C-A	2981
YDR320C-A	2982
YDR320W-B	2983
intergenic*YDR320W-B_YDR321W	2984
YDR321W	2985
intergenic*YDR321W_ARS452	2986
ARS452	2987
intergenic*ARS452_YDR322W	2988
YDR322W	2989
intergenic*YDR322W_YDR322C-A	2990
YDR322C-A	2991
intergenic*YDR322C-A_YDR323C	2992
YDR323C	2993
intergenic*YDR323C_YDR324C	2994
YDR324C	2995
intergenic*YDR324C_YDR325W	2996
YDR325W	2997
intergenic*YDR325W_YDR326C	2998
YDR326C	2999
intergenic*YDR326C_YDR327W	3000
YDR327W	3001
YDR328C	3002
intergenic*YDR328C_YDR329C	3003
YDR329C	3004
intergenic*YDR329C_YDR330W	3005
YDR330W	3006
intergenic*YDR330W_YDR331W	3007
YDR331W	3008
intergenic*YDR331W_YDR332W	3009
YDR332W	3010
intergenic*YDR332W_YDR333C	3011
YDR333C	3012
intergenic*YDR333C_YDR334W	3013
YDR334W	3014
intergenic*YDR334W_YDR335W	3015
YDR335W	3016
intergenic*YDR335W_YDR336W	3017
YDR336W	3018
intergenic*YDR336W_YDR337W	3019
YDR337W	3020
intergenic*YDR337W_YDR338C	3021
YDR338C	3022
intergenic*YDR338C_YDR339C	3023
YDR339C	3024
intergenic*YDR339C_tX(XXX)D	3025
tX(XXX)D	3026
YDR340W	3027
YDRWdelta25	3028
intergenic*YDRWdelta25_YDR341C	3029
YDR341C	3030
intergenic*YDR341C_YDR342C	3031
YDR342C	3032
intergenic*YDR342C_ARS432	3033
ARS432	3034
intergenic*ARS432_YDR343C	3035
YDR343C	3036
intergenic*YDR343C_YDR344C	3037
YDR344C	3038
intergenic*YDR344C_YDR345C	3039
YDR345C	3040
intergenic*YDR345C_ARS453	3041
ARS453	3042
intergenic*ARS453_YDR346C	3043
YDR346C	3044
intergenic*YDR346C_YDR347W	3045
YDR347W	3046
intergenic*YDR347W_YDR348C	3047
YDR348C	3048
intergenic*YDR348C_YDR349C	3049
YDR349C	3050
intergenic*YDR349C_YDRCsigma6	3051
YDRCsigma6	3052
YDRWdelta26	3053
intergenic*YDRCsigma6_tM(CAU)D	3054
tM(CAU)D	3055
intergenic*tM(CAU)D_YDR350C	3056
YDR350C	3057
intergenic*YDR350C_YDR351W	3058
YDR351W	3059
intergenic*YDR351W_YDR352W	3060
YDR352W	3061
intergenic*YDR352W_YDR353W	3062
YDR353W	3063
intergenic*YDR353W_YDR354W	3064
YDR354W	3065
YDR354C-A	3066
intergenic*YDR354W_YDR355C	3067
YDR355C	3068
YDR356W	3069
intergenic*YDR356W_YDR357C	3070
YDR357C	3071
intergenic*YDR357C_YDR358W	3072
YDR358W	3073
intergenic*YDR358W_YDR359C	3074
YDR359C	3075
YDR360W	3076
intergenic*YDR360W_YDR361C	3077
YDR361C	3078
intergenic*YDR361C_YDR362C	3079
YDR362C	3080
intergenic*YDR362C_YDR363W	3081
YDR363W	3082
intergenic*YDR363W_tK(CUU)D1	3083
tK(CUU)D1	3084
intergenic*tK(CUU)D1_YDR363W-A	3085
YDR363W-A	3086
intergenic*YDR363W-A_YDR364C	3087
YDR364C	3088
intergenic*YDR364C_YDR365C	3089
YDR365C	3090
intergenic*YDR365C_YDRWTy1-5	3091
YDRWdelta27	3092
YDRWTy1-5	3093
YDR365W-A	3094
YDR365W-B	3095
YDRWdelta28	3096
YDR366C	3097
intergenic*YDR366C_YDR367W	3098
YDR367W	3099
intergenic*YDR367W_YDR368W	3100
YDR368W	3101
intergenic*YDR368W_YDR369C	3102
YDR369C	3103
intergenic*YDR369C_YDR370C	3104
YDR370C	3105
intergenic*YDR370C_YDR371W	3106
YDR371W	3107
YDR371C-A	3108
intergenic*YDR371W_YDR372C	3109
YDR372C	3110
intergenic*YDR372C_YDR373W	3111
YDR373W	3112
intergenic*YDR373W_YDR374C	3113
YDR374C	3114
intergenic*YDR374C_YDR374W-A	3115
YDR374W-A	3116
intergenic*YDR374W-A_YDR375C	3117
YDR375C	3118
intergenic*YDR375C_YDR376W	3119
YDR376W	3120
intergenic*YDR376W_YDR377W	3121
YDR377W	3122
intergenic*YDR377W_YDR378C	3123
YDR378C	3124
intergenic*YDR378C_YDR379W	3125
YDR379W	3126
intergenic*YDR379W_YDR379C-A	3127
YDR379C-A	3128
intergenic*YDR379C-A_YDR380W	3129
YDR380W	3130
intergenic*YDR380W_YDR381W	3131
YDR381W	3132
intergenic*YDR381W_YDR381C-A	3133
YDR381C-A	3134
intergenic*YDR381C-A_YDR382W	3135
YDR382W	3136
intergenic*YDR382W_YDR383C	3137
YDR383C	3138
intergenic*YDR383C_ARS433	3139
ARS433	3140
intergenic*ARS433_YDR384C	3141
YDR384C	3142
intergenic*YDR384C_YDR385W	3143
YDR385W	3144
intergenic*YDR385W_YDR386W	3145
YDR386W	3146
intergenic*YDR386W_YDR387C	3147
YDR387C	3148
intergenic*YDR387C_YDR388W	3149
YDR388W	3150
intergenic*YDR388W_YDR389W	3151
YDR389W	3152
intergenic*YDR389W_YDR390C	3153
YDR390C	3154
intergenic*YDR390C_tG(CCC)D	3155
tG(CCC)D	3156
intergenic*tG(CCC)D_YDR391C	3157
YDR391C	3158
intergenic*YDR391C_YDR392W	3159
YDR392W	3160
intergenic*YDR392W_YDR393W	3161
YDR393W	3162
intergenic*YDR393W_YDR394W	3163
YDR394W	3164
intergenic*YDR394W_YDR395W	3165
YDR395W	3166
intergenic*YDR395W_YDR396W	3167
YDR396W	3168
YDR397C	3169
intergenic*YDR397C_YDR398W	3170
YDR398W	3171
intergenic*YDR398W_YDR399W	3172
YDR399W	3173
intergenic*YDR399W_YDR400W	3174
YDR400W	3175
intergenic*YDR400W_YDR401W	3176
YDR401W	3177
YDR402C	3178
intergenic*YDR402C_YDR403W	3179
YDR403W	3180
intergenic*YDR403W_ARS434	3181
ARS434	3182
intergenic*ARS434_YDR404C	3183
YDR404C	3184
intergenic*YDR404C_YDR405W	3185
YDR405W	3186
intergenic*YDR405W_YDR406W-A	3187
YDR406W	3188
YDR406W-A	3189
intergenic*YDR406W-A_YDR407C	3190
YDR407C	3191
intergenic*YDR407C_YDR408C	3192
YDR408C	3193
intergenic*YDR408C_YDR409W	3194
YDR409W	3195
intergenic*YDR409W_YDR410C	3196
YDR410C	3197
intergenic*YDR410C_YDR411C	3198
YDR411C	3199
intergenic*YDR411C_YDR412W	3200
YDR412W	3201
YDR413C	3202
intergenic*YDR413C_YDR414C	3203
YDR414C	3204
intergenic*YDR414C_YDR415C	3205
YDR415C	3206
intergenic*YDR415C_YDR416W	3207
YDR416W	3208
intergenic*YDR416W_YDR417C	3209
YDR417C	3210
YDR418W	3211
intergenic*YDR418W_ARS435	3212
ARS435	3213
intergenic*ARS435_YDR419W	3214
YDR419W	3215
intergenic*YDR419W_tS(AGA)D3	3216
tS(AGA)D3	3217
intergenic*tS(AGA)D3_ARS436	3218
ARS436	3219
YDR420W	3220
intergenic*YDR420W_YDR421W	3221
YDR421W	3222
intergenic*YDR421W_YDR422C	3223
YDR422C	3224
intergenic*YDR422C_YDR423C	3225
YDR423C	3226
intergenic*YDR423C_YDR424C	3227
YDR424C	3228
intergenic*YDR424C_YDR425W	3229
YDR425W	3230
YDR426C	3231
intergenic*YDR426C_YDR427W	3232
YDR427W	3233
intergenic*YDR427W_YDR428C	3234
YDR428C	3235
intergenic*YDR428C_YDR429C	3236
YDR429C	3237
intergenic*YDR429C_YDR430C	3238
YDR430C	3239
YDR431W	3240
intergenic*YDR431W_YDR432W	3241
YDR432W	3242
YDR433W	3243
intergenic*YDR433W_YDR434W	3244
YDR434W	3245
intergenic*YDR434W_YDR435C	3246
YDR435C	3247
intergenic*YDR435C_YDR436W	3248
YDR436W	3249
intergenic*YDR436W_YDR437W	3250
YDR437W	3251
intergenic*YDR437W_YDR438W	3252
YDR438W	3253
intergenic*YDR438W_YDR439W	3254
YDR439W	3255
intergenic*YDR439W_YDR440W	3256
YDR440W	3257
intergenic*YDR440W_YDR441C	3258
YDR441C	3259
intergenic*YDR441C_YDR442W	3260
YDR442W	3261
YDR443C	3262
intergenic*YDR443C_YDR444W	3263
YDR444W	3264
YDR445C	3265
tK(CUU)D2	3266
intergenic*YDR445C_YDRWdelta29	3267
YDRWdelta29	3268
YDRWdelta30	3269
intergenic*YDRWdelta30_YDR446W	3270
YDR446W	3271
intergenic*YDR446W_YDR447C	3272
YDR447C	3273
intergenic*YDR447C_YDR448W	3274
YDR448W	3275
intergenic*YDR448W_YDR449C	3276
YDR449C	3277
intergenic*YDR449C_YDR450W	3278
YDR450W	3279
intergenic*YDR450W_YDR451C	3280
YDR451C	3281
intergenic*YDR451C_YDR452W	3282
YDR452W	3283
intergenic*YDR452W_YDR453C	3284
YDR453C	3285
intergenic*YDR453C_YDR454C	3286
YDR454C	3287
intergenic*YDR454C_YDR455C	3288
YDR455C	3289
YDR456W	3290
intergenic*YDR456W_YDR457W	3291
YDR457W	3292
intergenic*YDR457W_ARS439	3293
ARS439	3294
YDR458C	3295
intergenic*YDR458C_YDR459C	3296
YDR459C	3297
intergenic*YDR459C_YDR460W	3298
YDR460W	3299
intergenic*YDR460W_YDR461W	3300
YDR461W	3301
intergenic*YDR461W_YDR461C-A	3302
YDR461C-A	3303
intergenic*YDR461C-A_YDR462W	3304
YDR462W	3305
intergenic*YDR462W_YDR463W	3306
YDR463W	3307
intergenic*YDR463W_YDR464W	3308
YDR464W	3309
YDR464C-A	3310
intergenic*YDR464W_YDR465C	3311
YDR465C	3312
intergenic*YDR465C_YDR466W	3313
YDR466W	3314
YDR467C	3315
intergenic*YDR467C_YDR468C	3316
YDR468C	3317
intergenic*YDR468C_YDR469W	3318
YDR469W	3319
intergenic*YDR469W_YDR470C	3320
YDR470C	3321
intergenic*YDR470C_YDR471W	3322
YDR471W	3323
intergenic*YDR471W_snR13	3324
snR13	3325
intergenic*snR13_YDR472W	3326
YDR472W	3327
intergenic*YDR472W_ARS440	3328
ARS440	3329
YDR473C	3330
intergenic*YDR473C_YDR475C	3331
YDR475C	3332
intergenic*YDR475C_YDR476C	3333
YDR476C	3334
intergenic*YDR476C_YDR477W	3335
YDR477W	3336
intergenic*YDR477W_YDR478W	3337
YDR478W	3338
intergenic*YDR478W_YDR479C	3339
YDR479C	3340
intergenic*YDR479C_YDR480W	3341
YDR480W	3342
intergenic*YDR480W_YDR481C	3343
YDR481C	3344
intergenic*YDR481C_YDR482C	3345
YDR482C	3346
intergenic*YDR482C_YDR483W	3347
YDR483W	3348
intergenic*YDR483W_YDR484W	3349
YDR484W	3350
intergenic*YDR484W_YDR485C	3351
YDR485C	3352
intergenic*YDR485C_YDR486C	3353
YDR486C	3354
intergenic*YDR486C_YDR487C	3355
YDR487C	3356
intergenic*YDR487C_YDR488C	3357
YDR488C	3358
intergenic*YDR488C_YDR489W	3359
YDR489W	3360
intergenic*YDR489W_YDR490C	3361
YDR490C	3362
intergenic*YDR490C_YDR491C	3363
YDR491C	3364
YDR492W	3365
intergenic*YDR492W_YDR493W	3366
YDR493W	3367
intergenic*YDR493W_YDR494W	3368
YDR494W	3369
intergenic*YDR494W_YDR495C	3370
YDR495C	3371
intergenic*YDR495C_YDR496C	3372
YDR496C	3373
intergenic*YDR496C_YDR497C	3374
YDR497C	3375
intergenic*YDR497C_YDR498C	3376
YDR498C	3377
intergenic*YDR498C_YDR499W	3378
YDR499W	3379
intergenic*YDR499W_YDR500C	3380
YDR500C	3381
intergenic*YDR500C_YDR501W	3382
YDR501W	3383
intergenic*YDR501W_YDR502C	3384
YDR502C	3385
intergenic*YDR502C_ARS442	3386
ARS442	3387
YDR503C	3388
intergenic*YDR503C_YDR504C	3389
YDR504C	3390
YDR505C	3391
intergenic*YDR505C_YDR506C	3392
YDR506C	3393
intergenic*YDR506C_tL(CAA)D	3394
tL(CAA)D	3395
intergenic*tL(CAA)D_ARS443	3396
ARS443	3397
intergenic*ARS443_YDR507C	3398
YDR507C	3399
intergenic*YDR507C_YDR508C	3400
YDR508C	3401
YDR509W	3402
intergenic*YDR509W_YDR510W	3403
YDR510W	3404
YDR510C-A	3405
intergenic*YDR510C-A_YDR511W	3406
YDR511W	3407
intergenic*YDR511W_YDR512C	3408
YDR512C	3409
YDR513W	3410
intergenic*YDR513W_YDR514C	3411
YDR514C	3412
intergenic*YDR514C_YDR515W	3413
YDR515W	3414
intergenic*YDR515W_YDR516C	3415
YDR516C	3416
intergenic*YDR516C_YDR517W	3417
YDR517W	3418
intergenic*YDR517W_YDR518W	3419
YDR518W	3420
intergenic*YDR518W_YDR519W	3421
YDR519W	3422
intergenic*YDR519W_YDR520C	3423
YDR520C	3424
YDR521W	3425
intergenic*YDR521W_YDR522C	3426
YDR522C	3427
intergenic*YDR522C_ARS523C	3428
YDR523C	3429
ARS446	3430
intergenic*ARS446_YDR524C	3431
YDR524C	3432
intergenic*YDR524C_YDR524W-C	3433
YDR524W-C	3434
intergenic*YDR524W-C_YDR524C-B	3435
YDR524C-B	3436
intergenic*YDR524C-B_YDR524C-A	3437
YDR524C-A	3438
YDR525W	3439
intergenic*YDR525W_YDR525W-A	3440
YDR525W-A	3441
intergenic*YDR525W-A_YDR526C	3442
YDR526C	3443
YDR527W	3444
intergenic*YDR527W_snR84	3445
snR84	3446
intergenic*snR84_YDR528W	3447
YDR528W	3448
intergenic*YDR528W_YDR529C	3449
YDR529C	3450
intergenic*YDR529C_YDR530C	3451
YDR530C	3452
intergenic*YDR530C_YDR531W	3453
YDR531W	3454
intergenic*YDR531W_YDR532C	3455
YDR532C	3456
intergenic*YDR532C_YDR533C	3457
YDR533C	3458
intergenic*YDR533C_YDR534C	3459
YDR534C	3460
intergenic*YDR534C_YDR535C	3461
YDR535C	3462
intergenic*YDR535C_YDR536W	3463
YDR536W	3464
intergenic*YDR536W_YDR536W	3465
YDR537C	3466
YDR538W	3467
intergenic*YDR538W_YDR539W	3468
YDR539W	3469
intergenic*YDR539W_YDR540C	3470
YDR540C	3471
intergenic*YDR540C_YDRWdelta31	3472
YDRWdelta31	3473
intergenic*YDRWdelta31_YDR541C	3474
YDR541C	3475
intergenic*YDR541C_YDR542W	3476
YDR542W	3477
intergenic*YDR542W_TEL04R	3478
TEL04R	3479
YDR543C	3480
YDR544C	3481
YDR545W	3482
YDR545C-A	3483
TEL05L	3484
YEL077C	3485
YEL077W-A	3486
ARS502	3487
YEL076C-A	3488
YEL076C	3489
YEL075W-A	3490
YEL075C	3491
YEL074W	3492
ARS503	3493
intergenic*TEL05L_YEL073C	3494
YEL073C	3495
intergenic*YEL073C_ARS504	3496
ARS504	3497
intergenic*ARS504_YEL072W	3498
YEL072W	3499
intergenic*YEL072W_YEL071W	3500
YEL071W	3501
intergenic*YEL071W_YEL070W	3502
YEL070W	3503
intergenic*YEL070W_YEL069C	3504
YEL069C	3505
intergenic*YEL069C_YEL068C	3506
YEL068C	3507
intergenic*YEL068C_YEL067C	3508
YEL067C	3509
YEL066W	3510
intergenic*YEL066W_YEL065W	3511
YEL065W	3512
intergenic*YEL065W_YEL064C	3513
YEL064C	3514
intergenic*YEL064C_YEL063C	3515
YEL063C	3516
intergenic*YEL063C_YEL062W	3517
YEL062W	3518
intergenic*YEL062W_YEL061C	3519
YEL061C	3520
intergenic*YEL061C_YEL060C	3521
YEL060C	3522
intergenic*YEL060C_YEL059C-A	3523
YEL059C-A	3524
intergenic*YEL059C-A_YEL059W	3525
YEL059W	3526
intergenic*YEL059W_YEL058W	3527
YEL058W	3528
intergenic*YEL058W_YEL057C	3529
YEL057C	3530
intergenic*YEL057C_YEL056W	3531
YEL056W	3532
intergenic*YEL056W_YEL055C	3533
YEL055C	3534
intergenic*YEL055C_snR80	3535
snR80	3536
intergenic*snR80_YEL054C	3537
YEL054C	3538
YEL053W-A	3539
intergenic*YEL053W-A_YEL053C	3540
YEL053C	3541
intergenic*YEL053C_YEL052W	3542
YEL052W	3543
intergenic*YEL052W_YEL051W	3544
YEL051W	3545
intergenic*YEL051W_ARS507	3546
ARS507	3547
intergenic*ARS507_YEL050W-A	3548
YEL050W-A	3549
YEL050C	3550
intergenic*YEL050C_snR67	3551
snR67	3552
intergenic*snR67_snR53	3553
snR53	3554
intergenic*snR53_tG(GCC)E	3555
tG(GCC)E	3556
intergenic*tG(GCC)E_YELWdelta1	3557
YELWdelta1	3558
YELWdelta2	3559
intergenic*YELWdelta1_YEL049W	3560
YEL049W	3561
intergenic*YEL049W_YEL048C	3562
YEL048C	3563
intergenic*YEL048C_YEL047C	3564
YEL047C	3565
intergenic*YEL047C_YEL046C	3566
YEL046C	3567
intergenic*YEL046C_YEL045C	3568
YEL045C	3569
intergenic*YEL045C_YEL044W	3570
YEL044W	3571
intergenic*YEL044W_YEL043W	3572
YEL043W	3573
intergenic*YEL043W_YEL042W	3574
YEL042W	3575
intergenic*YEL042W_YEL041W	3576
YEL041W	3577
intergenic*YEL041W_YEL040W	3578
YEL040W	3579
intergenic*YEL040W_YEL039C	3580
YEL039C	3581
intergenic*YEL039C_YEL038W	3582
YEL038W	3583
intergenic*YEL038W_YEL037C	3584
YEL037C	3585
intergenic*YEL037C_YEL036C	3586
YEL036C	3587
intergenic*YEL036C_YEL035C	3588
YEL035C	3589
intergenic*YEL035C_YEL034C-A	3590
YEL034C-A	3591
YEL034W	3592
YEL033W	3593
intergenic*YEL033W_tS(AGA)E	3594
tS(AGA)E	3595
intergenic*tS(AGA)E_YEL032W	3596
YEL032W	3597
YEL032C-A	3598
intergenic*YEL032W_YEL031W	3599
YEL031W	3600
intergenic*YEL031W_ARS508	3601
ARS508	3602
intergenic*ARS508_YEL030C-A	3603
YEL030C-A	3604
YEL030W	3605
intergenic*YEL030W_YEL029C	3606
YEL029C	3607
intergenic*YEL029C_YEL028W	3608
YEL028W	3609
intergenic*YEL028W_YELCdelta3	3610
YELCdelta3	3611
intergenic*YELCdelta3_tM(CAU)E	3612
tM(CAU)E	3613
intergenic*tM(CAU)E_YEL027W	3614
YEL027W	3615
intergenic*YEL027W_YEL026W	3616
YEL026W	3617
intergenic*YEL026W_YEL025C	3618
YEL025C	3619
intergenic*YEL025C_YEL024W	3620
YEL024W	3621
intergenic*YEL024W_YEL023C	3622
YEL023C	3623
intergenic*YEL023C_YEL022W	3624
YEL022W	3625
intergenic*YEL022W_YEL021W	3626
YEL021W	3627
intergenic*YEL021W_YEL020C-B	3628
YEL020C-B	3629
YEL020W-A	3630
intergenic*YEL020W-A_RPR1	3631
RPR1	3632
intergenic*RPR1_YELCtau1	3633
YELCtau1	3634
intergenic*YELCtau1_YEL020C	3635
YEL020C	3636
intergenic*YEL020C_YEL019C	3637
YEL019C	3638
intergenic*YEL019C_YEL018C-A	3639
YEL018C-A	3640
YEL018W	3641
intergenic*YEL018W_YEL017C-A	3642
YEL017C-A	3643
intergenic*YEL017C-A_YEL017W	3644
YEL017W	3645
intergenic*YEL017W_YEL016C	3646
YEL016C	3647
intergenic*YEL016C_YEL015W	3648
YEL015W	3649
intergenic*YEL015W_YEL014C	3650
YEL014C	3651
intergenic*YEL014C_YEL013W	3652
YEL013W	3653
intergenic*YEL013W_tQ(UUG)E2	3654
tQ(UUG)E2	3655
intergenic*tQ(UUG)E2_YEL012W	3656
YEL012W	3657
intergenic*YEL012W_YEL011W	3658
YEL011W	3659
intergenic*YEL011W_tK(CUU)E1	3660
tK(CUU)E1	3661
intergenic*tK(CUU)E1_YELCdelta4	3662
YELCdelta4	3663
intergenic*YELCdelta4_YEL010W	3664
YEL010W	3665
YEL009C-A	3666
intergenic*YEL009C-A_YELWdelta5	3667
YELWdelta5	3668
intergenic*YELWdelta5_YELWdelta6	3669
YELWdelta6	3670
intergenic*YELWdelta6_tR(UCU)E	3671
tR(UCU)E	3672
intergenic*tR(UCU)E_YEL009C	3673
YEL009C	3674
intergenic*YEL009C_YEL008W	3675
YEL008W	3676
YEL008C-A	3677
intergenic*YEL008W_YEL007W	3678
YEL007W	3679
intergenic*YEL007W_YEL006W	3680
YEL006W	3681
intergenic*YEL006W_ARS510	3682
ARS510	3683
intergenic*ARS510_YEL005C	3684
YEL005C	3685
intergenic*YEL005C_YEL004W	3686
YEL004W	3687
intergenic*YEL004W_YEL003W	3688
YEL003W	3689
intergenic*YEL003W_YEL002C	3690
YEL002C	3691
intergenic*YEL002C_YEL001C	3692
YEL001C	3693
intergenic*YEL001C_CEN5	3694
CEN5	3695
intergenic*CEN5_YER001W	3696
YER001W	3697
intergenic*YER001W_YER002W	3698
YER002W	3699
intergenic*YER002W_YER003C	3700
YER003C	3701
intergenic*YER003C_YER004W	3702
YER004W	3703
intergenic*YER004W_YER005W	3704
YER005W	3705
intergenic*YER005W_YER006W	3706
YER006W	3707
intergenic*YER006W_YER006C-A	3708
YER006C-A	3709
YER007W	3710
intergenic*YER007W_YER007C-A	3711
YER007C-A	3712
intergenic*YER007C-A_snR14	3713
snR14	3714
intergenic*snR14_YER008C	3715
YER008C	3716
intergenic*YER008C_YER009W	3717
YER009W	3718
intergenic*YER009W_YER010C	3719
YER010C	3720
intergenic*YER010C_ARS511	3721
ARS511	3722
intergenic*ARS511_YER011W	3723
YER011W	3724
intergenic*YER011W_YERWdelta7	3725
YERWdelta7	3726
intergenic*YERWdelta7_tE(UUC)E1	3727
tE(UUC)E1	3728
intergenic*tE(UUC)E1_YER012W	3729
YER012W	3730
intergenic*YER012W_YER013W	3731
YER013W	3732
intergenic*YER013W_YER014W	3733
YER014W	3734
YER014C-A	3735
YER015W	3736
intergenic*YER015W_YER016W	3737
YER016W	3738
intergenic*YER016W_YER017C	3739
YER017C	3740
intergenic*YER017C_YER018C	3741
YER018C	3742
intergenic*YER018C_YER019W	3743
YER019W	3744
intergenic*YER019W_YER019C-A	3745
YER019C-A	3746
intergenic*YER019C-A_YER020W	3747
YER020W	3748
intergenic*YER020W_YER021W	3749
YER021W	3750
intergenic*YER021W_YER022W	3751
YER022W	3752
intergenic*YER022W_YER023W	3753
YER023W	3754
YER023C-A	3755
intergenic*YER023W_YER024W	3756
YER024W	3757
intergenic*YER024W_YER025W	3758
YER025W	3759
intergenic*YER025W_tH(GUG)E1	3760
tH(GUG)E1	3761
intergenic*tH(GUG)E1_YER026C	3762
YER026C	3763
intergenic*YER026C_YER027C	3764
YER027C	3765
intergenic*YER027C_YER028C	3766
YER028C	3767
intergenic*YER028C_ARS512	3768
ARS512	3769
YER029C	3770
intergenic*YER029C_YER030W	3771
YER030W	3772
intergenic*YER030W_YER031C	3773
YER031C	3774
intergenic*YER031C_YER032W	3775
YER032W	3776
intergenic*YER032W_YER033C	3777
YER033C	3778
intergenic*YER033C_YER034W	3779
YER034W	3780
intergenic*YER034W_YER035W	3781
YER035W	3782
intergenic*YER035W_YER036C	3783
YER036C	3784
intergenic*YER036C_YER037W	3785
YER037W	3786
intergenic*YER037W_YER038C	3787
YER038C	3788
intergenic*YER038C_YER038W-A	3789
YER038W-A	3790
YER039C	3791
intergenic*YER039C_YER039C-A	3792
YER039C-A	3793
intergenic*YER039C-A_YER040W	3794
YER040W	3795
intergenic*YER040W_YER041W	3796
YER041W	3797
intergenic*YER041W_YER042W	3798
YER042W	3799
intergenic*YER042W_YER043C	3800
YER043C	3801
intergenic*YER043C_YER044C	3802
YER044C	3803
intergenic*YER044C_YER044C-A	3804
YER044C-A	3805
intergenic*YER044C-A_YER045C	3806
YER045C	3807
intergenic*YER045C_YER046W	3808
YER046W	3809
intergenic*YER046W_YER046W-A	3810
YER046W-A	3811
YER047C	3812
intergenic*YER047C_YER048C	3813
YER048C	3814
intergenic*YER048C_YERCdelta8	3815
YERCdelta8	3816
intergenic*YERCdelta8_YERWdelta9	3817
YERWdelta9	3818
intergenic*YERWdelta9_YERCsigma1	3819
YERCsigma1	3820
intergenic*YERCsigma1_tQ(UUG)E1	3821
tQ(UUG)E1	3822
intergenic*tQ(UUG)E1_YER048W-A	3823
YER048W-A	3824
intergenic*YER048W-A_YER049W	3825
YER049W	3826
intergenic*YER049W_YER050C	3827
YER050C	3828
intergenic*YER050C_YER051W	3829
YER051W	3830
intergenic*YER051W_YER053C	3831
YER052C	3832
ARS513	3833
YER053C	3834
intergenic*YER053C_YER053C-A	3835
YER053C-A	3836
intergenic*YER053C-A_YER054C	3837
YER054C	3838
intergenic*YER054C_YER055C	3839
YER055C	3840
intergenic*YER055C_YER056C	3841
YER056C	3842
intergenic*YER056C_YER056C-A	3843
YER056C-A	3844
intergenic*YER056C-A_YER057C	3845
YER057C	3846
intergenic*YER057C_YER058W	3847
YER058W	3848
intergenic*YER058W_YER059W	3849
YER059W	3850
intergenic*YER059W_YER060W	3851
YER060W	3852
ARS513.5	3853
intergenic*ARS513.5_YER060W-A	3854
YER060W-A	3855
ARS513.7	3856
YER061C	3857
intergenic*YER061C_YER062C	3858
YER062C	3859
intergenic*YER062C_YER063W	3860
YER063W	3861
intergenic*YER063W_YER064C	3862
YER064C	3863
intergenic*YER064C_YER065C	3864
YER065C	3865
intergenic*YER065C_ARS514	3866
ARS514	3867
intergenic*ARS514_YERCdelta10	3868
YERCdelta10	3869
intergenic*YERCdelta10_tS(UGA)E	3870
tS(UGA)E	3871
intergenic*tS(UGA)E_MATaV	3872
intergenic*MATaV_YER066W	3873
YER066W	3874
intergenic*YER066W_YER066C-A	3875
YER066C-A	3876
YER067W	3877
YER067C-A	3878
intergenic*YER067C-A_YER068W	3879
YER068W	3880
intergenic*YER068W_YER068C-A	3881
YER068C-A	3882
YER069W	3883
intergenic*YER069W_YER070W	3884
YER070W	3885
intergenic*YER070W_YER071C	3886
YER071C	3887
intergenic*YER071C_YER072W	3888
YER072W	3889
intergenic*YER072W_YER073W	3890
YER073W	3891
intergenic*YER073W_YER074W	3892
YER074W	3893
intergenic*YER074W_YER074W-A	3894
YER074W-A	3895
intergenic*YER074W-A_YER075C	3896
YER075C	3897
intergenic*YER075C_tA(UGC)E	3898
tA(UGC)E	3899
intergenic*tA(UGC)E_YERWdelta11	3900
YERWdelta11	3901
intergenic*YERWdelta11_YER076C	3902
YER076C	3903
YER076W-A	3904
intergenic*YER076W-A_YER078C	3905
YER077C	3906
ARS515	3907
YER078C	3908
intergenic*YER078C_YER078W-A	3909
YER078W-A	3910
intergenic*YER078W-A_YER079W	3911
YER079W	3912
intergenic*YER079W_YER079C-A	3913
YER079C-A	3914
YER080W	3915
intergenic*YER080W_SRG1	3916
SRG1	3917
YER081W	3918
intergenic*YER081W_YER082C	3919
YER082C	3920
intergenic*YER082C_YER083C	3921
YER083C	3922
intergenic*YER083C_YER084W	3923
YER084W	3924
intergenic*YER084W_YER084W-A	3925
YER084W-A	3926
YER085C	3927
intergenic*YER085C_YER086W	3928
YER086W	3929
intergenic*YER086W_YER087W	3930
YER087W	3931
YER087C-A	3932
intergenic*YER087C-A_YER087C-B	3933
YER087C-B	3934
intergenic*YER087C-B_YER088C	3935
YER088C	3936
intergenic*YER088C_YER088C-A	3937
YER088C-A	3938
YER088W-B	3939
YER089C	3940
intergenic*YER089C_YER090W	3941
YER090W	3942
YER090C-A	3943
intergenic*YER090W_YER091C	3944
YER091C	3945
intergenic*YER091C_YER091C-A	3946
YER091C-A	3947
intergenic*YER091C-A_YER092W	3948
YER092W	3949
intergenic*YER092W_YER093C	3950
YER093C	3951
intergenic*YER093C_YER093C-A	3952
YER093C-A	3953
intergenic*YER093C-A_YER094C	3954
YER094C	3955
intergenic*YER094C_YER095W	3956
YER095W	3957
intergenic*YER095W_YER096W	3958
YER096W	3959
intergenic*YER096W_YERWdelta12	3960
YERWdelta12	3961
ARS516	3962
intergenic*YERWdelta12_YERWdelta13	3963
YERWdelta13	3964
YERCtau2	3965
YERCsigma2	3966
intergenic*YERCsigma2_tE(UUC)E2	3967
tE(UUC)E2	3968
intergenic*tE(UUC)E2_YER097W	3969
YER097W	3970
YER098W	3971
intergenic*YER098W_YER099C	3972
YER099C	3973
intergenic*YER099C_YER100W	3974
YER100W	3975
intergenic*YER100W_YER101C	3976
YER101C	3977
intergenic*YER101C_YER102W	3978
YER102W	3979
intergenic*YER102W_YER103W	3980
YER103W	3981
intergenic*YER103W_YER104W	3982
YER104W	3983
intergenic*YER104W_YER105C	3984
YER105C	3985
intergenic*YER105C_YER106W	3986
YER106W	3987
intergenic*YER106W_YER107C	3988
YER107C	3989
YER107W-A	3990
intergenic*YER107W-A_YER110C	3991
YER110C	3992
intergenic*YER110C_YER111C	3993
YER111C	3994
intergenic*YER111C_YER112W	3995
YER112W	3996
intergenic*YER112W_YER113C	3997
YER113C	3998
intergenic*YER113C_YER114C	3999
YER114C	4000
intergenic*YER114C_YER115C	4001
YER115C	4002
intergenic*YER115C_YER116C	4003
YER116C	4004
intergenic*YER116C_YER117W	4005
YER117W	4006
intergenic*YER117W_YER118C	4007
YER118C	4008
intergenic*YER118C_YER119C	4009
YER119C	4010
intergenic*YER119C_YER119C-A	4011
YER119C-A	4012
YER120W	4013
intergenic*YER120W_YER121W	4014
YER121W	4015
intergenic*YER121W_YER122C	4016
YER122C	4017
intergenic*YER122C_YER123W	4018
YER123W	4019
intergenic*YER123W_ARS517	4020
ARS517	4021
intergenic*ARS517_YER124C	4022
YER124C	4023
intergenic*YER124C_YER125W	4024
YER125W	4025
intergenic*YER125W_YER126C	4026
YER126C	4027
intergenic*YER126C_YER127W	4028
YER127W	4029
intergenic*YER127W_YER128W	4030
YER128W	4031
intergenic*YER128W_YER129W	4032
YER129W	4033
intergenic*YER129W_YER130C	4034
YER130C	4035
intergenic*YER130C_YER131W	4036
YER131W	4037
intergenic*YER131W_snR4	4038
snR4	4039
intergenic*snR4_YER132C	4040
YER132C	4041
intergenic*YER132C_snR52	4042
snR52	4043
intergenic*snR52_YERCdelta14	4044
YERCdelta14	4045
intergenic*YERCdelta14_YER133W	4046
YER133W	4047
intergenic*YER133W_tH(GUG)E2	4048
tH(GUG)E2	4049
intergenic*tH(GUG)E2_YERCsigma3	4050
YERCsigma3	4051
intergenic*YERCsigma3_YERCdelta15	4052
YERCdelta15	4053
intergenic*YERCdelta15_tK(CUU)E2	4054
tK(CUU)E2	4055
intergenic*tK(CUU)E2_YERCdelta16	4056
YERCdelta16	4057
intergenic*YERCdelta16_YERCtau3	4058
YERCtau3	4059
intergenic*YERCtau3_YER133W-A	4060
YER133W-A	4061
YER134C	4062
intergenic*YER134C_YER135C	4063
YER135C	4064
intergenic*YER135C_tV(AAC)E1	4065
tV(AAC)E1	4066
intergenic*tV(AAC)E1_ARS518	4067
ARS518	4068
intergenic*ARS518_YER136W	4069
YER136W	4070
intergenic*YER136W_YER137C	4071
YER137C	4072
YER137W-A	4073
intergenic*YER137W-A_SCR1	4074
SCR1	4075
ARS519	4076
YERWdelta17	4077
intergenic*YERWdelta17_tI(AAU)E1	4078
tI(AAU)E1	4079
intergenic*tI(AAU)E1_YERCTy1-1	4080
YERCdelta19	4081
YERCTy1-1	4082
YER138C	4083
YERWdelta21	4084
YER137C-A	4085
YERCdelta20	4086
intergenic*YERCTy1-1_YER138W-A	4087
YER138W-A	4088
intergenic*YER138W-A_YER139C	4089
YER139C	4090
intergenic*YER139C_YER140W	4091
YER140W	4092
intergenic*YER140W_YER141W	4093
YER141W	4094
intergenic*YER141W_YER142C	4095
YER142C	4096
intergenic*YER142C_YER143W	4097
YER143W	4098
intergenic*YER143W_YER144C	4099
YER144C	4100
intergenic*YER144C_YER145C	4101
YER145C	4102
intergenic*YER145C_YER145C-A	4103
YER145C-A	4104
YER146W	4105
intergenic*YER146W_YER147C	4106
YER147C	4107
intergenic*YER147C_YER147C-A	4108
YER147C-A	4109
YER148W	4110
intergenic*YER148W_YER148W-A	4111
YER148W-A	4112
YER149C	4113
intergenic*YER149C_YER150W	4114
YER150W	4115
intergenic*YER150W_tV(AAC)E2	4116
tV(AAC)E2	4117
intergenic*tV(AAC)E2_YER151C	4118
YER151C	4119
intergenic*YER151C_YER152C	4120
YER152C	4121
YER152W-A	4122
YER153C	4123
intergenic*YER153C_YER154W	4124
YER154W	4125
intergenic*YER154W_YER155C	4126
YER155C	4127
intergenic*YER155C_YER156C	4128
YER156C	4129
intergenic*YER156C_YER157W	4130
YER157W	4131
intergenic*YER157W_tE(UUC)E3	4132
tE(UUC)E3	4133
intergenic*tE(UUC)E3_YERWdelta22	4134
YERWdelta22	4135
intergenic*YERWdelta22_YER158C	4136
YER158C	4137
intergenic*YER158C_YER158W-A	4138
YER158W-A	4139
YER159C	4140
intergenic*YER159C_tR(ACG)E	4141
tR(ACG)E	4142
intergenic*tR(ACG)E_YERCTy1-2	4143
YERCdelta23	4144
YERCTy1-2	4145
YER160C	4146
YER159C-A	4147
YERCdelta24	4148
intergenic*YERCTy1-2_ARS520	4149
ARS520	4150
intergenic*ARS520_YER161C	4151
YER161C	4152
intergenic*YER161C_YER162C	4153
YER162C	4154
intergenic*YER162C_YER163C	4155
YER163C	4156
intergenic*YER163C_YER164W	4157
YER164W	4158
intergenic*YER164W_YER165W	4159
YER165W	4160
intergenic*YER165W_YER165C-A	4161
YER165C-A	4162
YER166W	4163
intergenic*YER166W_YER167W	4164
YER167W	4165
ARS521	4166
YER168C	4167
intergenic*YER168C_YER169W	4168
YER169W	4169
intergenic*YER169W_YER170W	4170
YER170W	4171
intergenic*YER170W_YER171W	4172
YER171W	4173
intergenic*YER171W_YER172C	4174
YER172C	4175
intergenic*YER172C_YER172C-A	4176
YER172C-A	4177
YER173W	4178
intergenic*YER173W_YER174C	4179
YER174C	4180
intergenic*YER174C_YER175C	4181
YER175C	4182
intergenic*YER175C_YER175W-A	4183
YER175W-A	4184
intergenic*YER175W-A_YER176W	4185
YER176W	4186
intergenic*YER176W_YER177W	4187
YER177W	4188
intergenic*YER177W_YER178W	4189
YER178W	4190
intergenic*YER178W_YER179W	4191
YER179W	4192
intergenic*YER179W_ARS522	4193
ARS522	4194
YER180C	4195
intergenic*YER180C_YER180C-A	4196
YER180C-A	4197
intergenic*YER180C-A_tI(AAU)E2	4198
tI(AAU)E2	4199
intergenic*tI(AAU)E2_YERWdelta25	4200
YERWdelta25	4201
YER181C	4202
intergenic*YER181C_YERCdelta26	4203
YERCdelta26	4204
intergenic*YERCdelta26_YER182W	4205
YER182W	4206
intergenic*YER182W_YER183C	4207
YER183C	4208
intergenic*YER183C_YER184C	4209
YER184C	4210
intergenic*YER184C_YER185W	4211
YER185W	4212
intergenic*YER185W_YER186C	4213
YER186C	4214
intergenic*YER186C_YERComega1	4215
YERComega1	4216
intergenic*YERComega1_YER187W	4217
YER187W	4218
intergenic*YER187W_YER188W	4219
YER188W	4220
intergenic*YER188W_YERWomega2	4221
YERWomega2	4222
intergenic*YERWomega2_TEL05R	4223
TEL05R	4224
YER188C-A	4225
ARS523	4226
YER189W	4227
YER190W	4228
YER190C-A	4229
YER190C-B	4230
TEL06L	4231
YFL068W	4232
YFL067W	4233
YFL066C	4234
YFL065C	4235
YFL064C	4236
YFL063W	4237
ARS600	4238
intergenic*TEL06L_YFL062W	4239
YFL062W	4240
intergenic*YFL062W_YFL061W	4241
YFL061W	4242
intergenic*YFL061W_YFL060C	4243
YFL060C	4244
intergenic*YFL060C_YFL059W	4245
YFL059W	4246
intergenic*YFL059W_YFL058W	4247
YFL058W	4248
intergenic*YFL058W_YFL055W	4249
YFL055W	4250
intergenic*YFL055W_ARS600.4	4251
ARS600.4	4252
YFL054C	4253
intergenic*YFL054C_YFL053W	4254
YFL053W	4255
intergenic*YFL053W_YFL052W	4256
YFL052W	4257
intergenic*YFL052W_YFL051C	4258
YFL051C	4259
intergenic*YFL051C_ARS601	4260
ARS601	4261
ARS602	4262
intergenic*ARS602_YFL050C	4263
YFL050C	4264
intergenic*YFL050C_YFL049W	4265
YFL049W	4266
intergenic*YFL049W_YFL048C	4267
YFL048C	4268
intergenic*YFL048C_YFL047W	4269
YFL047W	4270
intergenic*YFL047W_YFL046W	4271
YFL046W	4272
intergenic*YFL046W_YFL045C	4273
YFL045C	4274
intergenic*YFL045C_YFL044C	4275
YFL044C	4276
intergenic*YFL044C_YFL042C	4277
YFL042C	4278
intergenic*YFL042C_YFL041W-A	4279
YFL041W-A	4280
intergenic*YFL041W-A_YFL041W	4281
YFL041W	4282
intergenic*YFL041W_YFL040W	4283
YFL040W	4284
intergenic*YFL040W_YFL039C	4285
YFL039C	4286
intergenic*YFL039C_YFL038C	4287
YFL038C	4288
intergenic*YFL038C_YFL037W	4289
YFL037W	4290
intergenic*YFL037W_RUF21	4291
RUF21	4292
intergenic*RUF21_YFL036W	4293
YFL036W	4294
intergenic*YFL036W_YFL034C-B	4295
YFL034C-B	4296
intergenic*YFL034C-B_YFL034C-A	4297
YFL034C-A	4298
intergenic*YFL034C-A_YFL034W	4299
YFL034W	4300
intergenic*YFL034W_ARS603	4301
ARS603	4302
intergenic*ARS603_YFL033C	4303
YFL033C	4304
intergenic*YFL033C_YFL032W	4305
YFL032W	4306
YFL031W	4307
YFL031C-A	4308
intergenic*YFL031W_YFL030W	4309
YFL030W	4310
intergenic*YFL030W_YFL029C	4311
YFL029C	4312
intergenic*YFL029C_YFL028C	4313
YFL028C	4314
intergenic*YFL028C_YFL027C	4315
YFL027C	4316
intergenic*YFL027C_YFL026W	4317
YFL026W	4318
intergenic*YFL026W_YFL025C	4319
YFL025C	4320
intergenic*YFL025C_YFL024C	4321
YFL024C	4322
intergenic*YFL024C_YFL023W	4323
YFL023W	4324
intergenic*YFL023W_YFL022C	4325
YFL022C	4326
intergenic*YFL022C_YFL021C-A	4327
YFL021C-A	4328
YFL021W	4329
intergenic*YFL021W_YFL020C	4330
YFL020C	4331
intergenic*YFL020C_YFL019C	4332
YFL019C	4333
YFLWdelta1	4334
intergenic*YFLWdelta1_tP(UGG)F	4335
tP(UGG)F	4336
intergenic*tP(UGG)F_YFL018C	4337
YFL018C	4338
intergenic*YFL018C_YFL017W-A	4339
YFL017W-A	4340
intergenic*YFL017W-A_YFL017C	4341
YFL017C	4342
ARS603.1	4343
YFL016C	4344
intergenic*YFL016C_YFL015W-A	4345
YFL015W-A	4346
YFL015C	4347
intergenic*YFL015C_YFL014W	4348
YFL014W	4349
intergenic*YFL014W_YFL013W-A	4350
YFL013W-A	4351
YFL013C	4352
YFL012W-A	4353
intergenic*YFL012W-A_YFL012W	4354
YFL012W	4355
intergenic*YFL012W_YFL011W	4356
YFL011W	4357
intergenic*YFL011W_YFL010W-A	4358
YFL010W-A	4359
YFL010C	4360
intergenic*YFL010C_YFL009W	4361
YFL009W	4362
intergenic*YFL009W_ARS603.5	4363
ARS603.5	4364
intergenic*ARS603.5_YFL008W	4365
YFL008W	4366
intergenic*YFL008W_YFL007W	4367
YFL007W	4368
ARS604	4369
intergenic*YFL007W_YFL005W	4370
YFL005W	4371
intergenic*YFL005W_RUF20	4372
RUF20	4373
intergenic*RUF20_YFL004W	4374
YFL004W	4375
intergenic*YFL004W_YFL003C	4376
YFL003C	4377
ARS605	4378
intergenic*ARS605_tN(GUU)F	4379
tN(GUU)F	4380
intergenic*tN(GUU)F_YFLWdelta2	4381
YFLWdelta2	4382
YFLWdelta3	4383
YFLWTy2-1	4384
YFL002W-B	4385
YFL002W-A	4386
YFLWdelta4	4387
intergenic*YFLWTy2-1_YFLWdelta5	4388
YFLWdelta5	4389
intergenic*YFLWdelta5_YFLWtau1	4390
YFLWtau1	4391
YFLCdelta6	4392
intergenic*YFLCdelta6_YFL002C	4393
YFL002C	4394
intergenic*YFL002C_YFL001W	4395
YFL001W	4396
intergenic*YFL001W_CEN6	4397
CEN6	4398
intergenic*CEN6_YFR001W	4399
YFR001W	4400
intergenic*YFR001W_YFR002W	4401
YFR002W	4402
intergenic*YFR002W_YFR003C	4403
YFR003C	4404
intergenic*YFR003C_YFR004W	4405
YFR004W	4406
intergenic*YFR004W_YFR005C	4407
YFR005C	4408
intergenic*YFR005C_YFR006W	4409
YFR006W	4410
intergenic*YFR006W_tF(GAA)F	4411
tF(GAA)F	4412
intergenic*tF(GAA)F_YFRWdelta7	4413
YFRWdelta7	4414
intergenic*YFRWdelta7_YFR007W	4415
YFR007W	4416
intergenic*YFR007W_YFR008W	4417
YFR008W	4418
intergenic*YFR008W_YFRCdelta8	4419
YFRCdelta8	4420
intergenic*YFRCdelta8_tG(GCC)F1	4421
tG(GCC)F1	4422
intergenic*tG(GCC)F1_YFR009W	4423
YFR009W	4424
YFR009W-A	4425
intergenic*YFR009W_YFR010W	4426
YFR010W	4427
intergenic*YFR010W_YFR010W-A	4428
YFR010W-A	4429
YFR011C	4430
intergenic*YFR011C_tY(GUA)F1	4431
tY(GUA)F1	4432
intergenic*tY(GUA)F1_ARS606	4433
ARS606	4434
intergenic*ARS606_YFR012W	4435
YFR012W	4436
intergenic*YFR012W_YFR012W-A	4437
YFR012W-A	4438
intergenic*YFR012W-A_YFR013W	4439
YFR013W	4440
intergenic*YFR013W_YFR014C	4441
YFR014C	4442
intergenic*YFR014C_YFR015C	4443
YFR015C	4444
intergenic*YFR015C_YFR016C	4445
YFR016C	4446
intergenic*YFR016C_tG(GCC)F2	4447
tG(GCC)F2	4448
intergenic*tG(GCC)F2_YFR017C	4449
YFR017C	4450
intergenic*YFR017C_YFR018C	4451
YFR018C	4452
intergenic*YFR018C_YFR019W	4453
YFR019W	4454
intergenic*YFR019W_tS(GCU)F	4455
tS(GCU)F	4456
intergenic*tS(GCU)F_YFRCdelta9	4457
YFRCdelta9	4458
intergenic*YFRCdelta9_YFR020W	4459
YFR020W	4460
intergenic*YFR020W_YFR021W	4461
YFR021W	4462
intergenic*YFR021W_YFR022W	4463
YFR022W	4464
intergenic*YFR022W_RUF22	4465
RUF22	4466
ARS607	4467
intergenic*RUF22_YFR023W	4468
YFR023W	4469
intergenic*YFR023W_YFR024C-A	4470
YFR024C-A	4471
intergenic*YFR024C-A_YFR025C	4472
YFR025C	4473
intergenic*YFR025C_tA(AGC)F	4474
tA(AGC)F	4475
intergenic*tA(AGC)F_YFR026C	4476
YFR026C	4477
intergenic*YFR026C_YFRWdelta10	4478
YFRWdelta10	4479
intergenic*YFRWdelta10_YFR027W	4480
YFR027W	4481
intergenic*YFR027W_YFR028C	4482
YFR028C	4483
intergenic*YFR028C_tY(GUA)F2	4484
tY(GUA)F2	4485
intergenic*tY(GUA)F2_YFR029W	4486
YFR029W	4487
intergenic*YFR029W_YFR030W	4488
YFR030W	4489
ARS608	4490
YFR031C	4491
intergenic*YFR031C_YFR031C-A	4492
YFR031C-A	4493
intergenic*YFR031C-A_RUF23	4494
RUF23	4495
intergenic*RUF23_YFR032C	4496
YFR032C	4497
intergenic*YFR032C_YFR032C-A	4498
YFR032C-A	4499
intergenic*YFR032C-A_YFR032C-B	4500
YFR032C-B	4501
intergenic*YFR032C-B_YFR033C	4502
YFR033C	4503
intergenic*YFR033C_YFR034C	4504
YFR034C	4505
intergenic*YFR034C_YFR034W-A	4506
YFR034W-A	4507
YFR035C	4508
intergenic*YFR035C_tK(CUU)F	4509
tK(CUU)F	4510
intergenic*tK(CUU)F_YFR036W	4511
YFR036W	4512
intergenic*YFR036W_YFR036W-A	4513
YFR036W-A	4514
YFR037C	4515
intergenic*YFR037C_YFR038W	4516
YFR038W	4517
intergenic*YFR038W_YFR039C	4518
YFR039C	4519
intergenic*YFR039C_YFR040W	4520
YFR040W	4521
intergenic*YFR040W_YFR041C	4522
YFR041C	4523
intergenic*YFR041C_YFR042W	4524
YFR042W	4525
intergenic*YFR042W_YFR043C	4526
YFR043C	4527
intergenic*YFR043C_YFR044C	4528
YFR044C	4529
intergenic*YFR044C_YFR045W	4530
YFR045W	4531
intergenic*YFR045W_YFR046C	4532
YFR046C	4533
intergenic*YFR046C_YFR047C	4534
YFR047C	4535
intergenic*YFR047C_YFR048W	4536
YFR048W	4537
intergenic*YFR048W_YFR049W	4538
YFR049W	4539
intergenic*YFR049W_YFR050C	4540
YFR050C	4541
intergenic*YFR050C_YFR051C	4542
YFR051C	4543
intergenic*YFR051C_YFR052W	4544
YFR052W	4545
intergenic*YFR052W_YFR052C-A	4546
YFR052C-A	4547
YFR053C	4548
intergenic*YFR053C_ARS609	4549
ARS609	4550
intergenic*ARS609_YFR054C	4551
YFR054C	4552
intergenic*YFR054C_YFR056C	4553
YFR056C	4554
YFR055W	4555
intergenic*YFR055W_YFR057W	4556
YFR057W	4557
ARS610	4558
TEL06R	4559
TEL07L	4560
intergenic*TEL07L_YGLWomega1	4561
YGLWomega1	4562
intergenic*YGLWomega1_YGL263W	4563
YGL263W	4564
intergenic*YGL263W_YGL262W	4565
YGL262W	4566
intergenic*YGL262W_YGL261C	4567
YGL261C	4568
intergenic*YGL261C_YGL260W	4569
YGL260W	4570
intergenic*YGL260W_YGL259W	4571
YGL259W	4572
intergenic*YGL259W_YGL258W-A	4573
YGL258W-A	4574
intergenic*YGL258W-A_YGL258W	4575
YGL258W	4576
intergenic*YGL258W_YGL257C	4577
YGL257C	4578
intergenic*YGL257C_YGL256W	4579
YGL256W	4580
intergenic*YGL256W_YGL255W	4581
YGL255W	4582
intergenic*YGL255W_YGL254W	4583
YGL254W	4584
intergenic*YGL254W_YGL253W	4585
YGL253W	4586
intergenic*YGL253W_YGL252C	4587
YGL252C	4588
intergenic*YGL252C_YGL251C	4589
YGL251C	4590
intergenic*YGL251C_YGL250W	4591
YGL250W	4592
intergenic*YGL250W_YGL249W	4593
YGL249W	4594
RME3	4595
intergenic*YGL249W_YGL248W	4596
YGL248W	4597
intergenic*YGL248W_YGL247W	4598
YGL247W	4599
intergenic*YGL247W_YGL246C	4600
YGL246C	4601
intergenic*YGL246C_YGL245W	4602
YGL245W	4603
intergenic*YGL245W_YGL244W	4604
YGL244W	4605
intergenic*YGL244W_YGL243W	4606
YGL243W	4607
intergenic*YGL243W_YGL242C	4608
YGL242C	4609
intergenic*YGL242C_YGL241W	4610
YGL241W	4611
intergenic*YGL241W_YGL240W	4612
YGL240W	4613
intergenic*YGL240W_YGL239C	4614
YGL239C	4615
YGL238W	4616
intergenic*YGL238W_YGL237C	4617
YGL237C	4618
intergenic*YGL237C_YGL236C	4619
YGL236C	4620
YGL235W	4621
intergenic*YGL235W_YGL234W	4622
YGL234W	4623
intergenic*YGL234W_YGL233W	4624
YGL233W	4625
intergenic*YGL233W_YGL232W	4626
YGL232W	4627
intergenic*YGL232W_YGL231C	4628
YGL231C	4629
intergenic*YGL231C_YGL230C	4630
YGL230C	4631
intergenic*YGL230C_ARS702	4632
ARS702	4633
intergenic*ARS702_YGL229C	4634
YGL229C	4635
intergenic*YGL229C_YGL228W	4636
YGL228W	4637
intergenic*YGL228W_YGL227W	4638
YGL227W	4639
intergenic*YGL227W_YGL226C-A	4640
YGL226C-A	4641
intergenic*YGL226C-A_YGL226W	4642
YGL226W	4643
intergenic*YGL226W_tV(AAC)G3	4644
tV(AAC)G3	4645
intergenic*tV(AAC)G3_YGL225W	4646
YGL225W	4647
intergenic*YGL225W_YGL224C	4648
YGL224C	4649
intergenic*YGL224C_YGL223C	4650
YGL223C	4651
intergenic*YGL223C_YGL222C	4652
YGL222C	4653
intergenic*YGL222C_YGL221C	4654
YGL221C	4655
intergenic*YGL221C_YGL220W	4656
YGL220W	4657
intergenic*YGL220W_YGL219C	4658
YGL219C	4659
YGL218W	4660
intergenic*YGL218W_YGL217C	4661
YGL217C	4662
YGL216W	4663
intergenic*YGL216W_YGL215W	4664
YGL215W	4665
intergenic*YGL215W_YGL214W	4666
YGL214W	4667
YGL213C	4668
intergenic*YGL213C_YGL212W	4669
YGL212W	4670
intergenic*YGL212W_YGL211W	4671
YGL211W	4672
intergenic*YGL211W_YGL210W	4673
YGL210W	4674
intergenic*YGL210W_YGL209W	4675
YGL209W	4676
intergenic*YGL209W_YGL208W	4677
YGL208W	4678
intergenic*YGL208W_YGL207W	4679
YGL207W	4680
intergenic*YGL207W_YGL206C	4681
YGL206C	4682
intergenic*YGL206C_YGL205W	4683
YGL205W	4684
intergenic*YGL205W_tH(GUG)G1	4685
tH(GUG)G1	4686
intergenic*tH(GUG)G1_YGLWtau1	4687
YGLWtau1	4688
YGLCdelta1	4689
YGLWdelta2	4690
intergenic*YGLWdelta2_YGL204C	4691
YGL204C	4692
intergenic*YGL204C_ARS704	4693
ARS704	4694
intergenic*ARS704_YGL203C	4695
YGL203C	4696
intergenic*YGL203C_YGLWdelta3	4697
YGLWdelta3	4698
intergenic*YGLWdelta3_tK(UUU)G1	4699
tK(UUU)G1	4700
intergenic*tK(UUU)G1_YGL201C	4701
YGL202W	4702
ARS706	4703
YGL201C	4704
intergenic*YGL201C_tK(CUU)G1	4705
tK(CUU)G1	4706
intergenic*tK(CUU)G1_YGL200C	4707
YGL200C	4708
intergenic*YGL200C_YGL199C	4709
YGL199C	4710
YGL198W	4711
intergenic*YGL198W_YGL197W	4712
YGL197W	4713
intergenic*YGL197W_YGL196W	4714
YGL196W	4715
intergenic*YGL196W_YGL195W	4716
YGL195W	4717
intergenic*YGL195W_YGL194C-A	4718
YGL194C-A	4719
intergenic*YGL194C-A_YGL194C	4720
YGL194C	4721
intergenic*YGL194C_RME2	4722
RME2	4723
YGL193C	4724
YGL192W	4725
intergenic*YGL192W_YGL191W	4726
YGL191W	4727
intergenic*YGL191W_YGL190C	4728
YGL190C	4729
intergenic*YGL190C_YGL189C	4730
YGL189C	4731
intergenic*YGL189C_YGL188C-A	4732
YGL188C-A	4733
intergenic*YGL188C-A_YGL188C	4734
YGL188C	4735
intergenic*YGL188C_YGL187C	4736
YGL187C	4737
intergenic*YGL187C_YGL186C	4738
YGL186C	4739
intergenic*YGL186C_YGL185C	4740
YGL185C	4741
intergenic*YGL185C_YGL184C	4742
YGL184C	4743
intergenic*YGL184C_YGL183C	4744
YGL183C	4745
YGL182C	4746
intergenic*YGL182C_YGL181W	4747
YGL181W	4748
intergenic*YGL181W_YGL180W	4749
YGL180W	4750
intergenic*YGL180W_ARS707	4751
ARS707	4752
intergenic*ARS707_YGL179C	4753
YGL179C	4754
intergenic*YGL179C_YGL178W	4755
YGL178W	4756
YGL177W	4757
intergenic*YGL178W_YGL176C	4758
YGL176C	4759
intergenic*YGL176C_YGL175C	4760
YGL175C	4761
intergenic*YGL175C_YGL174W	4762
YGL174W	4763
intergenic*YGL174W_YGL173C	4764
YGL173C	4765
intergenic*YGL173C_YGL172W	4766
YGL172W	4767
intergenic*YGL172W_YGL171W	4768
YGL171W	4769
intergenic*YGL171W_YGL170C	4770
YGL170C	4771
intergenic*YGL170C_tK(CUU)G2	4772
tK(CUU)G2	4773
intergenic*tK(CUU)G2_YGL169W	4774
YGL169W	4775
intergenic*YGL169W_YGL168W	4776
YGL168W	4777
ARS709	4778
YGL167C	4779
intergenic*YGL167C_YGL166W	4780
YGL166W	4781
YGL165C	4782
intergenic*YGL165C_YGL164C	4783
YGL164C	4784
intergenic*YGL164C_YGL163C	4785
YGL163C	4786
intergenic*YGL163C_YGL162W	4787
YGL162W	4788
intergenic*YGL162W_YGL161C	4789
YGL161C	4790
intergenic*YGL161C_YGL160W	4791
YGL160W	4792
intergenic*YGL160W_YGL159W	4793
YGL159W	4794
intergenic*YGL159W_ARS710	4795
ARS710	4796
intergenic*ARS710_YGLWtau2	4797
YGLWtau2	4798
intergenic*YGLWtau2_tL(CAA)G1	4799
tL(CAA)G1	4800
intergenic*tL(CAA)G1_YGL158W	4801
YGL158W	4802
intergenic*YGL158W_YGL157W	4803
YGL157W	4804
intergenic*YGL157W_YGL156W	4805
YGL156W	4806
intergenic*YGL156W_YGL155W	4807
YGL155W	4808
intergenic*YGL155W_YGL154C	4809
YGL154C	4810
intergenic*YGL154C_YGL153W	4811
YGL153W	4812
YGL152C	4813
intergenic*YGL152C_YGL151W	4814
YGL151W	4815
intergenic*YGL151W_YGL150C	4816
YGL150C	4817
YGL149W	4818
intergenic*YGL149W_YGL148W	4819
YGL148W	4820
intergenic*YGL148W_YGL147C	4821
YGL147C	4822
intergenic*YGL147C_YGL146C	4823
YGL146C	4824
intergenic*YGL146C_YGL145W	4825
YGL145W	4826
ARS701	4827
intergenic*YGL145W_YGL144C	4828
YGL144C	4829
intergenic*YGL144C_YGL143C	4830
YGL143C	4831
intergenic*YGL143C_YGL142C	4832
YGL142C	4833
intergenic*YGL142C_YGL140C	4834
YGL141W	4835
ARS712	4836
YGL140C	4837
intergenic*YGL140C_YGL139W	4838
YGL139W	4839
intergenic*YGL139W_YGL138C	4840
YGL138C	4841
intergenic*YGL138C_YGL137W	4842
YGL137W	4843
intergenic*YGL137W_YGL136C	4844
YGL136C	4845
intergenic*YGL136C_YGL135W	4846
YGL135W	4847
intergenic*YGL135W_YGL134W	4848
YGL134W	4849
intergenic*YGL134W_YGL133W	4850
YGL133W	4851
intergenic*YGL133W_YGL132W	4852
YGL132W	4853
YGL131C	4854
intergenic*YGL131C_YGL130W	4855
YGL130W	4856
intergenic*YGL130W_YGL129C	4857
YGL129C	4858
intergenic*YGL129C_YGL128C	4859
YGL128C	4860
intergenic*YGL128C_YGL127C	4861
YGL127C	4862
intergenic*YGL127C_YGL126W	4863
YGL126W	4864
intergenic*YGL126W_YGL125W	4865
YGL125W	4866
intergenic*YGL125W_YGL124C	4867
YGL124C	4868
intergenic*YGL124C_YGL123W	4869
YGL123W	4870
YGL123C-A	4871
intergenic*YGL123W_YGL122C	4872
YGL122C	4873
intergenic*YGL122C_YGL121C	4874
YGL121C	4875
intergenic*YGL121C_YGL120C	4876
YGL120C	4877
intergenic*YGL120C_YGL119W	4878
YGL119W	4879
intergenic*YGL119W_ARS714	4880
ARS714	4881
intergenic*ARS714_tW(CCA)G1	4882
tW(CCA)G1	4883
intergenic*tW(CCA)G1_YGL117W	4884
YGL118C	4885
ARS715	4886
YGL117W	4887
intergenic*YGL117W_YGL116W	4888
YGL116W	4889
intergenic*YGL116W_YGL115W	4890
YGL115W	4891
intergenic*YGL115W_YGL114W	4892
YGL114W	4893
intergenic*YGL114W_YGL113W	4894
YGL113W	4895
intergenic*YGL113W_YGL112C	4896
YGL112C	4897
intergenic*YGL112C_YGL111W	4898
YGL111W	4899
intergenic*YGL111W_YGL110C	4900
YGL110C	4901
intergenic*YGL110C_YGL109W	4902
YGL109W	4903
YGL108C	4904
intergenic*YGL108C_YGL107C	4905
YGL107C	4906
intergenic*YGL107C_YGL106W	4907
YGL106W	4908
intergenic*YGL106W_YGL105W	4909
YGL105W	4910
intergenic*YGL105W_YGL104C	4911
YGL104C	4912
intergenic*YGL104C_YGL103W	4913
YGL103W	4914
YGL102C	4915
intergenic*YGL102C_YGL101W	4916
YGL101W	4917
intergenic*YGL101W_YGL100W	4918
YGL100W	4919
intergenic*YGL100W_YGL099W	4920
YGL099W	4921
intergenic*YGL099W_snR82	4922
snR82	4923
intergenic*snR82_YGL098W	4924
YGL098W	4925
intergenic*YGL098W_YGLWdelta4	4926
YGLWdelta4	4927
intergenic*YGLWdelta4_YGLCdelta5	4928
YGLCdelta5	4929
intergenic*YGLCdelta5_YGLCsigma1	4930
YGLCsigma1	4931
intergenic*YGLCsigma1_tH(GUG)G2	4932
tH(GUG)G2	4933
intergenic*tH(GUG)G2_YGLCtau3	4934
YGLCtau3	4935
intergenic*YGLCtau3_YGL097W	4936
YGL097W	4937
intergenic*YGL097W_YGL096W	4938
YGL096W	4939
intergenic*YGL096W_YGLWdelta6	4940
YGLWdelta6	4941
intergenic*YGLWdelta6_tE(UUC)G1	4942
tE(UUC)G1	4943
intergenic*tE(UUC)G1_YGL095C	4944
YGL095C	4945
intergenic*YGL095C_YGL094C	4946
YGL094C	4947
intergenic*YGL094C_YGL093W	4948
YGL093W	4949
intergenic*YGL093W_YGL092W	4950
YGL092W	4951
intergenic*YGL092W_YGL091C	4952
YGL091C	4953
intergenic*YGL091C_YGL090W	4954
YGL090W	4955
intergenic*YGL090W_YGL089C	4956
YGL089C	4957
intergenic*YGL089C_YGL088W	4958
YGL088W	4959
snR10	4960
intergenic*snR10_YGL087C	4961
YGL087C	4962
intergenic*YGL087C_YGL086W	4963
YGL086W	4964
intergenic*YGL086W_YGL085W	4965
YGL085W	4966
intergenic*YGL085W_YGL084C	4967
YGL084C	4968
intergenic*YGL084C_ARS716	4969
ARS716	4970
intergenic*ARS716_YGL083W	4971
YGL083W	4972
intergenic*YGL083W_YGL082W	4973
YGL082W	4974
intergenic*YGL082W_YGL081W	4975
YGL081W	4976
intergenic*YGL081W_YGL080W	4977
YGL080W	4978
intergenic*YGL080W_YGL079W	4979
YGL079W	4980
intergenic*YGL079W_YGL078C	4981
YGL078C	4982
intergenic*YGL078C_YGL077C	4983
YGL077C	4984
intergenic*YGL077C_YGL076C	4985
YGL076C	4986
snR39	4987
intergenic*YGL076C_snR39B	4988
snR39B	4989
intergenic*snR39B_YGL075C	4990
YGL075C	4991
intergenic*YGL075C_YGL074C	4992
YGL074C	4993
YGL073W	4994
YGL072C	4995
intergenic*YGL072C_YGL071W	4996
YGL071W	4997
intergenic*YGL071W_YGL070C	4998
YGL070C	4999
intergenic*YGL070C_YGL069C	5000
YGL069C	5001
YGL068W	5002
intergenic*YGL068W_YGL067W	5003
YGL067W	5004
intergenic*YGL067W_YGL066W	5005
YGL066W	5006
intergenic*YGL066W_YGL065C	5007
YGL065C	5008
intergenic*YGL065C_YGL064C	5009
YGL064C	5010
intergenic*YGL064C_YGL063W	5011
YGL063W	5012
YGL063C-A	5013
intergenic*YGL063W_YGL062W	5014
YGL062W	5015
ARS717	5016
intergenic*ARS717_YGL061C	5017
YGL061C	5018
intergenic*YGL061C_YGL060W	5019
YGL060W	5020
intergenic*YGL060W_YGL059W	5021
YGL059W	5022
intergenic*YGL059W_YGL058W	5023
YGL058W	5024
intergenic*YGL058W_YGL057C	5025
YGL057C	5026
intergenic*YGL057C_YGL056C	5027
YGL056C	5028
intergenic*YGL056C_YGL055W	5029
YGL055W	5030
intergenic*YGL055W_YGL054C	5031
YGL054C	5032
intergenic*YGL054C_tE(UUC)G2	5033
tE(UUC)G2	5034
intergenic*tE(UUC)G2_YGLWsigma2	5035
YGLWsigma2	5036
intergenic*YGLWsigma2_YGLWdelta7	5037
YGLWdelta7	5038
intergenic*YGLWdelta7_YGL053W	5039
YGL053W	5040
intergenic*YGL053W_YGL052W	5041
YGL052W	5042
YGL051W	5043
intergenic*YGL051W_YGLWdelta8	5044
YGLWdelta8	5045
YGLWdelta9	5046
YGLCsigma3	5047
intergenic*YGLCsigma3_tR(UCU)G1	5048
tR(UCU)G1	5049
intergenic*tR(UCU)G1_YGL050W	5050
YGL050W	5051
intergenic*YGL050W_YGL049C	5052
YGL049C	5053
intergenic*YGL049C_YGL048C	5054
YGL048C	5055
intergenic*YGL048C_YGL047W	5056
YGL047W	5057
intergenic*YGL047W_tV(AAC)G1	5058
tV(AAC)G1	5059
intergenic*tV(AAC)G1_YGLWdelta10	5060
YGLWdelta10	5061
intergenic*YGLWdelta10_YGL045W	5062
YGL045W	5063
intergenic*YGL045W_YGL044C	5064
YGL044C	5065
intergenic*YGL044C_YGL043W	5066
YGL043W	5067
YGL042C	5068
intergenic*YGL042C_YGL041C-B	5069
YGL041C-B	5070
YGL041W-A	5071
YGL041C	5072
intergenic*YGL041W-A_YGL040C	5073
YGL040C	5074
intergenic*YGL040C_ARS718	5075
ARS718	5076
intergenic*ARS718_tL(CAA)G2	5077
tL(CAA)G2	5078
intergenic*tL(CAA)G2_YGL039W	5079
YGL039W	5080
intergenic*YGL039W_YGL038C	5081
YGL038C	5082
intergenic*YGL038C_YGL037C	5083
YGL037C	5084
intergenic*YGL037C_YGL036W	5085
YGL036W	5086
intergenic*YGL036W_YGL035C	5087
YGL035C	5088
intergenic*YGL035C_YGL034C	5089
YGL034C	5090
intergenic*YGL034C_YGL033W	5091
YGL033W	5092
intergenic*YGL033W_YGL032C	5093
YGL032C	5094
intergenic*YGL032C_YGL031C	5095
YGL031C	5096
intergenic*YGL031C_YGL030W	5097
YGL030W	5098
intergenic*YGL030W_YGL029W	5099
YGL029W	5100
intergenic*YGL029W_tF(GAA)G	5101
tF(GAA)G	5102
intergenic*tF(GAA)G_YGL028C	5103
YGL028C	5104
intergenic*YGL028C_YGL027C	5105
YGL027C	5106
intergenic*YGL027C_YGL026C	5107
YGL026C	5108
intergenic*YGL026C_YGL025C	5109
YGL025C	5110
YGL024W	5111
intergenic*YGL024W_YGL023C	5112
YGL023C	5113
intergenic*YGL023C_YGL022W	5114
YGL022W	5115
intergenic*YGL022W_YGL021W	5116
YGL021W	5117
intergenic*YGL021W_YGL020C	5118
YGL020C	5119
intergenic*YGL020C_YGL019W	5120
YGL019W	5121
intergenic*YGL019W_YGL018C	5122
YGL018C	5123
intergenic*YGL018C_YGL017W	5124
YGL017W	5125
intergenic*YGL017W_YGL016W	5126
YGL016W	5127
intergenic*YGL016W_YGL015C	5128
YGL015C	5129
intergenic*YGL015C_YGL014W	5130
YGL014W	5131
YGL014C-A	5132
intergenic*YGL014W_YGL013C	5133
YGL013C	5134
intergenic*YGL013C_YGL012W	5135
YGL012W	5136
intergenic*YGL012W_YGL011C	5137
YGL011C	5138
intergenic*YGL011C_YGL010W	5139
YGL010W	5140
intergenic*YGL010W_YGL009C	5141
YGL009C	5142
intergenic*YGL009C_YGL008C	5143
YGL008C	5144
intergenic*YGL008C_YGL007C-A	5145
YGL007C-A	5146
intergenic*YGL007C-A_YGL007W	5147
YGL007W	5148
intergenic*YGL007W_ARS719	5149
ARS719	5150
intergenic*ARS719_YGL006W-A	5151
YGL006W-A	5152
intergenic*YGL006W-A_YGL006W	5153
YGL006W	5154
intergenic*YGL006W_YGL005C	5155
YGL005C	5156
intergenic*YGL005C_YGL004C	5157
YGL004C	5158
intergenic*YGL004C_YGL003C	5159
YGL003C	5160
intergenic*YGL003C_YGL002W	5161
YGL002W	5162
intergenic*YGL002W_YGL001C	5163
YGL001C	5164
intergenic*YGL001C_CEN7	5165
CEN7	5166
intergenic*CEN7_YGR001C	5167
YGR001C	5168
intergenic*YGR001C_YGR002C	5169
YGR002C	5170
intergenic*YGR002C_YGR003W	5171
YGR003W	5172
intergenic*YGR003W_YGR004W	5173
YGR004W	5174
intergenic*YGR004W_YGR005C	5175
YGR005C	5176
intergenic*YGR005C_YGR006W	5177
YGR006W	5178
intergenic*YGR006W_YGR007W	5179
YGR007W	5180
intergenic*YGR007W_YGR008C	5181
YGR008C	5182
intergenic*YGR008C_ARS720	5183
ARS720	5184
intergenic*ARS720_YGR009C	5185
YGR009C	5186
intergenic*YGR009C_YGR010W	5187
YGR010W	5188
YGR011W	5189
intergenic*YGR011W_YGR012W	5190
YGR012W	5191
intergenic*YGR012W_YGR013W	5192
YGR013W	5193
intergenic*YGR013W_YGR014W	5194
YGR014W	5195
intergenic*YGR014W_YGR015C	5196
YGR015C	5197
intergenic*YGR015C_YGR016W	5198
YGR016W	5199
intergenic*YGR016W_YGR017W	5200
YGR017W	5201
YGR018C	5202
intergenic*YGR018C_YGR019W	5203
YGR019W	5204
intergenic*YGR019W_YGR020C	5205
YGR020C	5206
intergenic*YGR020C_YGR021W	5207
YGR021W	5208
intergenic*YGR021W_YGR022C	5209
YGR022C	5210
YGR023W	5211
intergenic*YGR023W_tD(GUC)G1	5212
tD(GUC)G1	5213
intergenic*tD(GUC)G1_YGR024C	5214
YGR024C	5215
intergenic*YGR024C_YGR025W	5216
YGR025W	5217
intergenic*YGR025W_YGR026W	5218
YGR026W	5219
intergenic*YGR026W_YGR027C	5220
YGR027C	5221
intergenic*YGR027C_YGRWdelta11	5222
YGRWdelta11	5223
intergenic*YGRWdelta11_YGRCdelta12	5224
YGRCdelta12	5225
YGRWdelta13	5226
YGRWTy1-1	5227
YGR027W-A	5228
YGR027W-B	5229
YGRWdelta14	5230
intergenic*YGRWTy1-1_tE(UUC)G3	5231
tE(UUC)G3	5232
intergenic*tE(UUC)G3_YGR028W	5233
YGR028W	5234
intergenic*YGR028W_YGR029W	5235
YGR029W	5236
intergenic*YGR029W_tD(GUC)G2	5237
tD(GUC)G2	5238
intergenic*tD(GUC)G2_snR46	5239
snR46	5240
intergenic*snR46_YGR030C	5241
YGR030C	5242
intergenic*YGR030C_YGR031W	5243
YGR031W	5244
YGR031C-A	5245
intergenic*YGR031W_YGR032W	5246
YGR032W	5247
intergenic*YGR032W_YGR033C	5248
YGR033C	5249
intergenic*YGR033C_YGR034W	5250
YGR034W	5251
intergenic*YGR034W_YGR035C	5252
YGR035C	5253
intergenic*YGR035C_YGR035W-A	5254
YGR035W-A	5255
intergenic*YGR035W-A_YGR036C	5256
YGR036C	5257
intergenic*YGR036C_YGR037C	5258
YGR037C	5259
intergenic*YGR037C_YGR038W	5260
YGR038W	5261
intergenic*YGR038W_tS(AGA)G	5262
tS(AGA)G	5263
intergenic*tS(AGA)G_YGRCTy1-2	5264
YGRCdelta15	5265
YGRCTy1-2	5266
YGR038C-B	5267
YGR038C-A	5268
YGRCdelta16	5269
intergenic*YGRCTy1-2_ARS721	5270
ARS721	5271
intergenic*ARS721_YGRCTy2-1	5272
YGRCdelta17	5273
YGRCTy2-1	5274
YGRCdelta18	5275
ARS722	5276
YGR039W	5277
intergenic*YGR039W_YGR040W	5278
YGR040W	5279
ARS723	5280
intergenic*YGR040W_YGR041W	5281
YGR041W	5282
intergenic*YGR041W_YGR042W	5283
YGR042W	5284
intergenic*YGR042W_ARS724	5285
YGR043C	5286
ARS724	5287
intergenic*ARS724_YGR044C	5288
YGR044C	5289
intergenic*YGR044C_YGR045C	5290
YGR045C	5291
intergenic*YGR045C_YGR046W	5292
YGR046W	5293
intergenic*YGR046W_YGR047C	5294
YGR047C	5295
intergenic*YGR047C_YGR048W	5296
YGR048W	5297
intergenic*YGR048W_YGR049W	5298
YGR049W	5299
intergenic*YGR049W_YGR050C	5300
YGR050C	5301
intergenic*YGR050C_YGR051C	5302
YGR051C	5303
intergenic*YGR051C_YGR052W	5304
YGR052W	5305
intergenic*YGR052W_YGR053C	5306
YGR053C	5307
intergenic*YGR053C_YGR054W	5308
YGR054W	5309
intergenic*YGR054W_YGR055W	5310
YGR055W	5311
intergenic*YGR055W_YGR056W	5312
YGR056W	5313
intergenic*YGR056W_YGR057C	5314
YGR057C	5315
intergenic*YGR057C_YGR058W	5316
YGR058W	5317
intergenic*YGR058W_YGR059W	5318
YGR059W	5319
intergenic*YGR059W_snR48	5320
snR48	5321
intergenic*snR48_YGR060W	5322
YGR060W	5323
intergenic*YGR060W_YGR061C	5324
YGR061C	5325
intergenic*YGR061C_YGR062C	5326
YGR062C	5327
intergenic*YGR062C_YGR063C	5328
YGR063C	5329
YGR064W	5330
intergenic*YGR064W_YGR065C	5331
YGR065C	5332
intergenic*YGR065C_YGR066C	5333
YGR066C	5334
intergenic*YGR066C_YGR067C	5335
YGR067C	5336
intergenic*YGR067C_YGR068C	5337
YGR068C	5338
YGR068W-A	5339
YGR069W	5340
intergenic*YGR069W_YGR070W	5341
YGR070W	5342
intergenic*YGR070W_YGR071C	5343
YGR071C	5344
intergenic*YGR071C_YGR072W	5345
YGR072W	5346
intergenic*YGR072W_YGR073C	5347
YGR073C	5348
YGR074W	5349
YGR075C	5350
intergenic*YGR075C_YGR076C	5351
YGR076C	5352
intergenic*YGR076C_YGR077C	5353
YGR077C	5354
intergenic*YGR077C_YGR078C	5355
YGR078C	5356
intergenic*YGR078C_YGR079W	5357
YGR079W	5358
intergenic*YGR079W_YGR080W	5359
YGR080W	5360
intergenic*YGR080W_YGR081C	5361
YGR081C	5362
intergenic*YGR081C_YGR082W	5363
YGR082W	5364
intergenic*YGR082W_YGR083C	5365
YGR083C	5366
intergenic*YGR083C_YGR084C	5367
YGR084C	5368
intergenic*YGR084C_YGR085C	5369
YGR085C	5370
intergenic*YGR085C_YGR086C	5371
YGR086C	5372
intergenic*YGR086C_YGR087C	5373
YGR087C	5374
intergenic*YGR087C_YGR088W	5375
YGR088W	5376
intergenic*YGR088W_YGR089W	5377
YGR089W	5378
intergenic*YGR089W_ARS727	5379
ARS727	5380
intergenic*ARS727_tT(UGU)G1	5381
tT(UGU)G1	5382
intergenic*tT(UGU)G1_YGR090W	5383
YGR090W	5384
intergenic*YGR090W_YGR091W	5385
YGR091W	5386
intergenic*YGR091W_YGR092W	5387
YGR092W	5388
intergenic*YGR092W_YGR093W	5389
YGR093W	5390
intergenic*YGR093W_YGR094W	5391
YGR094W	5392
intergenic*YGR094W_YGR095C	5393
YGR095C	5394
intergenic*YGR095C_YGR096W	5395
YGR096W	5396
intergenic*YGR096W_YGR097W	5397
YGR097W	5398
intergenic*YGR097W_YGR098C	5399
YGR098C	5400
intergenic*YGR098C_YGR099W	5401
YGR099W	5402
intergenic*YGR099W_YGR100W	5403
YGR100W	5404
intergenic*YGR100W_YGR101W	5405
YGR101W	5406
intergenic*YGR101W_YGR102C	5407
YGR102C	5408
intergenic*YGR102C_YGR103W	5409
YGR103W	5410
intergenic*YGR103W_YGR104C	5411
YGR104C	5412
intergenic*YGR104C_YGR105W	5413
YGR105W	5414
intergenic*YGR105W_YGR106C	5415
YGR106C	5416
intergenic*YGR106C_tL(GAG)G	5417
tL(GAG)G	5418
intergenic*tL(GAG)G_tK(UUU)G2	5419
tK(UUU)G2	5420
intergenic*tK(UUU)G2_YGRWdelta19	5421
YGRWdelta19	5422
intergenic*YGRWdelta19_YGR107W	5423
YGR107W	5424
intergenic*YGR107W_YGR108W	5425
YGR108W	5426
intergenic*YGR108W_YGR109C	5427
YGR109C	5428
intergenic*YGR109C_tC(GCA)G	5429
tC(GCA)G	5430
intergenic*tC(GCA)G_YGRWTy3-1	5431
YGRWsigma4	5432
YGRWTy3-1	5433
YGR109W-A	5434
YGR109W-B	5435
YGRWsigma5	5436
intergenic*YGRWTy3-1_YGRCdelta20	5437
YGRCdelta20	5438
intergenic*YGRCdelta20_YGR110W	5439
YGR110W	5440
intergenic*YGR110W_ARS728	5441
ARS728	5442
intergenic*ARS728_YGR111W	5443
YGR111W	5444
intergenic*YGR111W_YGR112W	5445
YGR112W	5446
intergenic*YGR112W_YGR113W	5447
YGR113W	5448
intergenic*YGR113W_YGR114C	5449
YGR114C	5450
YGR115C	5451
YGR116W	5452
intergenic*YGR116W_YGR117C	5453
YGR117C	5454
intergenic*YGR117C_YGR118W	5455
YGR118W	5456
intergenic*YGR118W_YGR119C	5457
YGR119C	5458
intergenic*YGR119C_YGR120C	5459
YGR120C	5460
intergenic*YGR120C_tN(GUU)G	5461
tN(GUU)G	5462
intergenic*tN(GUU)G_YGR121C	5463
YGR121C	5464
intergenic*YGR121C_YGR121W-A	5465
YGR121W-A	5466
intergenic*YGR121W-A_YGR122W	5467
YGR122W	5468
intergenic*YGR122W_YGRWdelta21	5469
YGRWdelta21	5470
YGR122C-A	5471
intergenic*YGRWdelta21_YGRWsigma6	5472
YGRWsigma6	5473
intergenic*YGRWsigma6_tR(UCU)G3	5474
tR(UCU)G3	5475
intergenic*tR(UCU)G3_YGR123C	5476
YGR123C	5477
intergenic*YGR123C_tI(AAU)G	5478
tI(AAU)G	5479
intergenic*tI(AAU)G_YGR124W	5480
YGR124W	5481
intergenic*YGR124W_YGR125W	5482
YGR125W	5483
intergenic*YGR125W_YGR126W	5484
YGR126W	5485
intergenic*YGR126W_YGR127W	5486
YGR127W	5487
intergenic*YGR127W_YGR128C	5488
YGR128C	5489
intergenic*YGR128C_YGR129W	5490
YGR129W	5491
intergenic*YGR129W_YGR130C	5492
YGR130C	5493
intergenic*YGR130C_YGR131W	5494
YGR131W	5495
intergenic*YGR131W_YGR132C	5496
YGR132C	5497
intergenic*YGR132C_YGR133W	5498
YGR133W	5499
intergenic*YGR133W_YGR134W	5500
YGR134W	5501
intergenic*YGR134W_YGR135W	5502
YGR135W	5503
intergenic*YGR135W_YGR136W	5504
YGR136W	5505
YGR137W	5506
intergenic*YGR137W_YGR138C	5507
YGR138C	5508
intergenic*YGR138C_YGR139W	5509
YGR139W	5510
intergenic*YGR139W_YGR140W	5511
YGR140W	5512
intergenic*YGR140W_YGR141W	5513
YGR141W	5514
intergenic*YGR141W_YGR142W	5515
YGR142W	5516
intergenic*YGR142W_YGRWdelta22	5517
YGRWdelta22	5518
intergenic*YGRWdelta22_tA(AGC)G	5519
tA(AGC)G	5520
intergenic*tA(AGC)G_YGR143W	5521
YGR143W	5522
intergenic*YGR143W_ARS729	5523
ARS729	5524
intergenic*ARS729_YGRWdelta23	5525
YGRWdelta23	5526
intergenic*YGRWdelta23_YGRWdelta24	5527
YGRWdelta24	5528
YGRCdelta25	5529
intergenic*YGRCdelta25_tG(UCC)G	5530
tG(UCC)G	5531
intergenic*tG(UCC)G_YGR144W	5532
YGR144W	5533
intergenic*YGR144W_YGR145W	5534
YGR145W	5535
intergenic*YGR145W_YGR146C	5536
YGR146C	5537
intergenic*YGR146C_YGR146C-A	5538
YGR146C-A	5539
intergenic*YGR146C-A_YGR147C	5540
YGR147C	5541
intergenic*YGR147C_YGR148C	5542
YGR148C	5543
intergenic*YGR148C_YGR149W	5544
YGR149W	5545
intergenic*YGR149W_YGR150C	5546
YGR150C	5547
intergenic*YGR150C_YGRWdelta26	5548
YGRWdelta26	5549
intergenic*YGRWdelta26_tA(UGC)G	5550
tA(UGC)G	5551
intergenic*tA(UGC)G_YGR151C	5552
YGR151C	5553
YGR152C	5554
intergenic*YGR152C_YGR153W	5555
YGR153W	5556
intergenic*YGR153W_YGR154C	5557
YGR154C	5558
intergenic*YGR154C_YGR155W	5559
YGR155W	5560
intergenic*YGR155W_YGR156W	5561
YGR156W	5562
intergenic*YGR156W_YGR157W	5563
YGR157W	5564
intergenic*YGR157W_YGR158C	5565
YGR158C	5566
intergenic*YGR158C_YGR159C	5567
YGR159C	5568
YGR160W	5569
intergenic*YGR160W_YGR161C	5570
YGR161C	5571
intergenic*YGR161C_YGR161W-C	5572
YGR161W-C	5573
intergenic*YGR161W-C_YGRWTy2-2	5574
YGRWdelta27	5575
YGRWTy2-2	5576
YGR161W-A	5577
YGR161W-B	5578
YGRWdelta28	5579
YGRCdelta29	5580
YGRCTy1-3	5581
YGR161C-D	5582
YGR161C-C	5583
YGRCdelta30	5584
intergenic*YGRCTy1-3_tV(AAC)G2	5585
tV(AAC)G2	5586
intergenic*tV(AAC)G2_YGR162W	5587
YGR162W	5588
intergenic*YGR162W_YGR163W	5589
YGR163W	5590
intergenic*YGR163W_YGR164W	5591
YGR164W	5592
tR(UCU)G2	5593
intergenic*YGR164W_YGR165W	5594
YGR165W	5595
intergenic*YGR165W_YGR166W	5596
YGR166W	5597
intergenic*YGR166W_YGR167W	5598
YGR167W	5599
intergenic*YGR167W_YGR168C	5600
YGR168C	5601
intergenic*YGR168C_ARS731	5602
ARS731	5603
YGR169C	5604
intergenic*YGR169C_YGR169C-A	5605
YGR169C-A	5606
intergenic*YGR169C-A_YGR170W	5607
YGR170W	5608
intergenic*YGR170W_YGR171C	5609
YGR171C	5610
intergenic*YGR171C_YGR172C	5611
YGR172C	5612
intergenic*YGR172C_YGR173W	5613
YGR173W	5614
intergenic*YGR173W_YGRWsigma7	5615
YGRWsigma7	5616
intergenic*YGRWsigma7_tG(GCC)G1	5617
tG(GCC)G1	5618
intergenic*tG(GCC)G1_YGR174C	5619
YGR174C	5620
intergenic*YGR174C_YGR174W-A	5621
YGR174W-A	5622
intergenic*YGR174W-A_YGR175C	5623
YGR175C	5624
intergenic*YGR175C_YGR176W	5625
YGR176W	5626
YGR177C	5627
intergenic*YGR177C_YGR178C	5628
YGR178C	5629
intergenic*YGR178C_YGR179C	5630
YGR179C	5631
intergenic*YGR179C_YGR180C	5632
YGR180C	5633
intergenic*YGR180C_tL(CAA)G3	5634
tL(CAA)G3	5635
intergenic*tL(CAA)G3_YGR181W	5636
YGR181W	5637
YGR182C	5638
intergenic*YGR182C_YGR183C	5639
YGR183C	5640
intergenic*YGR183C_YGR184C	5641
YGR184C	5642
intergenic*YGR184C_YGR185C	5643
YGR185C	5644
intergenic*YGR185C_YGR186W	5645
YGR186W	5646
intergenic*YGR186W_YGR187C	5647
YGR187C	5648
intergenic*YGR187C_YGR188C	5649
YGR188C	5650
intergenic*YGR188C_YGRWdelta31	5651
YGRWdelta31	5652
intergenic*YGRWdelta31_tK(CUU)G3	5653
tK(CUU)G3	5654
intergenic*tK(CUU)G3_YGR189C	5655
YGR189C	5656
intergenic*YGR189C_tW(CCA)G2	5657
tW(CCA)G2	5658
intergenic*tW(CCA)G2_YGR190C	5659
YGR190C	5660
YGR191W	5661
intergenic*YGR191W_YGR192C	5662
YGR192C	5663
intergenic*YGR192C_YGR193C	5664
YGR193C	5665
intergenic*YGR193C_YGR194C	5666
YGR194C	5667
intergenic*YGR194C_ARS737	5668
ARS737	5669
intergenic*ARS737_YGR195W	5670
YGR195W	5671
intergenic*YGR195W_YGR196C	5672
YGR196C	5673
intergenic*YGR196C_YGR197C	5674
YGR197C	5675
intergenic*YGR197C_YGR198W	5676
YGR198W	5677
intergenic*YGR198W_YGR199W	5678
YGR199W	5679
intergenic*YGR199W_YGR200C	5680
YGR200C	5681
intergenic*YGR200C_YGR201C	5682
YGR201C	5683
intergenic*YGR201C_YGR202C	5684
YGR202C	5685
intergenic*YGR202C_YGR203W	5686
YGR203W	5687
intergenic*YGR203W_YGR204W	5688
YGR204W	5689
intergenic*YGR204W_YGR204C-A	5690
YGR204C-A	5691
intergenic*YGR204C-A_YGR205W	5692
YGR205W	5693
intergenic*YGR205W_YGR206W	5694
YGR206W	5695
intergenic*YGR206W_YGR207C	5696
YGR207C	5697
intergenic*YGR207C_YGR208W	5698
YGR208W	5699
intergenic*YGR208W_YGR209C	5700
YGR209C	5701
intergenic*YGR209C_YGR210C	5702
YGR210C	5703
intergenic*YGR210C_YGR211W	5704
YGR211W	5705
intergenic*YGR211W_YGR212W	5706
YGR212W	5707
intergenic*YGR212W_YGR213C	5708
YGR213C	5709
intergenic*YGR213C_YGR214W	5710
YGR214W	5711
intergenic*YGR214W_YGR215W	5712
YGR215W	5713
intergenic*YGR215W_YGR216C	5714
YGR216C	5715
intergenic*YGR216C_YGR217W	5716
YGR217W	5717
intergenic*YGR217W_tG(GCC)G2	5718
tG(GCC)G2	5719
intergenic*tG(GCC)G2_YGRCtau3	5720
YGRCtau3	5721
intergenic*YGRCtau3_YGRWdelta32	5722
YGRWdelta32	5723
intergenic*YGRWdelta32_YGR218W	5724
YGR218W	5725
intergenic*YGR218W_YGR219W	5726
YGR219W	5727
YGR220C	5728
intergenic*YGR220C_YGR221C	5729
YGR221C	5730
intergenic*YGR221C_snR7-L	5731
snR7-L	5732
snR7-S	5733
YGR222W	5734
intergenic*YGR222W_YGR223C	5735
YGR223C	5736
intergenic*YGR223C_YGR224W	5737
YGR224W	5738
intergenic*YGR224W_YGR225W	5739
YGR225W	5740
YGR226C	5741
intergenic*YGR225W_YGR227W	5742
YGR227W	5743
intergenic*YGR227W_YGR228W	5744
YGR228W	5745
YGR229C	5746
intergenic*YGR229C_YGR230W	5747
YGR230W	5748
intergenic*YGR230W_YGR231C	5749
YGR231C	5750
intergenic*YGR231C_YGR232W	5751
YGR232W	5752
intergenic*YGR232W_YGR233C	5753
YGR233C	5754
intergenic*YGR233C_YGR234W	5755
YGR234W	5756
intergenic*YGR234W_YGR235C	5757
YGR235C	5758
intergenic*YGR235C_YGR236C	5759
YGR236C	5760
intergenic*YGR236C_YGR237C	5761
YGR237C	5762
intergenic*YGR237C_YGR238C	5763
YGR238C	5764
intergenic*YGR238C_YGR239C	5765
YGR239C	5766
intergenic*YGR239C_YGR240C	5767
YGR240C	5768
intergenic*YGR240C_YGR240C-A	5769
YGR240C-A	5770
intergenic*YGR240C-A_YGR241C	5771
YGR241C	5772
YGR242W	5773
intergenic*YGR242W_YGR243W	5774
YGR243W	5775
ARS733	5776
intergenic*ARS733_YGR244C	5777
YGR244C	5778
intergenic*YGR244C_YGR245C	5779
YGR245C	5780
intergenic*YGR245C_YGR246C	5781
YGR246C	5782
intergenic*YGR246C_YGR247W	5783
YGR247W	5784
intergenic*YGR247W_YGR248W	5785
YGR248W	5786
intergenic*YGR248W_YGR249W	5787
YGR249W	5788
intergenic*YGR249W_YGR250C	5789
YGR250C	5790
intergenic*YGR250C_YGR251W	5791
YGR251W	5792
intergenic*YGR251W_YGR252W	5793
YGR252W	5794
intergenic*YGR252W_YGR253C	5795
YGR253C	5796
intergenic*YGR253C_ARS734	5797
ARS734	5798
intergenic*ARS734_YGR254W	5799
YGR254W	5800
ARS735	5801
YGR255C	5802
intergenic*YGR255C_tT(UGU)G2	5803
tT(UGU)G2	5804
intergenic*tT(UGU)G2_YGR256W	5805
YGR256W	5806
intergenic*YGR256W_YGR257C	5807
YGR257C	5808
intergenic*YGR257C_YGR258C	5809
YGR258C	5810
intergenic*YGR258C_YGR259C	5811
YGR259C	5812
YGR260W	5813
intergenic*YGR260W_YGR261C	5814
YGR261C	5815
intergenic*YGR261C_YGR262C	5816
YGR262C	5817
intergenic*YGR262C_YGR263C	5818
YGR263C	5819
intergenic*YGR263C_YGR264C	5820
YGR264C	5821
YGR265W	5822
intergenic*YGR265W_YGR266W	5823
YGR266W	5824
intergenic*YGR266W_YGR267C	5825
YGR267C	5826
intergenic*YGR267C_YGR268C	5827
YGR268C	5828
YGR269W	5829
intergenic*YGR269W_YGR270W	5830
YGR270W	5831
YGR270C-A	5832
intergenic*YGR270W_YGR271W	5833
YGR271W	5834
intergenic*YGR271W_YGR271C-A	5835
YGR271C-A	5836
intergenic*YGR271C-A_YGR273C	5837
YGR273C	5838
intergenic*YGR273C_YGR274C	5839
YGR274C	5840
intergenic*YGR274C_YGR275W	5841
YGR275W	5842
intergenic*YGR275W_YGR276C	5843
YGR276C	5844
intergenic*YGR276C_YGR277C	5845
YGR277C	5846
intergenic*YGR277C_YGR278W	5847
YGR278W	5848
intergenic*YGR278W_YGR279C	5849
YGR279C	5850
intergenic*YGR279C_YGR280C	5851
YGR280C	5852
intergenic*YGR280C_YGR281W	5853
YGR281W	5854
intergenic*YGR281W_YGR282C	5855
YGR282C	5856
intergenic*YGR282C_YGR283C	5857
YGR283C	5858
intergenic*YGR283C_YGR284C	5859
YGR284C	5860
intergenic*YGR284C_YGR285C	5861
YGR285C	5862
intergenic*YGR285C_YGR286C	5863
YGR286C	5864
intergenic*YGR286C_YGR287C	5865
YGR287C	5866
intergenic*YGR287C_YGR288W	5867
YGR288W	5868
intergenic*YGR288W_YGR289C	5869
YGR289C	5870
YGR290W	5871
intergenic*YGR290W_YGR291C	5872
YGR291C	5873
intergenic*YGR291C_YGR292W	5874
YGR292W	5875
intergenic*YGR292W_YGR293C	5876
YGR293C	5877
YGR294W	5878
intergenic*YGR294W_YGR295C	5879
YGR295C	5880
intergenic*YGR295C_TEL07R	5881
TEL07R	5882
ARS736	5883
YGR296W	5884
YGR296C-A	5885
YGR296C-B	5886
TEL08L	5887
YHL050C	5888
YHL050W-A	5889
YHL049C	5890
ARS801	5891
YHL048C-A	5892
YHL048W	5893
intergenic*YHL048W_ARS802	5894
ARS802	5895
intergenic*ARS802_YHLComega1	5896
YHLComega1	5897
intergenic*YHLComega1_YHL047C	5898
YHL047C	5899
YHL046W-A	5900
intergenic*YHL046W-A_YHL046C	5901
YHL046C	5902
intergenic*YHL046C_YHL045W	5903
YHL045W	5904
intergenic*YHL045W_YHL044W	5905
YHL044W	5906
intergenic*YHL044W_YHL043W	5907
YHL043W	5908
intergenic*YHL043W_YHL042W	5909
YHL042W	5910
intergenic*YHL042W_YHL041W	5911
YHL041W	5912
intergenic*YHL041W_YHL040C	5913
YHL040C	5914
intergenic*YHL040C_YHL039W	5915
YHL039W	5916
intergenic*YHL039W_YHL038C	5917
YHL038C	5918
intergenic*YHL038C_YHL037C	5919
YHL037C	5920
intergenic*YHL037C_YHL036W	5921
YHL036W	5922
intergenic*YHL036W_YHL035C	5923
YHL035C	5924
intergenic*YHL035C_YHL034W-A	5925
YHL034W-A	5926
YHL034C	5927
intergenic*YHL034C_YHL033C	5928
YHL033C	5929
intergenic*YHL033C_YHL032C	5930
YHL032C	5931
intergenic*YHL032C_YHL031C	5932
YHL031C	5933
YHL030W-A	5934
intergenic*YHL030W-A_YHL030W	5935
YHL030W	5936
intergenic*YHL030W_YHL029C	5937
YHL029C	5938
intergenic*YHL029C_YHL028W	5939
YHL028W	5940
intergenic*YHL028W_YHL027W	5941
YHL027W	5942
intergenic*YHL027W_YHL026C	5943
YHL026C	5944
intergenic*YHL026C_YHL025W	5945
YHL025W	5946
intergenic*YHL025W_YHL024W	5947
YHL024W	5948
intergenic*YHL024W_YHL023C	5949
YHL023C	5950
intergenic*YHL023C_tH(GUG)H	5951
tH(GUG)H	5952
intergenic*tH(GUG)H_YHL022C	5953
YHL022C	5954
intergenic*YHL022C_ARS805	5955
ARS805	5956
intergenic*ARS805_YHL021C	5957
YHL021C	5958
intergenic*YHL021C_YHL020C	5959
YHL020C	5960
intergenic*YHL020C_YHL019W-A	5961
YHL019W-A	5962
YHL019C	5963
intergenic*YHL019C_YHL018W	5964
YHL018W	5965
intergenic*YHL018W_YHL017W	5966
YHL017W	5967
intergenic*YHL017W_YHL016C	5968
YHL016C	5969
intergenic*YHL016C_YHL015W-A	5970
YHL015W-A	5971
intergenic*YHL015W-A_YHL015W	5972
YHL015W	5973
intergenic*YHL015W_YHL014C	5974
YHL014C	5975
intergenic*YHL014C_YHL013C	5976
YHL013C	5977
intergenic*YHL013C_YHL012W	5978
YHL012W	5979
intergenic*YHL012W_YHL011C	5980
YHL011C	5981
intergenic*YHL011C_YHL010C	5982
YHL010C	5983
intergenic*YHL010C_YHL009C	5984
YHL009C	5985
intergenic*YHL009C_tV(AAC)H	5986
tV(AAC)H	5987
intergenic*tV(AAC)H_YHLCsigma1	5988
YHLCsigma1	5989
YHLWtau1	5990
YHLWTy4-1	5991
YHL009W-A	5992
YHL009W-B	5993
YHLWtau2	5994
intergenic*YHLWTy4-1_YHLCdelta1	5995
YHLCdelta1	5996
intergenic*YHLCdelta1_YHLWdelta2	5997
YHLWdelta2	5998
intergenic*YHLWdelta2_YHL008C	5999
YHL008C	6000
intergenic*YHL008C_YHL007C	6001
YHL007C	6002
YHL006W-A	6003
intergenic*YHL006W-A_YHL006C	6004
YHL006C	6005
intergenic*YHL006C_YHL005C	6006
YHL005C	6007
YHL004W	6008
intergenic*YHL004W_YHL003C	6009
YHL003C	6010
intergenic*YHL003C_YHL002C-A	6011
YHL002C-A	6012
YHL002W	6013
intergenic*YHL002W_YHL001W	6014
YHL001W	6015
intergenic*YHL001W_CEN8	6016
CEN8	6017
intergenic*CEN8_YHR001W	6018
YHR001W	6019
intergenic*YHR001W_YHR001W-A	6020
YHR001W-A	6021
intergenic*YHR001W-A_YHR002W	6022
YHR002W	6023
intergenic*YHR002W_YHR003C	6024
YHR003C	6025
intergenic*YHR003C_YHR004C	6026
YHR004C	6027
intergenic*YHR004C_YHR005C	6028
YHR005C	6029
intergenic*YHR005C_YHR005C-A	6030
YHR005C-A	6031
intergenic*YHR005C-A_YHRCdelta3	6032
tT(AGU)H	6033
ARS806	6034
YHRCdelta3	6035
intergenic*YHRCdelta3_YHRCdelta4	6036
YHRCdelta4	6037
intergenic*YHRCdelta4_YHR006W	6038
YHR006W	6039
intergenic*YHR006W_YHR007C	6040
YHR007C	6041
intergenic*YHR007C_YHR007C-A	6042
YHR007C-A	6043
intergenic*YHR007C-A_YHR008C	6044
YHR008C	6045
intergenic*YHR008C_YHR009C	6046
YHR009C	6047
intergenic*YHR009C_YHR010W	6048
YHR010W	6049
intergenic*YHR010W_YHR011W	6050
YHR011W	6051
intergenic*YHR011W_YHR012W	6052
YHR012W	6053
intergenic*YHR012W_YHR013C	6054
YHR013C	6055
intergenic*YHR013C_YHR014W	6056
YHR014W	6057
intergenic*YHR014W_tS(AGA)H	6058
tS(AGA)H	6059
intergenic*tS(AGA)H_YHRCdelta5	6060
YHRCdelta5	6061
ARS807	6062
intergenic*ARS807_YHRCdelta6	6063
YHRCdelta6	6064
YHRWdelta7	6065
intergenic*YHRWdelta7_tQ(UUG)H	6066
tQ(UUG)H	6067
intergenic*tQ(UUG)H_YHR015W	6068
YHR015W	6069
intergenic*YHR015W_YHR016C	6070
YHR016C	6071
intergenic*YHR016C_YHR017W	6072
YHR017W	6073
intergenic*YHR017W_YHR018C	6074
YHR018C	6075
ARS808	6076
intergenic*YHR018C_YHR019C	6077
YHR019C	6078
intergenic*YHR019C_YHR020W	6079
YHR020W	6080
intergenic*YHR020W_tA(AGC)H	6081
tA(AGC)H	6082
intergenic*tA(AGC)H_YHRCsigma2	6083
YHRCsigma2	6084
intergenic*YHRCsigma2_YHRWtau3	6085
YHRWtau3	6086
intergenic*YHRWtau3_YHR021C	6087
YHR021C	6088
intergenic*YHR021C_YHR021W-A	6089
YHR021W-A	6090
YHR022C	6091
intergenic*YHR022C_YHR022C-A	6092
YHR022C-A	6093
intergenic*YHR022C-A_YHR023W	6094
YHR023W	6095
intergenic*YHR023W_YHR024C	6096
YHR024C	6097
intergenic*YHR024C_YHR025W	6098
YHR025W	6099
intergenic*YHR025W_YHR026W	6100
YHR026W	6101
intergenic*YHR026W_YHR027C	6102
YHR027C	6103
intergenic*YHR027C_YHR028C	6104
YHR028C	6105
YHR028W-A	6106
intergenic*YHR028W-A_YHR029C	6107
YHR029C	6108
ARS809	6109
intergenic*ARS809_YHR030C	6110
YHR030C	6111
intergenic*YHR030C_YHR031C	6112
YHR031C	6113
intergenic*YHR031C_YHR032W	6114
YHR032W	6115
intergenic*YHR032W_YHR032W-A	6116
YHR032W-A	6117
YHR032C-A	6118
intergenic*YHR032C-A_YHR033W	6119
YHR033W	6120
intergenic*YHR033W_YHR034C	6121
YHR034C	6122
intergenic*YHR034C_YHR035W	6123
YHR035W	6124
intergenic*YHR035W_YHR036W	6125
YHR036W	6126
intergenic*YHR036W_YHR037W	6127
YHR037W	6128
intergenic*YHR037W_YHR038W	6129
YHR038W	6130
intergenic*YHR038W_YHR039C	6131
YHR039C	6132
intergenic*YHR039C_YHR039C-A	6133
YHR039C-A	6134
intergenic*YHR039C-A_YHR040W	6135
YHR040W	6136
intergenic*YHR040W_YHR041C	6137
YHR041C	6138
intergenic*YHR041C_YHR042W	6139
YHR042W	6140
intergenic*YHR042W_YHR043C	6141
YHR043C	6142
intergenic*YHR043C_YHR044C	6143
YHR044C	6144
intergenic*YHR044C_YHR045W	6145
YHR045W	6146
intergenic*YHR045W_YHR046C	6147
YHR046C	6148
intergenic*YHR046C_YHR047C	6149
YHR047C	6150
intergenic*YHR047C_YHR048W	6151
YHR048W	6152
intergenic*YHR048W_YHR049W	6153
YHR049W	6154
intergenic*YHR049W_YHR049C-A	6155
YHR049C-A	6156
intergenic*YHR049C-A_YHR050W	6157
YHR050W	6158
intergenic*YHR050W_YHR050W-A	6159
YHR050W-A	6160
intergenic*YHR050W-A_YHR051W	6161
YHR051W	6162
intergenic*YHR051W_YHR052W	6163
YHR052W	6164
intergenic*YHR052W_RUF5-1	6165
RUF5-1	6166
YHR052W-A	6167
YHR053C	6168
ARS810	6169
YHR054C	6170
intergenic*YHR054C_RUF5-2	6171
RUF5-2	6172
YHR054W-A	6173
YHR055C	6174
ARS811	6175
YHR056C	6176
YHR056W-A	6177
intergenic*YHR056W-A_YHR057C	6178
YHR057C	6179
intergenic*YHR057C_YHR058C	6180
YHR058C	6181
intergenic*YHR058C_YHR059W	6182
YHR059W	6183
intergenic*YHR059W_YHR060W	6184
YHR060W	6185
intergenic*YHR060W_YHR061C	6186
YHR061C	6187
intergenic*YHR061C_YHR062C	6188
YHR062C	6189
intergenic*YHR062C_YHR063C	6190
YHR063C	6191
intergenic*YHR063C_YHR063W-A	6192
YHR063W-A	6193
YHR064C	6194
intergenic*YHR064C_YHR065C	6195
YHR065C	6196
intergenic*YHR065C_YHR066W	6197
YHR066W	6198
intergenic*YHR066W_YHR067W	6199
YHR067W	6200
intergenic*YHR067W_YHR068W	6201
YHR068W	6202
intergenic*YHR068W_YHR069C	6203
YHR069C	6204
intergenic*YHR069C_YHR069C-A	6205
YHR069C-A	6206
YHR070W	6207
YHR070C-A	6208
intergenic*YHR070C-A_YHR071W	6209
YHR071W	6210
intergenic*YHR071W_tF(GAA)H1	6211
tF(GAA)H1	6212
intergenic*tF(GAA)H1_YHR071C-A	6213
YHR071C-A	6214
YHR072W	6215
intergenic*YHR072W_YHR072W-A	6216
YHR072W-A	6217
intergenic*YHR072W-A_YHR073W	6218
YHR073W	6219
YHR073W-A	6220
YHR073C-B	6221
intergenic*YHR073W_ARS813	6222
ARS813	6223
intergenic*ARS813_YHR074W	6224
YHR074W	6225
intergenic*YHR074W_YHR075C	6226
YHR075C	6227
intergenic*YHR075C_YHR076W	6228
YHR076W	6229
intergenic*YHR076W_YHR077C	6230
YHR077C	6231
intergenic*YHR077C_YHR078W	6232
YHR078W	6233
intergenic*YHR078W_YHR079C	6234
YHR079C	6235
intergenic*YHR079C_YHR079C-A	6236
YHR079C-A	6237
intergenic*YHR079C-A_YHR080C	6238
YHR080C	6239
intergenic*YHR080C_YHR081W	6240
YHR081W	6241
intergenic*YHR081W_YHR082C	6242
YHR082C	6243
intergenic*YHR082C_YHR083W	6244
YHR083W	6245
intergenic*YHR083W_YHR084W	6246
YHR084W	6247
intergenic*YHR084W_YHR085W	6248
YHR085W	6249
intergenic*YHR085W_YHR086W	6250
YHR086W	6251
intergenic*YHR086W_YHR086W-A	6252
YHR086W-A	6253
intergenic*YHR086W-A_YHR087W	6254
YHR087W	6255
intergenic*YHR087W_YHR088W	6256
YHR088W	6257
intergenic*YHR088W_YHR089C	6258
YHR089C	6259
intergenic*YHR089C_YHR090C	6260
YHR090C	6261
intergenic*YHR090C_YHR092C	6262
YHR091C	6263
ARS814	6264
YHR092C	6265
intergenic*YHR092C_YHR093W	6266
YHR093W	6267
intergenic*YHR093W_YHR094C	6268
YHR094C	6269
intergenic*YHR094C_YHR095W	6270
YHR095W	6271
intergenic*YHR095W_YHR096C	6272
YHR096C	6273
intergenic*YHR096C_ARS815	6274
ARS815	6275
intergenic*ARS815_YHR097C	6276
YHR097C	6277
intergenic*YHR097C_YHR098C	6278
YHR098C	6279
intergenic*YHR098C_YHR099W	6280
YHR099W	6281
intergenic*YHR099W_YHR100C	6282
YHR100C	6283
intergenic*YHR100C_YHR101C	6284
YHR101C	6285
intergenic*YHR101C_YHR102W	6286
YHR102W	6287
intergenic*YHR102W_YHR103W	6288
YHR103W	6289
intergenic*YHR103W_YHR104W	6290
YHR104W	6291
intergenic*YHR104W_YHR105W	6292
YHR105W	6293
intergenic*YHR105W_YHR106W	6294
YHR106W	6295
intergenic*YHR106W_YHR107C	6296
YHR107C	6297
intergenic*YHR107C_YHR108W	6298
YHR108W	6299
intergenic*YHR108W_YHR109W	6300
YHR109W	6301
intergenic*YHR109W_YHR110W	6302
YHR110W	6303
intergenic*YHR110W_YHR111W	6304
YHR111W	6305
intergenic*YHR111W_YHR112C	6306
YHR112C	6307
intergenic*YHR112C_YHR113W	6308
YHR113W	6309
intergenic*YHR113W_YHR114W	6310
YHR114W	6311
intergenic*YHR114W_YHR115C	6312
YHR115C	6313
intergenic*YHR115C_YHR116W	6314
YHR116W	6315
intergenic*YHR116W_YHR117W	6316
YHR117W	6317
intergenic*YHR117W_YHR118C	6318
YHR118C	6319
intergenic*YHR118C_YHR119W	6320
YHR119W	6321
intergenic*YHR119W_YHR120W	6322
YHR120W	6323
intergenic*YHR120W_YHR121W	6324
YHR121W	6325
intergenic*YHR121W_YHR122W	6326
YHR122W	6327
intergenic*YHR122W_YHR123W	6328
YHR123W	6329
intergenic*YHR123W_YHR124W	6330
YHR124W	6331
intergenic*YHR124W_tF(GAA)H2	6332
tF(GAA)H2	6333
intergenic*tF(GAA)H2_YHRCdelta8	6334
YHRCdelta8	6335
YHRCtau4	6336
YHR125W	6337
YHRWdelta9	6338
intergenic*YHRWdelta9_YHR126C	6339
YHR126C	6340
intergenic*YHR126C_YHR127W	6341
YHR127W	6342
intergenic*YHR127W_YHR128W	6343
YHR128W	6344
intergenic*YHR128W_YHR129C	6345
YHR129C	6346
intergenic*YHR129C_YHR130C	6347
YHR130C	6348
intergenic*YHR130C_YHR131C	6349
YHR131C	6350
YHR131W-A	6351
intergenic*YHR131W-A_YHR132C	6352
YHR132C	6353
intergenic*YHR132C_YHR132W-A	6354
YHR132W-A	6355
intergenic*YHR132W-A_YHR133C	6356
YHR133C	6357
intergenic*YHR133C_YHR134W	6358
YHR134W	6359
intergenic*YHR134W_YHR135C	6360
YHR135C	6361
intergenic*YHR135C_YHR136C	6362
YHR136C	6363
intergenic*YHR136C_YHR137W	6364
YHR137W	6365
YHR137C-A	6366
intergenic*YHR137W_YHR138C	6367
YHR138C	6368
intergenic*YHR138C_YHR139C	6369
YHR139C	6370
intergenic*YHR139C_YHR139C-A	6371
YHR139C-A	6372
intergenic*YHR139C-A_YHR140W	6373
YHR140W	6374
intergenic*YHR140W_snR32	6375
snR32	6376
intergenic*snR32_YHR141C	6377
YHR141C	6378
intergenic*YHR141C_YHR142W	6379
YHR142W	6380
intergenic*YHR142W_YHR143W	6381
YHR143W	6382
intergenic*YHR143W_YHR143W-A	6383
YHR143W-A	6384
intergenic*YHR143W-A_YHR144C	6385
YHR144C	6386
intergenic*YHR144C_tP(UGG)H	6387
tP(UGG)H	6388
YHR145C	6389
YHRCdelta10	6390
intergenic*YHRCdelta10_YHRCdelta11	6391
YHRCdelta11	6392
intergenic*YHRCdelta11_YHR146W	6393
YHR146W	6394
intergenic*YHR146W_ARS818	6395
ARS818	6396
intergenic*ARS818_YHR147C	6397
YHR147C	6398
intergenic*YHR147C_YHR148W	6399
YHR148W	6400
intergenic*YHR148W_YHR149C	6401
YHR149C	6402
intergenic*YHR149C_YHR150W	6403
YHR150W	6404
intergenic*YHR150W_YHR151C	6405
YHR151C	6406
intergenic*YHR151C_YHR152W	6407
YHR152W	6408
intergenic*YHR152W_YHR153C	6409
YHR153C	6410
intergenic*YHR153C_YHR154W	6411
YHR154W	6412
intergenic*YHR154W_YHR155W	6413
YHR155W	6414
intergenic*YHR155W_snR71	6415
snR71	6416
intergenic*snR71_YHR156C	6417
YHR156C	6418
intergenic*YHR156C_YHR157W	6419
YHR157W	6420
intergenic*YHR157W_YHR158C	6421
YHR158C	6422
intergenic*YHR158C_YHR159W	6423
YHR159W	6424
intergenic*YHR159W_YHR160C	6425
YHR160C	6426
intergenic*YHR160C_YHR161C	6427
YHR161C	6428
intergenic*YHR161C_YHR162W	6429
YHR162W	6430
intergenic*YHR162W_YHR163W	6431
YHR163W	6432
intergenic*YHR163W_YHR164C	6433
YHR164C	6434
intergenic*YHR164C_YHR165C	6435
YHR165C	6436
YHR165W-A	6437
intergenic*YHR165W-A_YHR166C	6438
YHR166C	6439
intergenic*YHR166C_YHR167W	6440
YHR167W	6441
intergenic*YHR167W_YHR168W	6442
YHR168W	6443
intergenic*YHR168W_YHR169W	6444
YHR169W	6445
intergenic*YHR169W_YHR170W	6446
YHR170W	6447
intergenic*YHR170W_YHR171W	6448
YHR171W	6449
intergenic*YHR171W_ARS820	6450
ARS820	6451
intergenic*ARS820_YHR172W	6452
YHR172W	6453
intergenic*YHR172W_YHR173C	6454
YHR173C	6455
intergenic*YHR173C_YHR174W	6456
YHR174W	6457
intergenic*YHR174W_YHR175W	6458
YHR175W	6459
intergenic*YHR175W_YHR175W-A	6460
YHR175W-A	6461
intergenic*YHR175W-A_YHR176W	6462
YHR176W	6463
intergenic*YHR176W_YHR177W	6464
YHR177W	6465
intergenic*YHR177W_YHR178W	6466
YHR178W	6467
intergenic*YHR178W_YHR179W	6468
YHR179W	6469
intergenic*YHR179W_YHRCdelta12	6470
YHRCdelta12	6471
intergenic*YHRCdelta12_YHR180W	6472
YHR180W	6473
intergenic*YHR180W_YHRWdelta13	6474
YHRWdelta13	6475
intergenic*YHRWdelta13_YHRCsigma3	6476
YHRCsigma3	6477
YHR180W-A	6478
YHR180C-B	6479
tT(UGU)H	6480
intergenic*YHR180C-B_YHR181W	6481
YHR181W	6482
intergenic*YHR181W_YHR182W	6483
YHR182W	6484
intergenic*YHR182W_YHR182C-A	6485
YHR182C-A	6486
YHR183W	6487
intergenic*YHR183W_YHR184W	6488
YHR184W	6489
intergenic*YHR184W_YHR185C	6490
YHR185C	6491
intergenic*YHR185C_tV(CAC)H	6492
tV(CAC)H	6493
intergenic*tV(CAC)H_YHR186C	6494
YHR186C	6495
intergenic*YHR186C_YHR187W	6496
YHR187W	6497
intergenic*YHR187W_YHR188C	6498
YHR188C	6499
intergenic*YHR188C_YHR189W	6500
YHR189W	6501
intergenic*YHR189W_YHR190W	6502
YHR190W	6503
intergenic*YHR190W_YHR191C	6504
YHR191C	6505
intergenic*YHR191C_YHR192W	6506
YHR192W	6507
intergenic*YHR192W_YHR193C	6508
YHR193C	6509
intergenic*YHR193C_YHR193C-A	6510
YHR193C-A	6511
YHR194W	6512
intergenic*YHR194W_YHR195W	6513
YHR195W	6514
intergenic*YHR195W_YHR196W	6515
YHR196W	6516
intergenic*YHR196W_YHR197W	6517
YHR197W	6518
intergenic*YHR197W_YHR198C	6519
YHR198C	6520
intergenic*YHR198C_YHR199C	6521
YHR199C	6522
intergenic*YHR199C_YHR199C-A	6523
YHR199C-A	6524
intergenic*YHR199C-A_YHR200W	6525
YHR200W	6526
intergenic*YHR200W_YHR201C	6527
YHR201C	6528
intergenic*YHR201C_ARS822	6529
ARS822	6530
intergenic*ARS822_YHR202W	6531
YHR202W	6532
intergenic*YHR202W_YHR203C	6533
YHR203C	6534
intergenic*YHR203C_YHR204W	6535
YHR204W	6536
intergenic*YHR204W_YHR205W	6537
YHR205W	6538
intergenic*YHR205W_YHR206W	6539
YHR206W	6540
intergenic*YHR206W_YHR207C	6541
YHR207C	6542
intergenic*YHR207C_YHR208W	6543
YHR208W	6544
intergenic*YHR208W_YHR209W	6545
YHR209W	6546
intergenic*YHR209W_YHR210C	6547
YHR210C	6548
intergenic*YHR210C_YHR211W	6549
YHR211W	6550
intergenic*YHR211W_YHRCdelta14	6551
YHRCdelta14	6552
intergenic*YHRCdelta14_YHR212C	6553
YHR212C	6554
intergenic*YHR212C_YHR212W-A	6555
YHR212W-A	6556
intergenic*YHR212W-A_YHR213W	6557
YHR213W	6558
intergenic*YHR213W_YHR213W-A	6559
YHR213W-A	6560
intergenic*YHR213W-A_YHR213W-B	6561
YHR213W-B	6562
intergenic*YHR213W-B_YHR214W	6563
YHR214W	6564
intergenic*YHR214W_YHR214W-A	6565
YHR214W-A	6566
intergenic*YHR214W-A_YHRCTy1-1	6567
YHRCdelta15	6568
YHRCTy1-1	6569
YHR214C-B	6570
YHR214C-C	6571
YHRCdelta16	6572
intergenic*YHRCTy1-1_YHR214C-D	6573
YHR214C-D	6574
intergenic*YHR214C-D_YHR214C-E	6575
YHR214C-E	6576
intergenic*YHR214C-E_YHR215W	6577
YHR215W	6578
intergenic*YHR215W_YHR216W	6579
YHR216W	6580
intergenic*YHR216W_ARS824	6581
ARS824	6582
TEL08R	6583
YHR217C	6584
YHR218W	6585
YHR218W-A	6586
YHR219W	6587
YHR219C-A	6588
TEL09L	6589
YIL177C	6590
YIL177W-A	6591
ARS902	6592
YIL176C	6593
intergenic*YIL176C_YIL173W	6594
YIL173W	6595
ARS904	6596
YIL172C	6597
YIL171W-A	6598
intergenic*YIL171W-A_YIL169C	6599
YIL169C	6600
intergenic*YIL169C_YIL166C	6601
YIL166C	6602
intergenic*YIL166C_YIL165C	6603
YIL165C	6604
intergenic*YIL165C_YIL164C	6605
YIL164C	6606
intergenic*YIL164C_YIL163C	6607
YIL163C	6608
intergenic*YIL163C_YIL162W	6609
YIL162W	6610
intergenic*YIL162W_YIL161W	6611
YIL161W	6612
intergenic*YIL161W_YIL160C	6613
YIL160C	6614
intergenic*YIL160C_YIL159W	6615
YIL159W	6616
intergenic*YIL159W_YIL158W	6617
YIL158W	6618
intergenic*YIL158W_YIL157C	6619
YIL157C	6620
YIL156W-A	6621
YIL156W-B	6622
intergenic*YIL156W-B_YIL156W	6623
YIL156W	6624
intergenic*YIL156W_YIL155C	6625
YIL155C	6626
intergenic*YIL155C_YIL154C	6627
YIL154C	6628
intergenic*YIL154C_YIL153W	6629
YIL153W	6630
intergenic*YIL153W_YIL152W	6631
YIL152W	6632
intergenic*YIL152W_YIL151C	6633
YIL151C	6634
intergenic*YIL151C_YIL150C	6635
YIL150C	6636
intergenic*YIL150C_YIL149C	6637
YIL149C	6638
intergenic*YIL149C_YIL148W	6639
YIL148W	6640
intergenic*YIL148W_YIL147C	6641
YIL147C	6642
intergenic*YIL147C_ARS907	6643
ARS907	6644
intergenic*ARS907_YIL146C	6645
YIL146C	6646
intergenic*YIL146C_YIL145C	6647
YIL145C	6648
intergenic*YIL145C_YIL144W	6649
YIL144W	6650
intergenic*YIL144W_YIL143C	6651
YIL143C	6652
intergenic*YIL143C_YIL142C-A	6653
YIL142C-A	6654
YIL142W	6655
intergenic*YIL142W_YIL141W	6656
YIL141W	6657
YIL140W	6658
intergenic*YIL140W_YIL139C	6659
YIL139C	6660
intergenic*YIL139C_YIL138C	6661
YIL138C	6662
intergenic*YIL138C_YIL137C	6663
YIL137C	6664
intergenic*YIL137C_YIL136W	6665
YIL136W	6666
intergenic*YIL136W_YIL135C	6667
YIL135C	6668
intergenic*YIL135C_YIL134C-A	6669
YIL134C-A	6670
intergenic*YIL134C-A_snR68	6671
snR68	6672
intergenic*snR68_YIL134W	6673
YIL134W	6674
intergenic*YIL134W_YIL133C	6675
YIL133C	6676
intergenic*YIL133C_YIL132C	6677
YIL132C	6678
intergenic*YIL132C_YIL131C	6679
YIL131C	6680
intergenic*YIL131C_YIL130W	6681
YIL130W	6682
intergenic*YIL130W_ARS909	6683
ARS909	6684
intergenic*ARS909_YIL128W	6685
YIL129C	6686
ARS910	6687
YIL128W	6688
intergenic*YIL128W_YIL127C	6689
YIL127C	6690
intergenic*YIL127C_YIL126W	6691
YIL126W	6692
intergenic*YIL126W_YIL125W	6693
YIL125W	6694
intergenic*YIL125W_YIL124W	6695
YIL124W	6696
intergenic*YIL124W_YIL123W	6697
YIL123W	6698
intergenic*YIL123W_YIL122W	6699
YIL122W	6700
intergenic*YIL122W_YIL121W	6701
YIL121W	6702
intergenic*YIL121W_YIL120W	6703
YIL120W	6704
ARS911	6705
intergenic*ARS911_YIL119C	6706
YIL119C	6707
intergenic*YIL119C_YIL118W	6708
YIL118W	6709
intergenic*YIL118W_YIL117C	6710
YIL117C	6711
intergenic*YIL117C_YIL116W	6712
YIL116W	6713
intergenic*YIL116W_YIL115W-A	6714
YIL115W-A	6715
YIL115C	6716
intergenic*YIL115C_YIL114C	6717
YIL114C	6718
intergenic*YIL114C_YIL113W	6719
YIL113W	6720
intergenic*YIL113W_YIL112W	6721
YIL112W	6722
intergenic*YIL112W_YIL111W	6723
YIL111W	6724
intergenic*YIL111W_YIL110W	6725
YIL110W	6726
intergenic*YIL110W_YIL109C	6727
YIL109C	6728
intergenic*YIL109C_YIL108W	6729
YIL108W	6730
intergenic*YIL108W_YIL107C	6731
YIL107C	6732
intergenic*YIL107C_YIL106W	6733
YIL106W	6734
intergenic*YIL106W_YIL105C	6735
YIL105C	6736
YIL105W-A	6737
intergenic*YIL105C_YIL104C	6738
YIL104C	6739
intergenic*YIL104C_YIL103W	6740
YIL103W	6741
intergenic*YIL103W_YIL102C-A	6742
YIL102C-A	6743
intergenic*YIL102C-A_YIL102C	6744
YIL102C	6745
intergenic*YIL102C_tT(AGU)I1	6746
tT(AGU)I1	6747
ARS912	6748
YIL101C	6749
intergenic*YIL101C_YIL100C-A	6750
YIL100C-A	6751
YIL100W	6752
intergenic*YIL100W_YIL099W	6753
YIL099W	6754
intergenic*YIL099W_YIL098C	6755
YIL098C	6756
intergenic*YIL098C_YIL097W	6757
YIL097W	6758
intergenic*YIL097W_YIL096C	6759
YIL096C	6760
intergenic*YIL096C_tI(AAU)I1	6761
tI(AAU)I1	6762
intergenic*tI(AAU)I1_YIL095W	6763
YIL095W	6764
intergenic*YIL095W_YIL094C	6765
YIL094C	6766
intergenic*YIL094C_YIL093C	6767
YIL093C	6768
intergenic*YIL093C_YIL092W	6769
YIL092W	6770
intergenic*YIL092W_YIL091C	6771
YIL091C	6772
intergenic*YIL091C_YIL090W	6773
YIL090W	6774
intergenic*YIL090W_YIL089W	6775
YIL089W	6776
intergenic*YIL089W_YILCtau1	6777
YILCtau1	6778
intergenic*YILCtau1_YILCdelta1	6779
YILCdelta1	6780
intergenic*YILCdelta1_tE(CUC)I	6781
tE(CUC)I	6782
intergenic*tE(CUC)I_YIL088C	6783
YIL088C	6784
intergenic*YIL088C_YIL087C	6785
YIL087C	6786
intergenic*YIL087C_YIL086C	6787
YIL086C	6788
intergenic*YIL086C_YIL085C	6789
YIL085C	6790
intergenic*YIL085C_YIL084C	6791
YIL084C	6792
intergenic*YIL084C_YIL083C	6793
YIL083C	6794
intergenic*YIL083C_YILWTy3-1	6795
YILWsigma1	6796
YILWTy3-1	6797
YIL082W	6798
YIL082W-A	6799
YILWsigma2	6800
intergenic*YILWTy3-1_tI(AAU)I2	6801
tI(AAU)I2	6802
intergenic*tI(AAU)I2_YIL079C	6803
YIL079C	6804
intergenic*YIL079C_YIL078W	6805
YIL078W	6806
ARS913	6807
intergenic*ARS913_YIL077C	6808
YIL077C	6809
intergenic*YIL077C_YIL076W	6810
YIL076W	6811
intergenic*YIL076W_YIL075C	6812
YIL075C	6813
intergenic*YIL075C_YIL074C	6814
YIL074C	6815
intergenic*YIL074C_YIL073C	6816
YIL073C	6817
intergenic*YIL073C_YIL072W	6818
YIL072W	6819
intergenic*YIL072W_YIL071W-A	6820
YIL071W-A	6821
YIL071C	6822
intergenic*YIL071C_YIL070C	6823
YIL070C	6824
intergenic*YIL070C_YIL069C	6825
YIL069C	6826
intergenic*YIL069C_YIL068W-A	6827
YIL068W-A	6828
YIL068C	6829
intergenic*YIL068C_YIL067C	6830
YIL067C	6831
YIL066W-A	6832
intergenic*YIL066W-A_YIL066C	6833
YIL066C	6834
intergenic*YIL066C_YIL065C	6835
YIL065C	6836
intergenic*YIL065C_YIL064W	6837
YIL064W	6838
intergenic*YIL064W_YIL063C	6839
YIL063C	6840
intergenic*YIL063C_YIL062C	6841
YIL062C	6842
intergenic*YIL062C_YIL061C	6843
YIL061C	6844
intergenic*YIL061C_ARS923	6845
ARS923	6846
intergenic*ARS923_YILWdelta2	6847
YILWdelta2	6848
YIL060W	6849
YIL059C	6850
YIL058W	6851
intergenic*YIL058W_ARS914	6852
ARS914	6853
intergenic*ARS914_tS(UGA)I	6854
YIL057C	6855
ARS915	6856
tS(UGA)I	6857
intergenic*tS(UGA)I_YIL056W	6858
YIL056W	6859
intergenic*YIL056W_YIL055C	6860
YIL055C	6861
intergenic*YIL055C_YIL054W	6862
YIL054W	6863
intergenic*YIL054W_YIL053W	6864
YIL053W	6865
intergenic*YIL053W_YIL052C	6866
YIL052C	6867
intergenic*YIL052C_YIL051C	6868
YIL051C	6869
intergenic*YIL051C_YIL050W	6870
YIL050W	6871
intergenic*YIL050W_YIL049W	6872
YIL049W	6873
intergenic*YIL049W_YIL048W	6874
YIL048W	6875
intergenic*YIL048W_YIL047C-A	6876
YIL047C-A	6877
YIL047C	6878
intergenic*YIL047C_YIL046W-A	6879
YIL046W-A	6880
intergenic*YIL046W-A_YIL046W	6881
YIL046W	6882
intergenic*YIL046W_YIL045W	6883
YIL045W	6884
intergenic*YIL045W_YIL044C	6885
YIL044C	6886
intergenic*YIL044C_YIL043C	6887
YIL043C	6888
intergenic*YIL043C_YIL042C	6889
YIL042C	6890
intergenic*YIL042C_YIL041W	6891
YIL041W	6892
intergenic*YIL041W_YIL040W	6893
YIL040W	6894
intergenic*YIL040W_YIL039W	6895
YIL039W	6896
intergenic*YIL039W_YIL038C	6897
YIL038C	6898
intergenic*YIL038C_YIL037C	6899
YIL037C	6900
intergenic*YIL037C_YIL036W	6901
YIL036W	6902
intergenic*YIL036W_YIL035C	6903
YIL035C	6904
intergenic*YIL035C_YIL034C	6905
YIL034C	6906
intergenic*YIL034C_YIL033C	6907
YIL033C	6908
intergenic*YIL033C_YIL032C	6909
YIL032C	6910
intergenic*YIL032C_YIL031W	6911
YIL031W	6912
YIL030W-A	6913
intergenic*YIL030W-A_YIL030C	6914
YIL030C	6915
YIL029W-A	6916
intergenic*YIL029W-A_tK(CUU)I	6917
tK(CUU)I	6918
intergenic*tK(CUU)I_YILCdelta3	6919
YILCdelta3	6920
intergenic*YILCdelta3_YIL029C	6921
YIL029C	6922
intergenic*YIL029C_YIL028W	6923
YIL028W	6924
intergenic*YIL028W_YIL027C	6925
YIL027C	6926
intergenic*YIL027C_YIL026C	6927
YIL026C	6928
intergenic*YIL026C_YIL025C	6929
YIL025C	6930
intergenic*YIL025C_YIL024C	6931
YIL024C	6932
intergenic*YIL024C_YIL023C	6933
YIL023C	6934
intergenic*YIL023C_YIL022W	6935
YIL022W	6936
intergenic*YIL022W_YIL021W	6937
YIL021W	6938
YIL021C-A	6939
YIL020C-A	6940
ARS918	6941
YIL020C	6942
intergenic*YIL020C_YIL019W	6943
YIL019W	6944
intergenic*YIL019W_YIL018W	6945
YIL018W	6946
intergenic*YIL018W_YIL017C	6947
YIL017C	6948
intergenic*YIL017C_YIL016W	6949
YIL016W	6950
intergenic*YIL016W_YIL015W	6951
YIL015W	6952
intergenic*YIL015W_tD(GUC)I1	6953
tD(GUC)I1	6954
intergenic*tD(GUC)I1_YILWsigma3	6955
YILWsigma3	6956
intergenic*YILWsigma3_YILWdelta4	6957
YILWdelta4	6958
intergenic*YILWdelta4_YIL014C-A	6959
YIL014C-A	6960
intergenic*YIL014C-A_tT(AGU)I2	6961
tT(AGU)I2	6962
intergenic*tT(AGU)I2_YIL014W	6963
YIL014W	6964
intergenic*YIL014W_YIL013C	6965
YIL013C	6966
intergenic*YIL013C_YIL012W	6967
YIL012W	6968
intergenic*YIL012W_YIL011W	6969
YIL011W	6970
intergenic*YIL011W_YIL010W	6971
YIL010W	6972
intergenic*YIL010W_YIL009C-A	6973
YIL009C-A	6974
intergenic*YIL009C-A_tD(GUC)I2	6975
tD(GUC)I2	6976
intergenic*tD(GUC)I2_YILCdelta5	6977
YILCdelta5	6978
intergenic*YILCdelta5_YIL009W	6979
YIL009W	6980
intergenic*YIL009W_ARS919	6981
ARS919	6982
intergenic*ARS919_YIL008W	6983
YIL008W	6984
intergenic*YIL008W_YIL007C	6985
YIL007C	6986
intergenic*YIL007C_YIL006W	6987
YIL006W	6988
intergenic*YIL006W_YIL005W	6989
YIL005W	6990
intergenic*YIL005W_YIL004C	6991
YIL004C	6992
intergenic*YIL004C_YIL003W	6993
YIL003W	6994
intergenic*YIL003W_YIL002W-A	6995
YIL002W-A	6996
intergenic*YIL002W-A_YIL002C	6997
YIL002C	6998
intergenic*YIL002C_YIL001W	6999
YIL001W	7000
intergenic*YIL001W_CEN9	7001
CEN9	7002
intergenic*CEN9_YIR001C	7003
YIR001C	7004
intergenic*YIR001C_ARS920	7005
ARS920	7006
intergenic*ARS920_YIR002C	7007
YIR002C	7008
intergenic*YIR002C_YIR004W	7009
YIR003W	7010
ARS921	7011
YIR004W	7012
intergenic*YIR004W_YIR005W	7013
YIR005W	7014
intergenic*YIR005W_YIR006C	7015
YIR006C	7016
intergenic*YIR006C_tE(UUC)I	7017
tE(UUC)I	7018
intergenic*tE(UUC)I_YIR007W	7019
YIR007W	7020
intergenic*YIR007W_YIR008C	7021
YIR008C	7022
intergenic*YIR008C_YIR009W	7023
YIR009W	7024
intergenic*YIR009W_YIR010W	7025
YIR010W	7026
intergenic*YIR010W_YIR011C	7027
YIR011C	7028
intergenic*YIR011C_YIR012W	7029
YIR012W	7030
intergenic*YIR012W_YIR013C	7031
YIR013C	7032
intergenic*YIR013C_YIR014W	7033
YIR014W	7034
intergenic*YIR014W_YIR015W	7035
YIR015W	7036
intergenic*YIR015W_YIR016W	7037
YIR016W	7038
intergenic*YIR016W_YIR017C	7039
YIR017C	7040
YIR017W-A	7041
intergenic*YIR017W-A_YIR018W	7042
YIR018W	7043
intergenic*YIR018W_YIR018C-A	7044
YIR018C-A	7045
intergenic*YIR018C-A_YIR019C	7046
YIR019C	7047
intergenic*YIR019C_ICR1	7048
ICR1	7049
YIR020C	7050
YIR020W-A	7051
intergenic*YIR020W-A_PWR1	7052
PWR1	7053
intergenic*PWR1_YIR020C-B	7054
YIR020C-B	7055
YIR021W	7056
intergenic*YIR021W_YIR021W-A	7057
YIR021W-A	7058
intergenic*YIR021W-A_YIR022W	7059
YIR022W	7060
intergenic*YIR022W_YIR023W	7061
YIR023W	7062
YIR023C-A	7063
intergenic*YIR023C-A_YIR024C	7064
YIR024C	7065
intergenic*YIR024C_YIR025W	7066
YIR025W	7067
intergenic*YIR025W_YIR026C	7068
YIR026C	7069
intergenic*YIR026C_YIR027C	7070
YIR027C	7071
intergenic*YIR027C_YIR028W	7072
YIR028W	7073
intergenic*YIR028W_YIR029W	7074
YIR029W	7075
intergenic*YIR029W_ARS922	7076
ARS922	7077
intergenic*ARS922_YIR030C	7078
YIR030C	7079
intergenic*YIR030C_YIR030W-A	7080
YIR030W-A	7081
YIR031C	7082
intergenic*YIR031C_YIR032C	7083
YIR032C	7084
intergenic*YIR032C_YIR033W	7085
YIR033W	7086
intergenic*YIR033W_YIR034C	7087
YIR034C	7088
intergenic*YIR034C_YIR035C	7089
YIR035C	7090
intergenic*YIR035C_YIR036C	7091
YIR036C	7092
YIR036W-A	7093
intergenic*YIR036W-A_YIR037W	7094
YIR037W	7095
intergenic*YIR037W_YIR038C	7096
YIR038C	7097
intergenic*YIR038C_YIRCdelta6	7098
YIRCdelta6	7099
intergenic*YIRCdelta6_YIR039C	7100
YIR039C	7101
intergenic*YIR039C_YIR040C	7102
YIR040C	7103
intergenic*YIR040C_YIR041W	7104
YIR041W	7105
intergenic*YIR041W_YIR042C	7106
YIR042C	7107
intergenic*YIR042C_TEL09R	7108
TEL09R	7109
TEL10L	7110
ARS1001	7111
YJL225C	7112
YJL225W-A	7113
ARS1002	7114
intergenic*ARS1002_YJL223C	7115
YJL223C	7116
intergenic*YJL223C_YJL222W-B	7117
YJL222W-B	7118
YJL222W-A	7119
intergenic*YJL222W-A_ARS1003	7120
YJL222W	7121
ARS1003	7122
intergenic*ARS1003_YJL221C	7123
YJL221C	7124
YJL220W	7125
intergenic*YJL220W_YJL219W	7126
YJL219W	7127
intergenic*YJL219W_YJL218W	7128
YJL218W	7129
intergenic*YJL218W_YJL217W	7130
YJL217W	7131
ARS1004	7132
intergenic*ARS1004_YJL216C	7133
YJL216C	7134
intergenic*YJL216C_YJL215C	7135
YJL215C	7136
intergenic*YJL215C_YJL214W	7137
YJL214W	7138
intergenic*YJL214W_YJL213W	7139
YJL213W	7140
intergenic*YJL213W_YJL212C	7141
YJL212C	7142
intergenic*YJL212C_YJL211C	7143
YJL211C	7144
YJL210W	7145
intergenic*YJL210W_YJL209W	7146
YJL209W	7147
intergenic*YJL209W_YJL208C	7148
YJL208C	7149
intergenic*YJL208C_YJL207C	7150
YJL207C	7151
intergenic*YJL207C_YJL206C	7152
YJL206C	7153
intergenic*YJL206C_YJL205C	7154
YJL205C	7155
intergenic*YJL205C_YJL204C	7156
YJL204C	7157
intergenic*YJL204C_YJL203W	7158
YJL203W	7159
YJL202C	7160
intergenic*YJL202C_YJL201W	7161
YJL201W	7162
intergenic*YJL201W_YJL200C	7163
YJL200C	7164
intergenic*YJL200C_tT(AGU)J	7165
tT(AGU)J	7166
intergenic*tT(AGU)J_YJLWdelta1	7167
YJLWdelta1	7168
intergenic*YJLWdelta1_YJL199C	7169
YJL199C	7170
intergenic*YJL199C_YJL198W	7171
YJL198W	7172
intergenic*YJL198W_YJL197W	7173
YJL197W	7174
YJL197C-A	7175
intergenic*YJL197C-A_ARS1005	7176
ARS1005	7177
intergenic*ARS1005_YJL196C	7178
YJL196C	7179
intergenic*YJL196C_YJL195C	7180
YJL195C	7181
YJL194W	7182
intergenic*YJL194W_YJL193W	7183
YJL193W	7184
intergenic*YJL193W_YJL192C	7185
YJL192C	7186
intergenic*YJL192C_YJL191W	7187
YJL191W	7188
intergenic*YJL191W_YJL190C	7189
YJL190C	7190
intergenic*YJL190C_YJL189W	7191
YJL189W	7192
YJL188C	7193
intergenic*YJL188C_YJL187C	7194
YJL187C	7195
intergenic*YJL187C_YJL186W	7196
YJL186W	7197
intergenic*YJL186W_YJL185C	7198
YJL185C	7199
intergenic*YJL185C_YJL184W	7200
YJL184W	7201
intergenic*YJL184W_YJL183W	7202
YJL183W	7203
intergenic*YJL183W_YJL182C	7204
YJL182C	7205
YJL181W	7206
intergenic*YJL181W_YJL180C	7207
YJL180C	7208
intergenic*YJL180C_YJL179W	7209
YJL179W	7210
intergenic*YJL179W_YJL178C	7211
YJL178C	7212
intergenic*YJL178C_YJL177W	7213
YJL177W	7214
intergenic*YJL177W_YJL176C	7215
YJL176C	7216
YJL175W	7217
intergenic*YJL175W_YJL174W	7218
YJL174W	7219
intergenic*YJL174W_YJL173C	7220
YJL173C	7221
intergenic*YJL173C_YJL172W	7222
YJL172W	7223
ARS1006	7224
intergenic*ARS1006_YJL171C	7225
YJL171C	7226
intergenic*YJL171C_YJL170C	7227
YJL170C	7228
intergenic*YJL170C_YJL169W	7229
YJL169W	7230
YJL168C	7231
intergenic*YJL168C_YJL167W	7232
YJL167W	7233
intergenic*YJL167W_YJL166W	7234
YJL166W	7235
intergenic*YJL166W_YJL165C	7236
YJL165C	7237
intergenic*YJL165C_YJL164C	7238
YJL164C	7239
intergenic*YJL164C_YJL163C	7240
YJL163C	7241
intergenic*YJL163C_ARS1007	7242
ARS1007	7243
intergenic*ARS1007_YJL162C	7244
YJL162C	7245
intergenic*YJL162C_tE(UUC)J	7246
tE(UUC)J	7247
intergenic*tE(UUC)J_YJL161W	7248
YJL161W	7249
intergenic*YJL161W_YJL160C	7250
YJL160C	7251
intergenic*YJL160C_YJL159W	7252
YJL159W	7253
intergenic*YJL159W_YJL158C	7254
YJL158C	7255
intergenic*YJL158C_YJL157C	7256
YJL157C	7257
intergenic*YJL157C_YJL156W-A	7258
YJL156W-A	7259
intergenic*YJL156W-A_YJL156C	7260
YJL156C	7261
intergenic*YJL156C_YJL155C	7262
YJL155C	7263
intergenic*YJL155C_YJL154C	7264
YJL154C	7265
intergenic*YJL154C_YJL153C	7266
YJL153C	7267
intergenic*YJL153C_YJL152W	7268
YJL152W	7269
YJL151C	7270
intergenic*YJL151C_YJL150W	7271
YJL150W	7272
YJL149W	7273
intergenic*YJL149W_snR128	7274
snR128	7275
intergenic*snR128_snR190	7276
snR190	7277
intergenic*snR190_YJL148W	7278
YJL148W	7279
intergenic*YJL148W_YJL147C	7280
YJL147C	7281
intergenic*YJL147C_YJL146W	7282
YJL146W	7283
intergenic*YJL146W_YJL145W	7284
YJL145W	7285
intergenic*YJL145W_YJL144W	7286
YJL144W	7287
intergenic*YJL144W_YJL143W	7288
YJL143W	7289
intergenic*YJL143W_YJL142C	7290
YJL142C	7291
YJL141C	7292
intergenic*YJL141C_YJL140W	7293
YJL140W	7294
intergenic*YJL140W_YJL139C	7295
YJL139C	7296
intergenic*YJL139C_YJL138C	7297
YJL138C	7298
intergenic*YJL138C_YJL137C	7299
YJL137C	7300
intergenic*YJL137C_YJL136W-A	7301
YJL136W-A	7302
intergenic*YJL136W-A_YJL136C	7303
YJL136C	7304
intergenic*YJL136C_YJL135W	7305
YJL135W	7306
YJL134W	7307
intergenic*YJL134W_YJL133C-A	7308
YJL133C-A	7309
intergenic*YJL133C-A_YJL133W	7310
YJL133W	7311
intergenic*YJL133W_YJL132W	7312
YJL132W	7313
intergenic*YJL132W_YJL131C	7314
YJL131C	7315
intergenic*YJL131C_YJL130C	7316
YJL130C	7317
intergenic*YJL130C_YJL129C	7318
YJL129C	7319
intergenic*YJL129C_YJL128C	7320
YJL128C	7321
intergenic*YJL128C_YJL127W-A	7322
YJL127W-A	7323
intergenic*YJL127W-A_YJL127C-B	7324
YJL127C-B	7325
intergenic*YJL127C-B_YJL127C	7326
YJL127C	7327
intergenic*YJL127C_YJL126W	7328
YJL126W	7329
intergenic*YJL126W_YJL125C	7330
YJL125C	7331
intergenic*YJL125C_YJL124C	7332
YJL124C	7333
intergenic*YJL124C_YJL123C	7334
YJL123C	7335
intergenic*YJL123C_YJL122W	7336
YJL122W	7337
intergenic*YJL122W_YJL121C	7338
YJL121C	7339
YJL120W	7340
intergenic*YJL120W_YJL119C	7341
YJL119C	7342
YJL118W	7343
intergenic*YJL118W_YJL117W	7344
YJL117W	7345
intergenic*YJL117W_YJL116C	7346
YJL116C	7347
intergenic*YJL116C_YJL115W	7348
YJL115W	7349
intergenic*YJL115W_tA(AGC)J	7350
tA(AGC)J	7351
intergenic*tA(AGC)J_YJLWsigma1	7352
YJLWsigma1	7353
intergenic*YJLWsigma1_YJLWTy4-1	7354
YJLWtau1	7355
YJLWTy4-1	7356
YJL114W	7357
YJL113W	7358
YJLWtau2	7359
intergenic*YJLWTy4-1_YJLCdelta3	7360
YJLCdelta3	7361
ARS1008	7362
tD(GUC)J1	7363
intergenic*ARS1008_YJL112W	7364
YJL112W	7365
intergenic*YJL112W_YJL111W	7366
YJL111W	7367
intergenic*YJL111W_YJL110C	7368
YJL110C	7369
intergenic*YJL110C_YJL109C	7370
YJL109C	7371
intergenic*YJL109C_YJL108C	7372
YJL108C	7373
YJL107C	7374
intergenic*YJL107C_YJL106W	7375
YJL106W	7376
intergenic*YJL106W_YJL105W	7377
YJL105W	7378
intergenic*YJL105W_YJL104W	7379
YJL104W	7380
intergenic*YJL104W_snR37	7381
snR37	7382
intergenic*snR37_ARS1009	7383
ARS1009	7384
YJL103C	7385
intergenic*YJL103C_YJL102W	7386
YJL102W	7387
intergenic*YJL102W_tR(ACG)J	7388
tR(ACG)J	7389
intergenic*tR(ACG)J_YJL101C	7390
YJL101C	7391
intergenic*YJL101C_YJL100W	7392
YJL100W	7393
intergenic*YJL100W_YJL099W	7394
YJL099W	7395
intergenic*YJL099W_YJL098W	7396
YJL098W	7397
intergenic*YJL098W_YJL097W	7398
YJL097W	7399
intergenic*YJL097W_YJL096W	7400
YJL096W	7401
intergenic*YJL096W_YJL095W	7402
YJL095W	7403
intergenic*YJL095W_YJL094C	7404
YJL094C	7405
intergenic*YJL094C_YJL093C	7406
YJL093C	7407
intergenic*YJL093C_YJL092W	7408
YJL092W	7409
intergenic*YJL092W_YJL091C	7410
YJL091C	7411
intergenic*YJL091C_YJL090C	7412
YJL090C	7413
intergenic*YJL090C_YJL089W	7414
YJL089W	7415
intergenic*YJL089W_YJL088W	7416
YJL088W	7417
intergenic*YJL088W_YJL087C	7418
YJL087C	7419
YJL086C	7420
YJL085W	7421
intergenic*YJL085W_YJL084C	7422
YJL084C	7423
intergenic*YJL084C_YJL083W	7424
YJL083W	7425
intergenic*YJL083W_YJL082W	7426
YJL082W	7427
intergenic*YJL082W_YJL081C	7428
YJL081C	7429
intergenic*YJL081C_YJL080C	7430
YJL080C	7431
intergenic*YJL080C_YJL079C	7432
YJL079C	7433
intergenic*YJL079C_YJL078C	7434
YJL078C	7435
intergenic*YJL078C_YJL077W-B	7436
YJL077W-B	7437
intergenic*YJL077W-B_YJL077C	7438
YJL077C	7439
YJL077W-A	7440
intergenic*YJL077C_YJL076W	7441
YJL076W	7442
YJL075C	7443
intergenic*YJL075C_ARS1010	7444
ARS1010	7445
YJL074C	7446
intergenic*YJL074C_YJL073W	7447
YJL073W	7448
intergenic*YJL073W_YJL072C	7449
YJL072C	7450
intergenic*YJL072C_YJL071W	7451
YJL071W	7452
intergenic*YJL071W_YJL070C	7453
YJL070C	7454
intergenic*YJL070C_YJL069C	7455
YJL069C	7456
intergenic*YJL069C_YJL068C	7457
YJL068C	7458
intergenic*YJL068C_YJL067W	7459
YJL067W	7460
YJL066C	7461
intergenic*YJL066C_YJL065C	7462
YJL065C	7463
YJL064W	7464
intergenic*YJL064W_YJL063C	7465
YJL063C	7466
intergenic*YJL063C_YJL062W-A	7467
YJL062W-A	7468
intergenic*YJL062W-A_YJL062W	7469
YJL062W	7470
intergenic*YJL062W_YJL061W	7471
YJL061W	7472
intergenic*YJL061W_YJL060W	7473
YJL060W	7474
intergenic*YJL060W_YJL059W	7475
YJL059W	7476
intergenic*YJL059W_YJL058C	7477
YJL058C	7478
intergenic*YJL058C_YJL057C	7479
YJL057C	7480
intergenic*YJL057C_YJL056C	7481
YJL056C	7482
intergenic*YJL056C_YJL055W	7483
YJL055W	7484
intergenic*YJL055W_YJL054W	7485
YJL054W	7486
intergenic*YJL054W_YJL053W	7487
YJL053W	7488
intergenic*YJL053W_ARS1011	7489
ARS1011	7490
intergenic*ARS1011_YJL052C-A	7491
YJL052C-A	7492
intergenic*YJL052C-A_YJL052W	7493
YJL052W	7494
intergenic*YJL052W_YJL051W	7495
YJL051W	7496
intergenic*YJL051W_YJL050W	7497
YJL050W	7498
intergenic*YJL050W_YJL049W	7499
YJL049W	7500
intergenic*YJL049W_YJL048C	7501
YJL048C	7502
intergenic*YJL048C_YJL047C-A	7503
YJL047C-A	7504
snR60	7505
intergenic*snR60_YJL047C	7506
YJL047C	7507
intergenic*YJL047C_YJL046W	7508
YJL046W	7509
intergenic*YJL046W_tY(GUA)J1	7510
tY(GUA)J1	7511
intergenic*tY(GUA)J1_YJLCdelta4	7512
YJLCdelta4	7513
YJLCdelta5	7514
intergenic*YJLCdelta4_tR(UCU)J1	7515
tR(UCU)J1	7516
intergenic*tR(UCU)J1_tD(GUC)J2	7517
tD(GUC)J2	7518
intergenic*tD(GUC)J2_YJL045W	7519
YJL045W	7520
intergenic*YJL045W_YJL044C	7521
YJL044C	7522
intergenic*YJL044C_YJL043W	7523
YJL043W	7524
intergenic*YJL043W_YJL042W	7525
YJL042W	7526
intergenic*YJL042W_YJL041W	7527
YJL041W	7528
intergenic*YJL041W_YJL039C	7529
YJL039C	7530
intergenic*YJL039C_tD(GUC)J3	7531
tD(GUC)J3	7532
intergenic*tD(GUC)J3_tR(UCU)J2	7533
tR(UCU)J2	7534
intergenic*tR(UCU)J2_YJLCdelta6	7535
YJLCdelta6	7536
ARS1012	7537
YJL038C	7538
ARS1013	7539
intergenic*ARS1013_YJL037W	7540
YJL037W	7541
intergenic*YJL037W_YJLCdelta7	7542
YJLCdelta7	7543
intergenic*YJLCdelta7_tV(AAC)J	7544
tV(AAC)J	7545
intergenic*tV(AAC)J_YJL036W	7546
YJL036W	7547
intergenic*YJL036W_YJL035C	7548
YJL035C	7549
intergenic*YJL035C_YJL034W	7550
YJL034W	7551
intergenic*YJL034W_YJL033W	7552
YJL033W	7553
intergenic*YJL033W_YJL032W	7554
YJL032W	7555
YJL031C	7556
intergenic*YJL031C_YJL030W	7557
YJL030W	7558
intergenic*YJL030W_YJL029C	7559
YJL029C	7560
intergenic*YJL029C_tM(CAU)J1	7561
tM(CAU)J1	7562
intergenic*tM(CAU)J1_YJL028W	7563
YJL028W	7564
intergenic*YJL028W_YJL027C	7565
YJL027C	7566
intergenic*YJL027C_YJL026W	7567
YJL026W	7568
YJL026C-A	7569
intergenic*YJL026W_YJL025W	7570
YJL025W	7571
intergenic*YJL025W_YJL024C	7572
YJL024C	7573
intergenic*YJL024C_tG(GCC)J1	7574
tG(GCC)J1	7575
intergenic*tG(GCC)J1_YJL023C	7576
YJL023C	7577
YJL022W	7578
intergenic*YJL022W_YJL020C	7579
YJL020C	7580
YJL020W-A	7581
intergenic*YJL020C_YJL019W	7582
YJL019W	7583
intergenic*YJL019W_YJL016W	7584
YJL016W	7585
YJL015C	7586
intergenic*YJL015C_YJL014W	7587
YJL014W	7588
intergenic*YJL014W_YJL013C	7589
YJL013C	7590
intergenic*YJL013C_YJL012C	7591
YJL012C	7592
intergenic*YJL012C_YJL011C	7593
YJL011C	7594
intergenic*YJL011C_tK(CUU)J	7595
tK(CUU)J	7596
intergenic*tK(CUU)J_tW(CCA)J	7597
tW(CCA)J	7598
intergenic*tW(CCA)J_YJLWtau3	7599
YJLWtau3	7600
intergenic*YJLWtau3_YJLWdelta8	7601
YJLWdelta8	7602
intergenic*YJLWdelta8_YJLWdelta9	7603
YJLWdelta9	7604
intergenic*YJLWdelta9_ARS1014	7605
ARS1014	7606
intergenic*ARS1014_YJL010C	7607
YJL010C	7608
intergenic*YJL010C_YJL009W	7609
YJL009W	7610
YJL008C	7611
intergenic*YJL008C_YJLWtau4	7612
YJLWtau4	7613
intergenic*YJLWtau4_YJLWdelta10	7614
YJLWdelta10	7615
YJL007C	7616
tM(CAU)J2	7617
intergenic*YJL007C_YJL006C	7618
YJL006C	7619
intergenic*YJL006C_tL(UAA)J	7620
tL(UAA)J	7621
intergenic*tL(UAA)J_YJL005W	7622
YJL005W	7623
intergenic*YJL005W_YJL004C	7624
YJL004C	7625
intergenic*YJL004C_YJL003W	7626
YJL003W	7627
intergenic*YJL003W_YJL002C	7628
YJL002C	7629
intergenic*YJL002C_YJL001W	7630
YJL001W	7631
intergenic*YJL001W_CEN10	7632
CEN10	7633
intergenic*CEN10_YJR001W	7634
YJR001W	7635
intergenic*YJR001W_YJR002W	7636
YJR002W	7637
intergenic*YJR002W_YJR003C	7638
YJR003C	7639
intergenic*YJR003C_ARS1015	7640
ARS1015	7641
YJR004C	7642
intergenic*YJR004C_YJR005W	7643
YJR005W	7644
intergenic*YJR005W_YJR005C-A	7645
YJR005C-A	7646
intergenic*YJR005C-A_YJR006W	7647
YJR006W	7648
intergenic*YJR006W_YJR007W	7649
YJR007W	7650
intergenic*YJR007W_YJR008W	7651
YJR008W	7652
intergenic*YJR008W_YJR009C	7653
YJR009C	7654
ARS1016	7655
intergenic*ARS1016_YJR010W	7656
YJR010W	7657
intergenic*YJR010W_YJR010C-A	7658
YJR010C-A	7659
intergenic*YJR010C-A_YJR011C	7660
YJR011C	7661
ARS1017	7662
YJR012C	7663
YJR013W	7664
intergenic*YJR013W_YJR014W	7665
YJR014W	7666
intergenic*YJR014W_YJR015W	7667
YJR015W	7668
intergenic*YJR015W_YJR016C	7669
YJR016C	7670
intergenic*YJR016C_YJR017C	7671
YJR017C	7672
YJR018W	7673
intergenic*YJR018W_YJR019C	7674
YJR019C	7675
YJR020W	7676
intergenic*YJR020W_YJR021C	7677
YJR021C	7678
intergenic*YJR021C_YJR022W	7679
YJR022W	7680
YJR023C	7681
intergenic*YJR023C_YJR024C	7682
YJR024C	7683
intergenic*YJR024C_YJR025C	7684
YJR025C	7685
intergenic*YJR025C_YJRWTy1-1	7686
YJRWdelta11	7687
YJRWTy1-1	7688
YJR026W	7689
YJR027W	7690
YJRWdelta12	7691
YJRWTy1-2	7692
YJR028W	7693
YJR029W	7694
YJRWdelta13	7695
YJR030C	7696
intergenic*YJR030C_YJR031C	7697
YJR031C	7698
intergenic*YJR031C_YJR032W	7699
YJR032W	7700
intergenic*YJR032W_YJR033C	7701
YJR033C	7702
intergenic*YJR033C_YJR034W	7703
YJR034W	7704
intergenic*YJR034W_YJR035W	7705
YJR035W	7706
intergenic*YJR035W_YJR036C	7707
YJR036C	7708
YJR037W	7709
intergenic*YJR037W_YJR038C	7710
YJR038C	7711
YJR039W	7712
intergenic*YJR039W_YJR040W	7713
YJR040W	7714
intergenic*YJR040W_YJR041C	7715
YJR041C	7716
intergenic*YJR041C_YJR042W	7717
YJR042W	7718
intergenic*YJR042W_YJR043C	7719
YJR043C	7720
intergenic*YJR043C_tM(CAU)J3	7721
tM(CAU)J3	7722
intergenic*tM(CAU)J3_YJRWdelta14	7723
YJRWdelta14	7724
intergenic*YJRWdelta14_YJR044C	7725
YJR044C	7726
intergenic*YJR044C_YJR045C	7727
YJR045C	7728
intergenic*YJR045C_YJR046W	7729
YJR046W	7730
intergenic*YJR046W_tS(AGA)J	7731
tS(AGA)J	7732
intergenic*tS(AGA)J_YJR047C	7733
YJR047C	7734
intergenic*YJR047C_YJR048W	7735
YJR048W	7736
intergenic*YJR048W_YJR049C	7737
YJR049C	7738
intergenic*YJR049C_YJR050W	7739
YJR050W	7740
intergenic*YJR050W_YJR051W	7741
YJR051W	7742
intergenic*YJR051W_YJRCdelta15	7743
YJRCdelta15	7744
intergenic*YJRCdelta15_tG(GCC)J2	7745
tG(GCC)J2	7746
intergenic*tG(GCC)J2_YJR052W	7747
YJR052W	7748
intergenic*YJR052W_YJR053W	7749
YJR053W	7750
intergenic*YJR053W_YJR054W	7751
YJR054W	7752
intergenic*YJR054W_YJRCdelta16	7753
YJRCdelta16	7754
intergenic*YJRCdelta16_YJRWdelta17	7755
YJRWdelta17	7756
intergenic*YJRWdelta17_tR(CCU)J	7757
tR(CCU)J	7758
intergenic*tR(CCU)J_YJR055W	7759
YJR055W	7760
intergenic*YJR055W_ARS1018	7761
ARS1018	7762
YJRWdelta18	7763
intergenic*YJRWdelta18_YJRCdelta19	7764
YJRCdelta19	7765
intergenic*YJRCdelta19_tD(GUC)J4	7766
tD(GUC)J4	7767
intergenic*tD(GUC)J4_YJR056C	7768
YJR056C	7769
intergenic*YJR056C_tY(GUA)J2	7770
tY(GUA)J2	7771
intergenic*tY(GUA)J2_YJRWdelta20	7772
YJRWdelta20	7773
intergenic*YJRWdelta20_YJR057W	7774
YJR057W	7775
intergenic*YJR057W_YJR058C	7776
YJR058C	7777
intergenic*YJR058C_YJR059W	7778
YJR059W	7779
intergenic*YJR059W_YJR060W	7780
YJR060W	7781
intergenic*YJR060W_YJR061W	7782
YJR061W	7783
intergenic*YJR061W_YJR062C	7784
YJR062C	7785
intergenic*YJR062C_YJR063W	7786
YJR063W	7787
intergenic*YJR063W_YJR064W	7788
YJR064W	7789
intergenic*YJR064W_YJR065C	7790
YJR065C	7791
intergenic*YJR065C_YJR066W	7792
YJR066W	7793
intergenic*YJR066W_YJR067C	7794
YJR067C	7795
intergenic*YJR067C_YJR068W	7796
YJR068W	7797
intergenic*YJR068W_YJR069C	7798
YJR069C	7799
intergenic*YJR069C_YJR070C	7800
YJR070C	7801
YJR071W	7802
intergenic*YJR071W_YJR072C	7803
YJR072C	7804
intergenic*YJR072C_YJR073C	7805
YJR073C	7806
intergenic*YJR073C_YJR074W	7807
YJR074W	7808
intergenic*YJR074W_YJR075W	7809
YJR075W	7810
intergenic*YJR075W_YJR076C	7811
YJR076C	7812
intergenic*YJR076C_YJR077C	7813
YJR077C	7814
intergenic*YJR077C_YJR078W	7815
YJR078W	7816
YJR079W	7817
YJR080C	7818
intergenic*YJR080C_YJR082C	7819
YJR082C	7820
intergenic*YJR082C_YJR083C	7821
YJR083C	7822
intergenic*YJR083C_YJR084W	7823
YJR084W	7824
intergenic*YJR084W_YJR085C	7825
YJR085C	7826
intergenic*YJR085C_YJR086W	7827
YJR086W	7828
YJR087W	7829
YJR088C	7830
intergenic*YJR088C_YJR089W	7831
YJR089W	7832
intergenic*YJR089W_YJR090C	7833
YJR090C	7834
intergenic*YJR090C_YJR091C	7835
YJR091C	7836
intergenic*YJR091C_YJR092W	7837
YJR092W	7838
intergenic*YJR092W_YJR093C	7839
YJR093C	7840
intergenic*YJR093C_YJR094C	7841
YJR094C	7842
intergenic*YJR094C_IRT1	7843
IRT1	7844
intergenic*IRT1_YJR094W-A	7845
YJR094W-A	7846
intergenic*YJR094W-A_YJR095W	7847
YJR095W	7848
intergenic*YJR095W_YJR096W	7849
YJR096W	7850
intergenic*YJR096W_YJR097W	7851
YJR097W	7852
ARS1019	7853
YJR098C	7854
intergenic*YJR098C_YJR099W	7855
YJR099W	7856
intergenic*YJR099W_YJR100C	7857
YJR100C	7858
intergenic*YJR100C_tL(UAG)J	7859
tL(UAG)J	7860
intergenic*tL(UAG)J_YJR101W	7861
YJR101W	7862
intergenic*YJR101W_YJR102C	7863
YJR102C	7864
intergenic*YJR102C_YJR103W	7865
YJR103W	7866
intergenic*YJR103W_YJR104C	7867
YJR104C	7868
intergenic*YJR104C_YJR105W	7869
YJR105W	7870
intergenic*YJR105W_YJR106W	7871
YJR106W	7872
intergenic*YJR106W_YJR107W	7873
YJR107W	7874
intergenic*YJR107W_YJR108W	7875
YJR108W	7876
intergenic*YJR108W_YJR109C	7877
YJR109C	7878
intergenic*YJR109C_YJR110W	7879
YJR110W	7880
intergenic*YJR110W_YJR111C	7881
YJR111C	7882
intergenic*YJR111C_YJR112W	7883
YJR112W	7884
intergenic*YJR112W_YJR112W-A	7885
YJR112W-A	7886
intergenic*YJR112W-A_YJR113C	7887
YJR113C	7888
YJR114W	7889
intergenic*YJR114W_YJR115W	7890
YJR115W	7891
intergenic*YJR115W_YJR116W	7892
YJR116W	7893
intergenic*YJR116W_YJR117W	7894
YJR117W	7895
intergenic*YJR117W_YJR118C	7896
YJR118C	7897
intergenic*YJR118C_YJR119C	7898
YJR119C	7899
intergenic*YJR119C_YJR120W	7900
YJR120W	7901
intergenic*YJR120W_YJR121W	7902
YJR121W	7903
intergenic*YJR121W_YJR122W	7904
YJR122W	7905
intergenic*YJR122W_YJR123W	7906
YJR123W	7907
intergenic*YJR123W_YJR124C	7908
YJR124C	7909
intergenic*YJR124C_ARS1020	7910
ARS1020	7911
intergenic*ARS1020_YJR125C	7912
YJR125C	7913
intergenic*YJR125C_YJR126C	7914
YJR126C	7915
intergenic*YJR126C_YJR127C	7916
YJR127C	7917
YJR128W	7918
intergenic*YJR128W_snR3	7919
snR3	7920
intergenic*snR3_YJR129C	7921
YJR129C	7922
intergenic*YJR129C_YJR130C	7923
YJR130C	7924
intergenic*YJR130C_YJR131W	7925
YJR131W	7926
intergenic*YJR131W_YJR132W	7927
YJR132W	7928
intergenic*YJR132W_YJR133W	7929
YJR133W	7930
intergenic*YJR133W_YJR134C	7931
YJR134C	7932
intergenic*YJR134C_YJR135C	7933
YJR135C	7934
intergenic*YJR135C_YJR135W-A	7935
YJR135W-A	7936
intergenic*YJR135W-A_YJR136C	7937
YJR136C	7938
intergenic*YJR136C_YJR137C	7939
YJR137C	7940
intergenic*YJR137C_ARS1021	7941
ARS1021	7942
intergenic*ARS1021_YJR138W	7943
YJR138W	7944
intergenic*YJR138W_YJR139C	7945
YJR139C	7946
intergenic*YJR139C_YJR140C	7947
YJR140C	7948
YJR140W-A	7949
intergenic*YJR140C_YJR141W	7950
YJR141W	7951
intergenic*YJR141W_YJR142W	7952
YJR142W	7953
intergenic*YJR142W_YJR143C	7954
YJR143C	7955
intergenic*YJR143C_YJR144W	7956
YJR144W	7957
intergenic*YJR144W_YJR145C	7958
YJR145C	7959
intergenic*YJR145C_YJR146W	7960
YJR146W	7961
YJR147W	7962
intergenic*YJR147W_YJR148W	7963
YJR148W	7964
intergenic*YJR148W_YJR149W	7965
YJR149W	7966
intergenic*YJR149W_YJR150C	7967
YJR150C	7968
intergenic*YJR150C_ARS1022	7969
ARS1022	7970
intergenic*ARS1022_YJR151C	7971
YJR151C	7972
intergenic*YJR151C_YJR151W-A	7973
YJR151W-A	7974
intergenic*YJR151W-A_YJR152W	7975
YJR152W	7976
intergenic*YJR152W_YJR153W	7977
YJR153W	7978
intergenic*YJR153W_YJR154W	7979
YJR154W	7980
intergenic*YJR154W_YJR155W	7981
YJR155W	7982
intergenic*YJR155W_YJR156C	7983
YJR156C	7984
intergenic*YJR156C_ARS1023	7985
ARS1023	7986
intergenic*ARS1023_YJR157W	7987
YJR157W	7988
intergenic*YJR157W_YJR158W	7989
YJR158W	7990
intergenic*YJR158W_YJR159W	7991
YJR159W	7992
ARS1024	7993
intergenic*ARS1024_YJR160C	7994
YJR160C	7995
intergenic*YJR160C_YJR161C	7996
YJR161C	7997
intergenic*YJR161C_ARS1025	7998
ARS1025	7999
TEL10R	8000
YJR162C	8001
TEL11L	8002
YKL225W	8003
intergenic*TEL11L_YKL224C	8004
YKL224C	8005
intergenic*YKL224C_YKL223W	8006
YKL223W	8007
intergenic*YKL223W_YKL222C	8008
YKL222C	8009
intergenic*YKL222C_ARS1102	8010
YKL221W	8011
ARS1102	8012
intergenic*ARS1102_YKL220C	8013
YKL220C	8014
intergenic*YKL220C_YKL219W	8015
YKL219W	8016
intergenic*YKL219W_YKL218C	8017
YKL218C	8018
intergenic*YKL218C_YKL217W	8019
YKL217W	8020
intergenic*YKL217W_YKL216W	8021
YKL216W	8022
intergenic*YKL216W_YKL215C	8023
YKL215C	8024
intergenic*YKL215C_YKL214C	8025
YKL214C	8026
intergenic*YKL214C_YKL213C	8027
YKL213C	8028
intergenic*YKL213C_YKL212W	8029
YKL212W	8030
intergenic*YKL212W_YKL211C	8031
YKL211C	8032
intergenic*YKL211C_snR64	8033
snR64	8034
intergenic*snR64_YKL210W	8035
YKL210W	8036
intergenic*YKL210W_YKL209C	8037
YKL209C	8038
intergenic*YKL209C_tT(CGU)K	8039
tT(CGU)K	8040
intergenic*tT(CGU)K_YKL208W	8041
YKL208W	8042
intergenic*YKL208W_YKL207W	8043
YKL207W	8044
intergenic*YKL207W_YKL206C	8045
YKL206C	8046
intergenic*YKL206C_YKL205W	8047
YKL205W	8048
intergenic*YKL205W_YKL204W	8049
YKL204W	8050
intergenic*YKL204W_ARS1103	8051
ARS1103	8052
intergenic*ARS1103_YKL203C	8053
YKL203C	8054
intergenic*YKL203C_YKL202W	8055
YKL202W	8056
YKL201C	8057
intergenic*YKL201C_YKL198C	8058
YKL198C	8059
intergenic*YKL198C_YKL197C	8060
YKL197C	8061
intergenic*YKL197C_YKLWdelta1	8062
YKLWdelta1	8063
intergenic*YKLWdelta1_tN(GUU)K	8064
tN(GUU)K	8065
intergenic*tN(GUU)K_YKL196C	8066
YKL196C	8067
intergenic*YKL196C_YKL195W	8068
YKL195W	8069
intergenic*YKL195W_YKL194C	8070
YKL194C	8071
intergenic*YKL194C_YKL193C	8072
YKL193C	8073
intergenic*YKL193C_YKL192C	8074
YKL192C	8075
intergenic*YKL192C_YKL191W	8076
YKL191W	8077
intergenic*YKL191W_YKL190W	8078
YKL190W	8079
intergenic*YKL190W_YKLCdelta2	8080
YKLCdelta2	8081
intergenic*YKLCdelta2_tL(UAA)K	8082
tL(UAA)K	8083
intergenic*tL(UAA)K_YKL189W	8084
YKL189W	8085
intergenic*YKL189W_YKL188C	8086
YKL188C	8087
intergenic*YKL188C_ARS1104	8088
ARS1104	8089
YKL187C	8090
intergenic*YKL187C_YKL186C	8091
YKL186C	8092
intergenic*YKL186C_YKL185W	8093
YKL185W	8094
intergenic*YKL185W_YKL184W	8095
YKL184W	8096
intergenic*YKL184W_ARS1125	8097
ARS1125	8098
YKL183C-A	8099
intergenic*YKL183C-A_YKL183W	8100
YKL183W	8101
intergenic*YKL183W_YKL182W	8102
YKL182W	8103
intergenic*YKL182W_YKL181W	8104
YKL181W	8105
intergenic*YKL181W_YKL180W	8106
YKL180W	8107
intergenic*YKL180W_YKL179C	8108
YKL179C	8109
intergenic*YKL179C_YKL178C	8110
YKL178C	8111
YKL177W	8112
intergenic*YKL177W_YKL176C	8113
YKL176C	8114
intergenic*YKL176C_YKL175W	8115
YKL175W	8116
intergenic*YKL175W_YKL174C	8117
YKL174C	8118
intergenic*YKL174C_YKL173W	8119
YKL173W	8120
intergenic*YKL173W_YKL172W	8121
YKL172W	8122
intergenic*YKL172W_YKL171W	8123
YKL171W	8124
intergenic*YKL171W_YKL170W	8125
YKL170W	8126
YKL169C	8127
intergenic*YKL169C_YKL168C	8128
YKL168C	8129
intergenic*YKL168C_YKL167C	8130
YKL167C	8131
intergenic*YKL167C_YKL166C	8132
YKL166C	8133
intergenic*YKL166C_YKL165C-A	8134
YKL165C-A	8135
intergenic*YKL165C-A_YKL165C	8136
YKL165C	8137
intergenic*YKL165C_tE(UUC)K	8138
tE(UUC)K	8139
intergenic*tE(UUC)K_YKL164C	8140
YKL164C	8141
intergenic*YKL164C_YKL163W	8142
YKL163W	8143
intergenic*YKL163W_YKL162C-A	8144
YKL162C-A	8145
intergenic*YKL162C-A_YKL162C	8146
YKL162C	8147
intergenic*YKL162C_YKL161C	8148
YKL161C	8149
intergenic*YKL161C_ARS1106	8150
ARS1106	8151
intergenic*ARS1106_YKL160W	8152
YKL160W	8153
intergenic*YKL160W_YKL159C	8154
YKL159C	8155
intergenic*YKL159C_YKL157W	8156
YKL157W	8157
intergenic*YKL157W_YKL156W	8158
YKL156W	8159
YKL156C-A	8160
intergenic*YKL156W_YKL155C	8161
YKL155C	8162
intergenic*YKL155C_YKL154W	8163
YKL154W	8164
intergenic*YKL154W_tR(UCU)K	8165
tR(UCU)K	8166
intergenic*tR(UCU)K_YKLWdelta3	8167
YKLWdelta3	8168
intergenic*YKLWdelta3_YKL153W	8169
YKL153W	8170
YKL152C	8171
intergenic*YKL152C_YKL151C	8172
YKL151C	8173
intergenic*YKL151C_YKL150W	8174
YKL150W	8175
intergenic*YKL150W_YKL149C	8176
YKL149C	8177
intergenic*YKL149C_YKL148C	8178
YKL148C	8179
intergenic*YKL148C_YKL147C	8180
YKL147C	8181
YKL146W	8182
intergenic*YKL146W_YKL145W	8183
YKL145W	8184
YKL145W-A	8185
intergenic*YKL145W-A_YKL144C	8186
YKL144C	8187
intergenic*YKL144C_YKL143W	8188
YKL143W	8189
intergenic*YKL143W_YKL142W	8190
YKL142W	8191
intergenic*YKL142W_YKL141W	8192
YKL141W	8193
intergenic*YKL141W_YKL140W	8194
YKL140W	8195
intergenic*YKL140W_YKL139W	8196
YKL139W	8197
intergenic*YKL139W_YKL138C-A	8198
YKL138C-A	8199
intergenic*YKL138C-A_YKL138C	8200
YKL138C	8201
intergenic*YKL138C_YKL137W	8202
YKL137W	8203
intergenic*YKL137W_YKL136W	8204
YKL136W	8205
YKL135C	8206
intergenic*YKL135C_YKL134C	8207
YKL134C	8208
intergenic*YKL134C_YKL133C	8209
YKL133C	8210
intergenic*YKL133C_YKL132C	8211
YKL132C	8212
YKL131W	8213
intergenic*YKL131W_YKL130C	8214
YKL130C	8215
intergenic*YKL130C_ARS1126	8216
ARS1126	8217
intergenic*ARS1126_YKL129C	8218
YKL129C	8219
intergenic*YKL129C_YKL128C	8220
YKL128C	8221
intergenic*YKL128C_YKLCsigma1	8222
YKLCsigma1	8223
intergenic*YKLCsigma1_tK(CUU)K	8224
tK(CUU)K	8225
intergenic*tK(CUU)K_YKL127W	8226
YKL127W	8227
intergenic*YKL127W_YKL126W	8228
YKL126W	8229
intergenic*YKL126W_YKL125W	8230
YKL125W	8231
intergenic*YKL125W_YKL124W	8232
YKL124W	8233
YKL123W	8234
intergenic*YKL123W_YKL122C	8235
YKL122C	8236
intergenic*YKL122C_ARS1127	8237
ARS1127	8238
intergenic*ARS1127_YKL121W	8239
YKL121W	8240
intergenic*YKL121W_YKL120W	8241
YKL120W	8242
intergenic*YKL120W_YKL119C	8243
YKL119C	8244
YKL118W	8245
YKLCdelta4	8246
intergenic*YKLCdelta4_tA(AGC)K1	8247
tA(AGC)K1	8248
intergenic*tA(AGC)K1_YKL117W	8249
YKL117W	8250
intergenic*YKL117W_YKL116C	8251
YKL116C	8252
YKL115C	8253
intergenic*YKL115C_YKL114C	8254
YKL114C	8255
intergenic*YKL114C_YKL113C	8256
YKL113C	8257
intergenic*YKL113C_YKL112W	8258
YKL112W	8259
YKL111C	8260
intergenic*YKL111C_YKL110C	8261
YKL110C	8262
intergenic*YKL110C_YKL109W	8263
YKL109W	8264
intergenic*YKL109W_YKL108W	8265
YKL108W	8266
intergenic*YKL108W_YKL107W	8267
YKL107W	8268
intergenic*YKL107W_YKL106C-A	8269
YKL106C-A	8270
intergenic*YKL106C-A_YKL106W	8271
YKL106W	8272
intergenic*YKL106W_YKL105C	8273
YKL105C	8274
intergenic*YKL105C_YKL104C	8275
YKL104C	8276
intergenic*YKL104C_YKL103C	8277
YKL103C	8278
intergenic*YKL103C_YKL102C	8279
YKL102C	8280
intergenic*YKL102C_YKL101W	8281
YKL101W	8282
intergenic*YKL101W_YKL100C	8283
YKL100C	8284
YKL100W-A	8285
intergenic*YKL100C_YKL099C	8286
YKL099C	8287
intergenic*YKL099C_YKL098W	8288
YKL098W	8289
intergenic*YKL098W_YKL097C	8290
YKL097C	8291
intergenic*YKL097C_YKL096C-B	8292
YKL096C-B	8293
intergenic*YKL096C-B_YKL096W-A	8294
YKL096W-A	8295
intergenic*YKL096W-A_YKL096W	8296
YKL096W	8297
intergenic*YKL096W_YKL095W	8298
YKL095W	8299
intergenic*YKL095W_YKL094W	8300
YKL094W	8301
intergenic*YKL094W_YKL093W	8302
YKL093W	8303
intergenic*YKL093W_YKL092C	8304
YKL092C	8305
intergenic*YKL092C_YKL091C	8306
YKL091C	8307
intergenic*YKL091C_YKL090W	8308
YKL090W	8309
intergenic*YKL090W_YKL089W	8310
YKL089W	8311
intergenic*YKL089W_YKL088W	8312
YKL088W	8313
intergenic*YKL088W_YKL087C	8314
YKL087C	8315
intergenic*YKL087C_YKL086W	8316
YKL086W	8317
intergenic*YKL086W_YKL085W	8318
YKL085W	8319
intergenic*YKL085W_YKL084W	8320
YKL084W	8321
intergenic*YKL084W_YKL083W	8322
YKL083W	8323
YKL082C	8324
intergenic*YKL082C_YKL081W	8325
YKL081W	8326
snR38	8327
intergenic*YKL081W_YKL080W	8328
YKL080W	8329
intergenic*YKL080W_YKL079W	8330
YKL079W	8331
intergenic*YKL079W_YKL078W	8332
YKL078W	8333
intergenic*YKL078W_YKL077W	8334
YKL077W	8335
intergenic*YKL077W_YKL076C	8336
YKL076C	8337
YKL075C	8338
intergenic*YKL075C_YKL074C	8339
YKL074C	8340
intergenic*YKL074C_YKL073W	8341
YKL073W	8342
intergenic*YKL073W_YKL072W	8343
YKL072W	8344
intergenic*YKL072W_YKLCdelta5	8345
YKLCdelta5	8346
intergenic*YKLCdelta5_tW(CCA)K	8347
tW(CCA)K	8348
intergenic*tW(CCA)K_YKL071W	8349
YKL071W	8350
intergenic*YKL071W_YKL070W	8351
YKL070W	8352
intergenic*YKL070W_YKL069W	8353
YKL069W	8354
intergenic*YKL069W_tV(AAC)K1	8355
tV(AAC)K1	8356
intergenic*tV(AAC)K1_YKL068W-A	8357
YKL068W-A	8358
intergenic*YKL068W-A_YKL068W	8359
YKL068W	8360
intergenic*YKL068W_tH(GUG)K	8361
tH(GUG)K	8362
intergenic*tH(GUG)K_YKLCdelta6	8363
YKLCdelta6	8364
intergenic*YKLCdelta6_YKLWdelta7	8365
YKLWdelta7	8366
intergenic*YKLWdelta7_YKL067W	8367
YKL067W	8368
intergenic*YKL067W_YKL066W	8369
YKL066W	8370
intergenic*YKL066W_YKL065W-A	8371
YKL065W-A	8372
intergenic*YKL065W-A_YKL065C	8373
YKL065C	8374
intergenic*YKL065C_YKL064W	8375
YKL064W	8376
intergenic*YKL064W_YKL063C	8377
YKL063C	8378
intergenic*YKL063C_YKL062W	8379
YKL062W	8380
intergenic*YKL062W_YKL061W	8381
YKL061W	8382
intergenic*YKL061W_YKL060C	8383
YKL060C	8384
intergenic*YKL060C_YKL059C	8385
YKL059C	8386
intergenic*YKL059C_ARS1109	8387
ARS1109	8388
intergenic*ARS1109_YKL058W	8389
YKL058W	8390
intergenic*YKL058W_YKL057C	8391
YKL057C	8392
intergenic*YKL057C_YKL056C	8393
YKL056C	8394
intergenic*YKL056C_YKL055C	8395
YKL055C	8396
intergenic*YKL055C_YKL054C	8397
YKL054C	8398
intergenic*YKL054C_YKL053C-A	8399
YKL053C-A	8400
intergenic*YKL053C-A_YKL053W	8401
YKL053W	8402
YKL052C	8403
intergenic*YKL052C_YKL051W	8404
YKL051W	8405
intergenic*YKL051W_YKL050C	8406
YKL050C	8407
intergenic*YKL050C_YKL049C	8408
YKL049C	8409
intergenic*YKL049C_YKL048C	8410
YKL048C	8411
intergenic*YKL048C_YKL047W	8412
YKL047W	8413
intergenic*YKL047W_YKL046C	8414
YKL046C	8415
intergenic*YKL046C_YKL045W	8416
YKL045W	8417
intergenic*YKL045W_YKL044W	8418
YKL044W	8419
intergenic*YKL044W_YKL043W	8420
YKL043W	8421
intergenic*YKL043W_YKL042W	8422
YKL042W	8423
intergenic*YKL042W_YKL041W	8424
YKL041W	8425
intergenic*YKL041W_YKL040C	8426
YKL040C	8427
intergenic*YKL040C_YKL039W	8428
YKL039W	8429
intergenic*YKL039W_snR69	8430
snR69	8431
intergenic*snR69_YKL038W	8432
YKL038W	8433
intergenic*YKL038W_YKL037W	8434
YKL037W	8435
YKL036C	8436
YKL035W	8437
intergenic*YKL035W_YKL034W	8438
YKL034W	8439
intergenic*YKL034W_YKL033W-A	8440
YKL033W-A	8441
intergenic*YKL033W-A_YKL033W	8442
YKL033W	8443
intergenic*YKL033W_tV(AAC)K2	8444
tV(AAC)K2	8445
intergenic*tV(AAC)K2_YKL032C	8446
YKL032C	8447
intergenic*YKL032C_YKL031W	8448
YKL031W	8449
intergenic*YKL031W_YKL030W	8450
YKL030W	8451
YKL029C	8452
intergenic*YKL029C_YKL028W	8453
YKL028W	8454
intergenic*YKL028W_YKL027W	8455
YKL027W	8456
intergenic*YKL027W_ARS1112	8457
ARS1112	8458
intergenic*ARS1112_YKL026C	8459
YKL026C	8460
intergenic*YKL026C_YKL025C	8461
YKL025C	8462
intergenic*YKL025C_YKL024C	8463
YKL024C	8464
intergenic*YKL024C_YKL023C-A	8465
YKL023C-A	8466
intergenic*YKL023C-A_YKL023W	8467
YKL023W	8468
intergenic*YKL023W_YKL022C	8469
YKL022C	8470
intergenic*YKL022C_YKL021C	8471
YKL021C	8472
intergenic*YKL021C_YKL020C	8473
YKL020C	8474
intergenic*YKL020C_YKL019W	8475
YKL019W	8476
intergenic*YKL019W_YKL018C-A	8477
YKL018C-A	8478
intergenic*YKL018C-A_YKL018W	8479
YKL018W	8480
intergenic*YKL018W_YKL017C	8481
YKL017C	8482
intergenic*YKL017C_YKL016C	8483
YKL016C	8484
intergenic*YKL016C_YKL015W	8485
YKL015W	8486
intergenic*YKL015W_YKL014C	8487
YKL014C	8488
intergenic*YKL014C_ARS1113	8489
ARS1113	8490
intergenic*ARS1113_YKL013C	8491
YKL013C	8492
intergenic*YKL013C_YKL012W	8493
YKL012W	8494
intergenic*YKL012W_YKL011C	8495
YKL011C	8496
intergenic*YKL011C_YKL010C	8497
YKL010C	8498
intergenic*YKL010C_YKL009W	8499
YKL009W	8500
intergenic*YKL009W_YKL008C	8501
YKL008C	8502
intergenic*YKL008C_YKL007W	8503
YKL007W	8504
intergenic*YKL007W_YKL006C-A	8505
YKL006C-A	8506
intergenic*YKL006C-A_snR87	8507
snR87	8508
intergenic*snR87_YKL006W	8509
YKL006W	8510
intergenic*YKL006W_YKL005C	8511
YKL005C	8512
intergenic*YKL005C_YKL004W	8513
YKL004W	8514
intergenic*YKL004W_YKL003C	8515
YKL003C	8516
intergenic*YKL003C_YKL002W	8517
YKL002W	8518
intergenic*YKL002W_YKL001C	8519
YKL001C	8520
intergenic*YKL001C_CEN11	8521
CEN11	8522
intergenic*CEN11_YKR001C	8523
YKR001C	8524
intergenic*YKR001C_YKR002W	8525
YKR002W	8526
intergenic*YKR002W_YKR003W	8527
YKR003W	8528
intergenic*YKR003W_YKR004C	8529
YKR004C	8530
ARS1114	8531
intergenic*ARS1114_YKR005C	8532
YKR005C	8533
intergenic*YKR005C_YKR006C	8534
YKR006C	8535
intergenic*YKR006C_YKR007W	8536
YKR007W	8537
intergenic*YKR007W_YKR008W	8538
YKR008W	8539
intergenic*YKR008W_YKR009C	8540
YKR009C	8541
intergenic*YKR009C_YKRCdelta8	8542
YKRCdelta8	8543
intergenic*YKRCdelta8_tL(CAA)K	8544
tL(CAA)K	8545
intergenic*tL(CAA)K_YKR010C	8546
YKR010C	8547
intergenic*YKR010C_YKR011C	8548
YKR011C	8549
intergenic*YKR011C_ARS1115	8550
ARS1115	8551
YKR012C	8552
YKR013W	8553
intergenic*YKR013W_YKR014C	8554
YKR014C	8555
intergenic*YKR014C_YKR015C	8556
YKR015C	8557
intergenic*YKR015C_YKR016W	8558
YKR016W	8559
intergenic*YKR016W_YKR017C	8560
YKR017C	8561
intergenic*YKR017C_YKR018C	8562
YKR018C	8563
intergenic*YKR018C_YKR019C	8564
YKR019C	8565
intergenic*YKR019C_YKR020W	8566
YKR020W	8567
intergenic*YKR020W_YKR021W	8568
YKR021W	8569
intergenic*YKR021W_YKR022C	8570
YKR022C	8571
intergenic*YKR022C_YKR023W	8572
YKR023W	8573
intergenic*YKR023W_YKR024C	8574
YKR024C	8575
intergenic*YKR024C_YKR025W	8576
YKR025W	8577
intergenic*YKR025W_YKR026C	8578
YKR026C	8579
intergenic*YKR026C_YKRCdelta9	8580
YKRCdelta9	8581
intergenic*YKRCdelta9_YKRWdelta10	8582
YKRWdelta10	8583
intergenic*YKRWdelta10_tR(ACG)K	8584
tR(ACG)K	8585
intergenic*tR(ACG)K_YKR027W	8586
YKR027W	8587
intergenic*YKR027W_YKR028W	8588
YKR028W	8589
intergenic*YKR028W_YKR029C	8590
YKR029C	8591
intergenic*YKR029C_YKR030W	8592
YKR030W	8593
intergenic*YKR030W_YKR031C	8594
YKR031C	8595
intergenic*YKR031C_YKR032W	8596
YKR032W	8597
intergenic*YKR032W_YKR033C	8598
YKR033C	8599
YKR034W	8600
intergenic*YKR034W_YKR035C	8601
YKR035C	8602
YKR035W-A	8603
intergenic*YKR035C_YKR036C	8604
YKR036C	8605
intergenic*YKR036C_YKR037C	8606
YKR037C	8607
intergenic*YKR037C_YKR038C	8608
YKR038C	8609
intergenic*YKR038C_tD(GUC)K	8610
tD(GUC)K	8611
intergenic*tD(GUC)K_YKRCdelta11	8612
YKRCdelta11	8613
intergenic*YKRCdelta11_YKR039W	8614
YKR039W	8615
intergenic*YKR039W_ARS1116	8616
ARS1116	8617
intergenic*ARS1116_YKRCdelta12	8618
YKRCdelta12	8619
intergenic*YKRCdelta12_tA(AGC)K2	8620
tA(AGC)K2	8621
intergenic*tA(AGC)K2_YKR040C	8622
YKR040C	8623
YKR041W	8624
intergenic*YKR041W_YKR042W	8625
YKR042W	8626
intergenic*YKR042W_YKR043C	8627
YKR043C	8628
intergenic*YKR043C_YKR044W	8629
YKR044W	8630
intergenic*YKR044W_YKR045C	8631
YKR045C	8632
intergenic*YKR045C_YKR046C	8633
YKR046C	8634
intergenic*YKR046C_YKR047W	8635
YKR047W	8636
YKR048C	8637
intergenic*YKR048C_YKR049C	8638
YKR049C	8639
intergenic*YKR049C_YKR050W	8640
YKR050W	8641
intergenic*YKR050W_YKR051W	8642
YKR051W	8643
intergenic*YKR051W_YKR052C	8644
YKR052C	8645
intergenic*YKR052C_YKR053C	8646
YKR053C	8647
intergenic*YKR053C_YKR054C	8648
YKR054C	8649
intergenic*YKR054C_YKR055W	8650
YKR055W	8651
intergenic*YKR055W_YKR056W	8652
YKR056W	8653
intergenic*YKR056W_YKR057W	8654
YKR057W	8655
intergenic*YKR057W_YKR058W	8656
YKR058W	8657
intergenic*YKR058W_YKR059W	8658
YKR059W	8659
intergenic*YKR059W_YKR060W	8660
YKR060W	8661
intergenic*YKR060W_YKR061W	8662
YKR061W	8663
intergenic*YKR061W_snR42	8664
snR42	8665
intergenic*snR42_YKR062W	8666
YKR062W	8667
intergenic*YKR062W_YKR063C	8668
YKR063C	8669
intergenic*YKR063C_YKR064W	8670
YKR064W	8671
intergenic*YKR064W_YKR065C	8672
YKR065C	8673
intergenic*YKR065C_YKR066C	8674
YKR066C	8675
intergenic*YKR066C_YKR067W	8676
YKR067W	8677
intergenic*YKR067W_YKR068C	8678
YKR068C	8679
intergenic*YKR068C_YKR069W	8680
YKR069W	8681
intergenic*YKR069W_YKR070W	8682
YKR070W	8683
intergenic*YKR070W_YKR071C	8684
YKR071C	8685
intergenic*YKR071C_YKR072C	8686
YKR072C	8687
intergenic*YKR072C_YKR073C	8688
YKR073C	8689
intergenic*YKR073C_tK(UUU)K	8690
tK(UUU)K	8691
intergenic*tK(UUU)K_YKR074W	8692
YKR074W	8693
intergenic*YKR074W_YKR075C	8694
YKR075C	8695
YKR075W-A	8696
intergenic*YKR075C_ARS1118	8697
ARS1118	8698
intergenic*ARS1118_YKR076W	8699
YKR076W	8700
intergenic*YKR076W_YKR077W	8701
YKR077W	8702
intergenic*YKR077W_YKR078W	8703
YKR078W	8704
intergenic*YKR078W_YKR079C	8705
YKR079C	8706
intergenic*YKR079C_YKR080W	8707
YKR080W	8708
intergenic*YKR080W_YKR081C	8709
YKR081C	8710
intergenic*YKR081C_YKR082W	8711
YKR082W	8712
intergenic*YKR082W_YKR083C	8713
YKR083C	8714
intergenic*YKR083C_YKR084C	8715
YKR084C	8716
intergenic*YKR084C_YKR085C	8717
YKR085C	8718
intergenic*YKR085C_YKR086W	8719
YKR086W	8720
intergenic*YKR086W_YKR087C	8721
YKR087C	8722
intergenic*YKR087C_YKR088C	8723
YKR088C	8724
intergenic*YKR088C_YKR089C	8725
YKR089C	8726
intergenic*YKR089C_YKR090W	8727
YKR090W	8728
intergenic*YKR090W_YKR091W	8729
YKR091W	8730
intergenic*YKR091W_ARS1120	8731
ARS1120	8732
intergenic*ARS1120_YKR092C	8733
YKR092C	8734
intergenic*YKR092C_YKR093W	8735
YKR093W	8736
intergenic*YKR093W_YKR094C	8737
YKR094C	8738
intergenic*YKR094C_YKR095W	8739
YKR095W	8740
intergenic*YKR095W_YKR095W-A	8741
YKR095W-A	8742
intergenic*YKR095W-A_YKR096W	8743
YKR096W	8744
intergenic*YKR096W_YKR097W	8745
YKR097W	8746
intergenic*YKR097W_YKR098C	8747
YKR098C	8748
intergenic*YKR098C_YKR099W	8749
YKR099W	8750
intergenic*YKR099W_YKR100C	8751
YKR100C	8752
intergenic*YKR100C_YKR101W	8753
YKR101W	8754
intergenic*YKR101W_ARS1123	8755
ARS1123	8756
intergenic*ARS1123_YKR102W	8757
YKR102W	8758
intergenic*YKR102W_YKR103W	8759
YKR103W	8760
intergenic*YKR103W_YKR104W	8761
YKR104W	8762
intergenic*YKR104W_YKR105C	8763
YKR105C	8764
intergenic*YKR105C_YKR106W	8765
YKR106W	8766
intergenic*YKR106W_YKRWomega1	8767
YKRWomega1	8768
intergenic*YKRWomega1_TEL11R	8769
TEL11R	8770
TEL12L	8771
YLL067C	8772
YLL067W-A	8773
YLL066W-B	8774
YLL066C	8775
YLL066W-A	8776
YLL065W	8777
intergenic*TEL12L_YLL064C	8778
YLL064C	8779
intergenic*YLL064C_YLL063C	8780
YLL063C	8781
intergenic*YLL063C_YLL062C	8782
YLL062C	8783
intergenic*YLL062C_YLL061W	8784
YLL061W	8785
intergenic*YLL061W_YLL060C	8786
YLL060C	8787
intergenic*YLL060C_YLL059C	8788
YLL059C	8789
intergenic*YLL059C_YLL058W	8790
YLL058W	8791
intergenic*YLL058W_YLL057C	8792
YLL057C	8793
intergenic*YLL057C_YLL056C	8794
YLL056C	8795
intergenic*YLL056C_YLL055W	8796
YLL055W	8797
ARS1202	8798
intergenic*YLL055W_YLL054C	8799
YLL054C	8800
intergenic*YLL054C_YLL053C	8801
YLL053C	8802
YLL052C	8803
intergenic*YLL052C_YLL051C	8804
YLL051C	8805
intergenic*YLL051C_YLL050C	8806
YLL050C	8807
intergenic*YLL050C_YLL049W	8808
YLL049W	8809
intergenic*YLL049W_YLL048C	8810
YLL048C	8811
intergenic*YLL048C_YLL047W	8812
YLL047W	8813
YLL046C	8814
intergenic*YLL046C_YLL045C	8815
YLL045C	8816
YLL044W	8817
intergenic*YLL044W_YLL043W	8818
YLL043W	8819
intergenic*YLL043W_YLL042C	8820
YLL042C	8821
intergenic*YLL042C_YLL041C	8822
YLL041C	8823
intergenic*YLL041C_YLL040C	8824
YLL040C	8825
intergenic*YLL040C_YLL039C	8826
YLL039C	8827
intergenic*YLL039C_YLL038C	8828
YLL038C	8829
intergenic*YLL038C_YLL037W	8830
YLL037W	8831
YLL036C	8832
intergenic*YLL036C_YLL035W	8833
YLL035W	8834
intergenic*YLL035W_YLL034C	8835
YLL034C	8836
intergenic*YLL034C_YLL033W	8837
YLL033W	8838
intergenic*YLL033W_YLL032C	8839
YLL032C	8840
intergenic*YLL032C_YLL031C	8841
YLL031C	8842
intergenic*YLL031C_YLL030C	8843
YLL030C	8844
intergenic*YLL030C_YLL029W	8845
YLL029W	8846
intergenic*YLL029W_YLL028W	8847
YLL028W	8848
intergenic*YLL028W_YLL027W	8849
YLL027W	8850
intergenic*YLL027W_YLL026W	8851
YLL026W	8852
intergenic*YLL026W_ARS1206	8853
ARS1206	8854
intergenic*ARS1206_YLLCdelta1	8855
YLLCdelta1	8856
intergenic*YLLCdelta1_tP(UGG)L	8857
tP(UGG)L	8858
intergenic*tP(UGG)L_YLL025W	8859
YLL025W	8860
intergenic*YLL025W_YLL024C	8861
YLL024C	8862
intergenic*YLL024C_YLL023C	8863
YLL023C	8864
intergenic*YLL023C_YLL022C	8865
YLL022C	8866
intergenic*YLL022C_YLL021W	8867
YLL021W	8868
intergenic*YLL021W_YLL020C	8869
YLL020C	8870
YLL019C	8871
YLL019W-A	8872
intergenic*YLL019C_YLL018C-A	8873
YLL018C-A	8874
intergenic*YLL018C-A_YLL018C	8875
YLL018C	8876
intergenic*YLL018C_YLL015W	8877
YLL015W	8878
intergenic*YLL015W_YLL014W	8879
YLL014W	8880
intergenic*YLL014W_YLL013C	8881
YLL013C	8882
intergenic*YLL013C_YLL012W	8883
YLL012W	8884
intergenic*YLL012W_YLL011W	8885
YLL011W	8886
intergenic*YLL011W_YLL010C	8887
YLL010C	8888
intergenic*YLL010C_YLL009C	8889
YLL009C	8890
intergenic*YLL009C_YLL008W	8891
YLL008W	8892
intergenic*YLL008W_YLL007C	8893
YLL007C	8894
intergenic*YLL007C_YLL006W-A	8895
YLL006W-A	8896
intergenic*YLL006W-A_YLL006W	8897
YLL006W	8898
intergenic*YLL006W_YLL005C	8899
YLL005C	8900
ARS1207	8901
intergenic*YLL005C_YLL004W	8902
YLL004W	8903
intergenic*YLL004W_YLL003W	8904
YLL003W	8905
intergenic*YLL003W_YLL002W	8906
YLL002W	8907
intergenic*YLL002W_YLL001W	8908
YLL001W	8909
intergenic*YLL001W_YLR001C	8910
CEN12	8911
ARS1208	8912
YLR001C	8913
intergenic*YLR001C_YLR002C	8914
YLR002C	8915
intergenic*YLR002C_ARS1209	8916
ARS1209	8917
YLR003C	8918
intergenic*YLR003C_YLR004C	8919
YLR004C	8920
intergenic*YLR004C_YLR005W	8921
YLR005W	8922
intergenic*YLR005W_YLR006C	8923
YLR006C	8924
intergenic*YLR006C_YLR007W	8925
YLR007W	8926
intergenic*YLR007W_YLR008C	8927
YLR008C	8928
intergenic*YLR008C_YLR009W	8929
YLR009W	8930
intergenic*YLR009W_YLR010C	8931
YLR010C	8932
intergenic*YLR010C_tS(AGA)L	8933
tS(AGA)L	8934
intergenic*tS(AGA)L_YLRCsigma1	8935
YLRCsigma1	8936
intergenic*YLRCsigma1_YLR011W	8937
YLR011W	8938
intergenic*YLR011W_YLR012C	8939
YLR012C	8940
intergenic*YLR012C_YLR013W	8941
YLR013W	8942
intergenic*YLR013W_YLR014C	8943
YLR014C	8944
intergenic*YLR014C_YLR015W	8945
YLR015W	8946
intergenic*YLR015W_YLR016C	8947
YLR016C	8948
intergenic*YLR016C_YLR017W	8949
YLR017W	8950
intergenic*YLR017W_YLR018C	8951
YLR018C	8952
intergenic*YLR018C_YLR019W	8953
YLR019W	8954
intergenic*YLR019W_YLR020C	8955
YLR020C	8956
intergenic*YLR020C_YLR021W	8957
YLR021W	8958
intergenic*YLR021W_YLR022C	8959
YLR022C	8960
intergenic*YLR022C_YLR023C	8961
YLR023C	8962
intergenic*YLR023C_YLR024C	8963
YLR024C	8964
intergenic*YLR024C_YLR025W	8965
YLR025W	8966
intergenic*YLR025W_YLR026C	8967
YLR026C	8968
intergenic*YLR026C_YLR027C	8969
YLR027C	8970
intergenic*YLR027C_snR30	8971
snR30	8972
intergenic*snR30_YLR028C	8973
YLR028C	8974
intergenic*YLR028C_YLR029C	8975
YLR029C	8976
intergenic*YLR029C_YLR030W	8977
YLR030W	8978
intergenic*YLR030W_YLR031W	8979
YLR031W	8980
intergenic*YLR031W_YLR032W	8981
YLR032W	8982
intergenic*YLR032W_YLR033W	8983
YLR033W	8984
intergenic*YLR033W_YLR034C	8985
YLR034C	8986
intergenic*YLR034C_YLR035C	8987
YLR035C	8988
intergenic*YLR035C_tA(UGC)L	8989
tA(UGC)L	8990
intergenic*tA(UGC)L_YLRCdelta2	8991
YLRCdelta2	8992
intergenic*YLRCdelta2_YLR035C-A	8993
YLR035C-A	8994
intergenic*YLR035C-A_YLRCdelta3	8995
YLRCdelta3	8996
YLRWdelta4	8997
intergenic*YLRWdelta4_YLR036C	8998
YLR036C	8999
intergenic*YLR036C_ARS1210	9000
ARS1210	9001
intergenic*ARS1210_YLR037C	9002
YLR037C	9003
intergenic*YLR037C_YLR038C	9004
YLR038C	9005
intergenic*YLR038C_YLR039C	9006
YLR039C	9007
intergenic*YLR039C_YLR040C	9008
YLR040C	9009
YLR041W	9010
intergenic*YLR041W_YLR042C	9011
YLR042C	9012
intergenic*YLR042C_ARS1211	9013
ARS1211	9014
intergenic*ARS1211_YLR043C	9015
YLR043C	9016
intergenic*YLR043C_YLR044C	9017
YLR044C	9018
intergenic*YLR044C_YLR045C	9019
YLR045C	9020
intergenic*YLR045C_YLR046C	9021
YLR046C	9022
intergenic*YLR046C_YLR047C	9023
YLR047C	9024
intergenic*YLR047C_YLR048W	9025
YLR048W	9026
intergenic*YLR048W_YLR049C	9027
YLR049C	9028
intergenic*YLR049C_YLR050C	9029
YLR050C	9030
intergenic*YLR050C_YLR051C	9031
YLR051C	9032
intergenic*YLR051C_YLR052W	9033
YLR052W	9034
intergenic*YLR052W_YLR053C	9035
YLR053C	9036
intergenic*YLR053C_YLR054C	9037
YLR054C	9038
intergenic*YLR054C_YLR055C	9039
YLR055C	9040
intergenic*YLR055C_YLR056W	9041
YLR056W	9042
intergenic*YLR056W_YLR057W	9043
YLR057W	9044
intergenic*YLR057W_YLR058C	9045
YLR058C	9046
intergenic*YLR058C_YLR059C	9047
YLR059C	9048
intergenic*YLR059C_YLR060W	9049
YLR060W	9050
intergenic*YLR060W_YLR061W	9051
YLR061W	9052
YLR062C	9053
intergenic*YLR062C_YLR063W	9054
YLR063W	9055
intergenic*YLR063W_YLR064W	9056
YLR064W	9057
intergenic*YLR064W_YLR065C	9058
YLR065C	9059
intergenic*YLR065C_YLR066W	9060
YLR066W	9061
intergenic*YLR066W_YLR067C	9062
YLR067C	9063
intergenic*YLR067C_YLR068W	9064
YLR068W	9065
intergenic*YLR068W_YLR069C	9066
YLR069C	9067
intergenic*YLR069C_YLR070C	9068
YLR070C	9069
intergenic*YLR070C_YLR071C	9070
YLR071C	9071
intergenic*YLR071C_YLR072W	9072
YLR072W	9073
intergenic*YLR072W_YLR073C	9074
YLR073C	9075
intergenic*YLR073C_YLR074C	9076
YLR074C	9077
intergenic*YLR074C_YLR075W	9078
YLR075W	9079
YLR076C	9080
intergenic*YLR076C_YLR077W	9081
YLR077W	9082
intergenic*YLR077W_YLR078C	9083
YLR078C	9084
intergenic*YLR078C_YLR079W	9085
YLR079W	9086
intergenic*YLR079W_YLR080W	9087
YLR080W	9088
intergenic*YLR080W_ARS1212	9089
ARS1212	9090
intergenic*ARS1212_YLR081W	9091
YLR081W	9092
intergenic*YLR081W_YLR082C	9093
YLR082C	9094
intergenic*YLR082C_YLR083C	9095
YLR083C	9096
intergenic*YLR083C_YLR084C	9097
YLR084C	9098
intergenic*YLR084C_YLR085C	9099
YLR085C	9100
intergenic*YLR085C_YLR086W	9101
YLR086W	9102
intergenic*YLR086W_YLR087C	9103
YLR087C	9104
intergenic*YLR087C_YLR088W	9105
YLR088W	9106
intergenic*YLR088W_YLR089C	9107
YLR089C	9108
intergenic*YLR089C_YLR090W	9109
YLR090W	9110
intergenic*YLR090W_YLR091W	9111
YLR091W	9112
intergenic*YLR091W_YLR092W	9113
YLR092W	9114
intergenic*YLR092W_YLR093C	9115
YLR093C	9116
intergenic*YLR093C_YLR094C	9117
YLR094C	9118
intergenic*YLR094C_YLR095C	9119
YLR095C	9120
intergenic*YLR095C_YLR096W	9121
YLR096W	9122
intergenic*YLR096W_YLR097C	9123
YLR097C	9124
intergenic*YLR097C_YLR098C	9125
YLR098C	9126
intergenic*YLR098C_YLR099C	9127
YLR099C	9128
intergenic*YLR099C_YLR099W-A	9129
YLR099W-A	9130
intergenic*YLR099W-A_YLR100W	9131
YLR100W	9132
YLR101C	9133
intergenic*YLR101C_YLR102C	9134
YLR102C	9135
ARS1212.5	9136
YLR103C	9137
intergenic*YLR103C_YLR104W	9138
YLR104W	9139
intergenic*YLR104W_YLR105C	9140
YLR105C	9141
intergenic*YLR105C_snR79	9142
snR79	9143
intergenic*snR79_YLR106C	9144
YLR106C	9145
intergenic*YLR106C_YLR107W	9146
YLR107W	9147
intergenic*YLR107W_YLRCdelta5	9148
YLRCdelta5	9149
intergenic*YLRCdelta5_snR6	9150
snR6	9151
intergenic*snR6_YLR108C	9152
YLR108C	9153
intergenic*YLR108C_YLR109W	9154
YLR109W	9155
intergenic*YLR109W_YLR110C	9156
YLR110C	9157
intergenic*YLR110C_YLR111W	9158
YLR111W	9159
intergenic*YLR111W_YLR112W	9160
YLR112W	9161
intergenic*YLR112W_YLR113W	9162
YLR113W	9163
intergenic*YLR113W_ARS1213	9164
ARS1213	9165
intergenic*ARS1213_YLRWsigma2	9166
YLRWsigma2	9167
intergenic*YLRWsigma2_tR(ACG)L	9168
tR(ACG)L	9169
intergenic*tR(ACG)L_YLR114C	9170
YLR114C	9171
intergenic*YLR114C_YLR115W	9172
YLR115W	9173
intergenic*YLR115W_YLR116W	9174
YLR116W	9175
intergenic*YLR116W_YLR118C	9176
YLR117C	9177
ARS1214	9178
YLR118C	9179
intergenic*YLR118C_YLR119W	9180
YLR119W	9181
intergenic*YLR119W_YLR120C	9182
YLR120C	9183
intergenic*YLR120C_YLR120W-A	9184
YLR120W-A	9185
YLR121C	9186
intergenic*YLR121C_YLR122C	9187
YLR122C	9188
YLR123C	9189
intergenic*YLR123C_YLR124W	9190
YLR124W	9191
intergenic*YLR124W_YLR125W	9192
YLR125W	9193
intergenic*YLR125W_YLR126C	9194
YLR126C	9195
intergenic*YLR126C_YLR127C	9196
YLR127C	9197
intergenic*YLR127C_YLR128W	9198
YLR128W	9199
intergenic*YLR128W_YLR129W	9200
YLR129W	9201
intergenic*YLR129W_YLR130C	9202
YLR130C	9203
intergenic*YLR130C_YLR131C	9204
YLR131C	9205
intergenic*YLR131C_YLR132C	9206
YLR132C	9207
intergenic*YLR132C_YLR133W	9208
YLR133W	9209
intergenic*YLR133W_YLR134W	9210
YLR134W	9211
intergenic*YLR134W_ARS1215	9212
ARS1215	9213
intergenic*ARS1215_YLR135W	9214
YLR135W	9215
intergenic*YLR135W_YLR136C	9216
YLR136C	9217
intergenic*YLR136C_YLR137W	9218
YLR137W	9219
intergenic*YLR137W_YLR138W	9220
YLR138W	9221
intergenic*YLR138W_YLR139C	9222
YLR139C	9223
YLR140W	9224
YLR141W	9225
intergenic*YLR141W_YLR142W	9226
YLR142W	9227
intergenic*YLR142W_tD(GUC)L1	9228
tD(GUC)L1	9229
intergenic*tD(GUC)L1_YLR143W	9230
YLR143W	9231
intergenic*YLR143W_YLR144C	9232
YLR144C	9233
intergenic*YLR144C_YLR145W	9234
YLR145W	9235
intergenic*YLR145W_YLR146C	9236
YLR146C	9237
intergenic*YLR146C_YLR146W-A	9238
YLR146W-A	9239
intergenic*YLR146W-A_YLR147C	9240
YLR147C	9241
intergenic*YLR147C_YLR148W	9242
YLR148W	9243
intergenic*YLR148W_YLR149C	9244
YLR149C	9245
intergenic*YLR149C_YLR149C-A	9246
YLR149C-A	9247
intergenic*YLR149C-A_YLR150W	9248
YLR150W	9249
intergenic*YLR150W_YLR151C	9250
YLR151C	9251
intergenic*YLR151C_YLR152C	9252
YLR152C	9253
intergenic*YLR152C_YLR153C	9254
YLR153C	9255
intergenic*YLR153C_YLR154C	9256
YLR154C	9257
intergenic*YLR154C_tQ(UUG)L	9258
tQ(UUG)L	9259
intergenic*tQ(UUG)L_YLRWdelta6	9260
YLRWdelta6	9261
intergenic*YLRWdelta6_ARS1216	9262
ARS1216	9263
intergenic*ARS1216_RDN37-1	9264
ETS2-1	9265
RDN37-1	9266
RDN25-1	9267
YLR154W-A	9268
YLR154W-B	9269
YLR154W-C	9270
ITS2-1	9271
RDN58-1	9272
YLR154W-E	9273
ITS1-1	9274
YLR154W-F	9275
RDN18-1	9276
ETS1-1	9277
NTS2-1	9278
ARS1200-1	9279
RDN5-1	9280
NTS1-2	9281
ETS2-2	9282
RDN37-2	9283
RDN25-2	9284
YLR154C-G	9285
ITS2-2	9286
RDN58-2	9287
ITS1-2	9288
RDN18-2	9289
ETS1-2	9290
NTS2-2	9291
ARS1200-2	9292
RDN5-2	9293
YLR154C-H	9294
intergenic*YLR154C-H_YLR155C	9295
YLR155C	9296
intergenic*YLR155C_YLR156W	9297
YLR156W	9298
intergenic*YLR156W_RDN5-3	9299
RDN5-3	9300
YLR156C-A	9301
intergenic*YLR156C-A_YLR157C	9302
YLR157C	9303
intergenic*YLR157C_YLR157W-E	9304
YLR157W-D	9305
YLRCdelta7	9306
YLRCTy1-1	9307
YLR157C-B	9308
YLR157C-A	9309
YLRCdelta8	9310
YLR157W-E	9311
intergenic*YLR157W-E_RDN5-4	9312
RDN5-4	9313
YLR157C-C	9314
intergenic*YLR157C-C_YLR158C	9315
YLR158C	9316
intergenic*YLR158C_YLR159W	9317
YLR159W	9318
intergenic*YLR159W_RDN5-5	9319
RDN5-5	9320
YLR159C-A	9321
intergenic*YLR159C-A_YLR160C	9322
YLR160C	9323
intergenic*YLR160C_YLR161W	9324
YLR161W	9325
intergenic*YLR161W_RDN5-6	9326
RDN5-6	9327
intergenic*RDN5-6_YLR162W	9328
YLR162W	9329
intergenic*YLR162W_YLR162W-A	9330
YLR162W-A	9331
intergenic*YLR162W-A_YLR163C	9332
YLR163C	9333
YLR163W-A	9334
intergenic*YLR163C_YLR164W	9335
YLR164W	9336
intergenic*YLR164W_YLR165C	9337
YLR165C	9338
intergenic*YLR165C_YLR166C	9339
YLR166C	9340
intergenic*YLR166C_YLR167W	9341
YLR167W	9342
intergenic*YLR167W_YLR168C	9343
YLR168C	9344
intergenic*YLR168C_YLR169W	9345
YLR169W	9346
YLR170C	9347
YLR171W	9348
intergenic*YLR171W_YLR172C	9349
YLR172C	9350
intergenic*YLR172C_YLR173W	9351
YLR173W	9352
intergenic*YLR173W_YLR174W	9353
YLR174W	9354
intergenic*YLR174W_YLR175W	9355
YLR175W	9356
intergenic*YLR175W_YLR176C	9357
YLR176C	9358
intergenic*YLR176C_YLR177W	9359
YLR177W	9360
ARS1217	9361
intergenic*ARS1217_YLR178C	9362
YLR178C	9363
intergenic*YLR178C_YLR179C	9364
YLR179C	9365
intergenic*YLR179C_YLR180W	9366
YLR180W	9367
intergenic*YLR180W_YLR181C	9368
YLR181C	9369
intergenic*YLR181C_YLR182W	9370
YLR182W	9371
intergenic*YLR182W_YLR183C	9372
YLR183C	9373
intergenic*YLR183C_YLR184W	9374
YLR184W	9375
intergenic*YLR184W_YLR185W	9376
YLR185W	9377
intergenic*YLR185W_YLR186W	9378
YLR186W	9379
intergenic*YLR186W_YLR187W	9380
YLR187W	9381
intergenic*YLR187W_YLR188W	9382
YLR188W	9383
intergenic*YLR188W_YLR189C	9384
YLR189C	9385
intergenic*YLR189C_YLR190W	9386
YLR190W	9387
intergenic*YLR190W_YLR191W	9388
YLR191W	9389
intergenic*YLR191W_YLR192C	9390
YLR192C	9391
intergenic*YLR192C_YLR193C	9392
YLR193C	9393
intergenic*YLR193C_YLR194C	9394
YLR194C	9395
intergenic*YLR194C_YLR195C	9396
YLR195C	9397
intergenic*YLR195C_YLR196W	9398
YLR196W	9399
intergenic*YLR196W_YLR197W	9400
YLR197W	9401
YLR198C	9402
intergenic*YLR198C_YLR199C	9403
YLR199C	9404
intergenic*YLR199C_YLR200W	9405
YLR200W	9406
intergenic*YLR200W_YLR201C	9407
YLR201C	9408
YLR202C	9409
intergenic*YLR202C_YLR203C	9410
YLR203C	9411
intergenic*YLR203C_YLR204W	9412
YLR204W	9413
intergenic*YLR204W_YLR205C	9414
YLR205C	9415
intergenic*YLR205C_YLR206W	9416
YLR206W	9417
intergenic*YLR206W_YLR207W	9418
YLR207W	9419
intergenic*YLR207W_YLR208W	9420
YLR208W	9421
intergenic*YLR208W_YLR209C	9422
YLR209C	9423
intergenic*YLR209C_YLR210W	9424
YLR210W	9425
intergenic*YLR210W_YLR211C	9426
YLR211C	9427
intergenic*YLR211C_YLR212C	9428
YLR212C	9429
intergenic*YLR212C_YLR213C	9430
YLR213C	9431
intergenic*YLR213C_YLR214W	9432
YLR214W	9433
intergenic*YLR214W_YLR215C	9434
YLR215C	9435
intergenic*YLR215C_YLR216C	9436
YLR216C	9437
YLR217W	9438
intergenic*YLR217W_YLR218C	9439
YLR218C	9440
intergenic*YLR218C_YLR219W	9441
YLR219W	9442
intergenic*YLR219W_YLR220W	9443
YLR220W	9444
intergenic*YLR220W_YLR221C	9445
YLR221C	9446
intergenic*YLR221C_YLR222C	9447
YLR222C	9448
intergenic*YLR222C_YLR222C-A	9449
YLR222C-A	9450
YLR223C	9451
intergenic*YLR223C_YLR224W	9452
YLR224W	9453
intergenic*YLR224W_YLR225C	9454
YLR225C	9455
intergenic*YLR225C_YLR226W	9456
YLR226W	9457
intergenic*YLR226W_YLR227C	9458
YLR227C	9459
intergenic*YLR227C_tL(UAG)L1	9460
tL(UAG)L1	9461
intergenic*tL(UAG)L1_YLRCdelta9	9462
YLRCdelta9	9463
intergenic*YLRCdelta9_YLRWTy1-2	9464
YLRWdelta10	9465
YLRWTy1-2	9466
YLR227W-A	9467
YLR227W-B	9468
YLRWdelta11	9469
intergenic*YLRWTy1-2_YLRWdelta12	9470
YLRWdelta12	9471
intergenic*YLRWdelta12_YLRCtau1	9472
YLRCtau1	9473
intergenic*YLRCtau1_YLR228C	9474
YLR228C	9475
intergenic*YLR228C_ARS1218	9476
ARS1218	9477
intergenic*ARS1218_YLR229C	9478
YLR229C	9479
YLR230W	9480
intergenic*YLR230W_tI(UAU)L	9481
tI(UAU)L	9482
intergenic*tI(UAU)L_YLR231C	9483
YLR231C	9484
YLR232W	9485
intergenic*YLR232W_YLR233C	9486
YLR233C	9487
intergenic*YLR233C_YLR234W	9488
YLR234W	9489
YLR235C	9490
YLR236C	9491
intergenic*YLR236C_YLR237W	9492
YLR237W	9493
intergenic*YLR237W_YLR238W	9494
YLR238W	9495
intergenic*YLR238W_YLR239C	9496
YLR239C	9497
intergenic*YLR239C_YLR240W	9498
YLR240W	9499
intergenic*YLR240W_YLR241W	9500
YLR241W	9501
intergenic*YLR241W_YLR242C	9502
YLR242C	9503
ARS1219	9504
intergenic*YLR242C_YLR243W	9505
YLR243W	9506
intergenic*YLR243W_YLR244C	9507
YLR244C	9508
intergenic*YLR244C_YLR245C	9509
YLR245C	9510
intergenic*YLR245C_YLR246W	9511
YLR246W	9512
intergenic*YLR246W_tL(CAA)L	9513
tL(CAA)L	9514
intergenic*tL(CAA)L_YLR247C	9515
YLR247C	9516
intergenic*YLR247C_YLR248W	9517
YLR248W	9518
intergenic*YLR248W_YLR249W	9519
YLR249W	9520
intergenic*YLR249W_YLR250W	9521
YLR250W	9522
intergenic*YLR250W_YLR251W	9523
YLR251W	9524
YLR252W	9525
intergenic*YLR252W_YLR253W	9526
YLR253W	9527
intergenic*YLR253W_YLR254C	9528
YLR254C	9529
intergenic*YLR254C_YLR255C	9530
YLR255C	9531
intergenic*YLR255C_YLR256W	9532
YLR256W	9533
YLRWdelta13	9534
YLRWTy1-3	9535
YLR256W-A	9536
YLRWdelta14	9537
intergenic*YLRWTy1-3_tA(AGC)L	9538
tA(AGC)L	9539
intergenic*tA(AGC)L_YLRWsigma3	9540
YLRWsigma3	9541
intergenic*YLRWsigma3_YLRWdelta15	9542
YLRWdelta15	9543
intergenic*YLRWdelta15_YLR257W	9544
YLR257W	9545
intergenic*YLR257W_ARS1220	9546
ARS1220	9547
intergenic*ARS1220_YLR258W	9548
YLR258W	9549
intergenic*YLR258W_YLR259C	9550
YLR259C	9551
intergenic*YLR259C_YLR260W	9552
YLR260W	9553
intergenic*YLR260W_YLR261C	9554
YLR261C	9555
YLR262C	9556
intergenic*YLR262C_YLR262C-A	9557
YLR262C-A	9558
intergenic*YLR262C-A_YLR263W	9559
YLR263W	9560
intergenic*YLR263W_YLR264W	9561
YLR264W	9562
intergenic*YLR264W_YLR264C-A	9563
YLR264C-A	9564
intergenic*YLR264C-A_YLR265C	9565
YLR265C	9566
intergenic*YLR265C_YLR266C	9567
YLR266C	9568
intergenic*YLR266C_YLR267W	9569
YLR267W	9570
intergenic*YLR267W_YLR268W	9571
YLR268W	9572
intergenic*YLR268W_YLR269C	9573
YLR269C	9574
YLR270W	9575
intergenic*YLR270W_YLR271W	9576
YLR271W	9577
intergenic*YLR271W_YLR272C	9578
YLR272C	9579
intergenic*YLR272C_tV(AAC)L	9580
tV(AAC)L	9581
intergenic*tV(AAC)L_YLRCdelta16	9582
YLRCdelta16	9583
YLRWdelta17	9584
intergenic*YLRWdelta17_YLR273C	9585
YLR273C	9586
intergenic*YLR273C_YLR274W	9587
YLR274W	9588
intergenic*YLR274W_YLR275W	9589
YLR275W	9590
intergenic*YLR275W_YLR276C	9591
YLR276C	9592
intergenic*YLR276C_YLR277C	9593
YLR277C	9594
intergenic*YLR277C_YLR278C	9595
YLR278C	9596
intergenic*YLR278C_YLR279W	9597
YLR279W	9598
YLR280C	9599
YLR281C	9600
intergenic*YLR281C_YLR282C	9601
YLR282C	9602
YLR283W	9603
intergenic*YLR283W_YLR284C	9604
YLR284C	9605
intergenic*YLR284C_YLR285W	9606
YLR285W	9607
intergenic*YLR285W_YLR285C-A	9608
YLR285C-A	9609
intergenic*YLR285C-A_YLR286C	9610
YLR286C	9611
YLR286W-A	9612
intergenic*YLR286C_YLR287C	9613
YLR287C	9614
intergenic*YLR287C_YLR287C-A	9615
YLR287C-A	9616
intergenic*YLR287C-A_YLR288C	9617
YLR288C	9618
intergenic*YLR288C_YLR289W	9619
YLR289W	9620
intergenic*YLR289W_YLR290C	9621
YLR290C	9622
intergenic*YLR290C_YLR291C	9623
YLR291C	9624
intergenic*YLR291C_YLR292C	9625
YLR292C	9626
intergenic*YLR292C_YLR293C	9627
YLR293C	9628
ARS1221	9629
intergenic*YLR293C_YLR294C	9630
YLR294C	9631
YLR295C	9632
intergenic*YLR295C_YLR296W	9633
YLR296W	9634
intergenic*YLR296W_YLR297W	9635
YLR297W	9636
intergenic*YLR297W_YLR298C	9637
YLR298C	9638
intergenic*YLR298C_YLR299W	9639
YLR299W	9640
YLR299C-A	9641
intergenic*YLR299W_YLR300W	9642
YLR300W	9643
intergenic*YLR300W_YLR301W	9644
YLR301W	9645
intergenic*YLR301W_YLRCdelta18	9646
YLRCdelta18	9647
intergenic*YLRCdelta18_tL(UAG)L2	9648
tL(UAG)L2	9649
YLR302C	9650
YLR303W	9651
intergenic*YLR303W_YLRCdelta19	9652
YLRCdelta19	9653
intergenic*YLRCdelta19_tI(AAU)L1	9654
tI(AAU)L1	9655
intergenic*tI(AAU)L1_YLR304C	9656
YLR304C	9657
intergenic*YLR304C_YLR305C	9658
YLR305C	9659
intergenic*YLR305C_YLR306W	9660
YLR306W	9661
intergenic*YLR306W_ARS1223	9662
ARS1223	9663
intergenic*ARS1223_YLR307W	9664
YLR307W	9665
intergenic*YLR307W_YLR307C-A	9666
YLR307C-A	9667
intergenic*YLR307C-A_YLR308W	9668
YLR308W	9669
intergenic*YLR308W_YLR309C	9670
YLR309C	9671
intergenic*YLR309C_YLR310C	9672
YLR310C	9673
intergenic*YLR310C_YLR311C	9674
YLR311C	9675
intergenic*YLR311C_YLR312C	9676
YLR312C	9677
intergenic*YLR312C_YLR312W-A	9678
YLR312W-A	9679
intergenic*YLR312W-A_YLR313C	9680
YLR313C	9681
intergenic*YLR313C_YLR314C	9682
YLR314C	9683
intergenic*YLR314C_YLR315W	9684
YLR315W	9685
YLR316C	9686
YLR317W	9687
intergenic*YLR316C_YLR318W	9688
YLR318W	9689
intergenic*YLR318W_YLR319C	9690
YLR319C	9691
intergenic*YLR319C_YLR320W	9692
YLR320W	9693
intergenic*YLR320W_YLR321C	9694
YLR321C	9695
YLR322W	9696
intergenic*YLR322W_YLR323C	9697
YLR323C	9698
intergenic*YLR323C_YLR324W	9699
YLR324W	9700
intergenic*YLR324W_YLR325C	9701
YLR325C	9702
intergenic*YLR325C_YLR326W	9703
YLR326W	9704
intergenic*YLR326W_YLR327C	9705
YLR327C	9706
intergenic*YLR327C_tX(XXX)L	9707
tX(XXX)L	9708
intergenic*tX(XXX)L_YLR328W	9709
YLR328W	9710
intergenic*YLR328W_YLR329W	9711
YLR329W	9712
intergenic*YLR329W_YLR330W	9713
YLR330W	9714
intergenic*YLR330W_YLR331C	9715
YLR331C	9716
YLR332W	9717
intergenic*YLR332W_YLRWsigma4	9718
YLRWsigma4	9719
intergenic*YLRWsigma4_tD(GUC)L2	9720
tD(GUC)L2	9721
intergenic*tD(GUC)L2_ARS1226	9722
ARS1226	9723
intergenic*ARS1226_snR61	9724
snR61	9725
intergenic*snR61_snR55	9726
snR55	9727
intergenic*snR55_snR57	9728
snR57	9729
intergenic*snR57_YLR333C	9730
YLR333C	9731
intergenic*YLR333C_YLR334C	9732
YLR334C	9733
YLRWdelta20	9734
intergenic*YLRWdelta20_tE(UUC)L	9735
tE(UUC)L	9736
intergenic*tE(UUC)L_YLR335W	9737
YLR335W	9738
intergenic*YLR335W_YLR336C	9739
YLR336C	9740
intergenic*YLR336C_YLR337C	9741
YLR337C	9742
YLR338W	9743
intergenic*YLR338W_YLR339C	9744
YLR339C	9745
YLR340W	9746
intergenic*YLR340W_YLR341W	9747
YLR341W	9748
intergenic*YLR341W_YLR342W	9749
YLR342W	9750
intergenic*YLR342W_YLR342W-A	9751
YLR342W-A	9752
intergenic*YLR342W-A_YLR343W	9753
YLR343W	9754
intergenic*YLR343W_YLRCdelta21	9755
YLRCdelta21	9756
intergenic*YLRCdelta21_tR(CCG)L	9757
tR(CCG)L	9758
intergenic*tR(CCG)L_YLR344W	9759
YLR344W	9760
intergenic*YLR344W_YLR345W	9761
YLR345W	9762
intergenic*YLR345W_YLR346C	9763
YLR346C	9764
intergenic*YLR346C_YLR347C	9765
YLR347C	9766
YLR347W-A	9767
intergenic*YLR347C_YLR349W	9768
YLR348C	9769
YLR349W	9770
intergenic*YLR349W_YLR350W	9771
YLR350W	9772
intergenic*YLR350W_YLR351C	9773
YLR351C	9774
intergenic*YLR351C_YLR352W	9775
YLR352W	9776
intergenic*YLR352W_YLR353W	9777
YLR353W	9778
intergenic*YLR353W_YLR354C	9779
YLR354C	9780
intergenic*YLR354C_YLR355C	9781
YLR355C	9782
intergenic*YLR355C_YLR356W	9783
YLR356W	9784
intergenic*YLR356W_YLR357W	9785
YLR357W	9786
YLR358C	9787
intergenic*YLR358C_YLR359W	9788
YLR359W	9789
intergenic*YLR359W_YLR360W	9790
YLR360W	9791
YLR361C	9792
intergenic*YLR361C_YLR361C-A	9793
YLR361C-A	9794
intergenic*YLR361C-A_YLR362W	9795
YLR362W	9796
intergenic*YLR362W_YLR363C	9797
YLR363C	9798
intergenic*YLR363C_YLR363W-A	9799
YLR363W-A	9800
intergenic*YLR363W-A_YLR364W	9801
YLR364W	9802
intergenic*YLR364W_YLR365W	9803
YLR365W	9804
YLR364C-A	9805
YLR366W	9806
intergenic*YLR366W_YLR367W	9807
YLR367W	9808
snR44	9809
intergenic*YLR367W_YLR368W	9810
YLR368W	9811
intergenic*YLR368W_YLR369W	9812
YLR369W	9813
intergenic*YLR369W_YLR370C	9814
YLR370C	9815
intergenic*YLR370C_YLR371W	9816
YLR371W	9817
intergenic*YLR371W_YLR372W	9818
YLR372W	9819
intergenic*YLR372W_YLR373C	9820
YLR373C	9821
intergenic*YLR373C_YLR374C	9822
YLR374C	9823
YLR375W	9824
intergenic*YLR375W_YLR376C	9825
YLR376C	9826
intergenic*YLR376C_YLR377C	9827
YLR377C	9828
intergenic*YLR377C_tK(UUU)L	9829
tK(UUU)L	9830
intergenic*tK(UUU)L_YLR378C	9831
YLR378C	9832
YLR379W	9833
intergenic*YLR379W_YLR380W	9834
YLR380W	9835
intergenic*YLR380W_YLR381W	9836
YLR381W	9837
intergenic*YLR381W_YLR382C	9838
YLR382C	9839
intergenic*YLR382C_YLR383W	9840
YLR383W	9841
ARS1238	9842
intergenic*ARS1238_YLR384C	9843
YLR384C	9844
intergenic*YLR384C_YLR385C	9845
YLR385C	9846
intergenic*YLR385C_YLR386W	9847
YLR386W	9848
intergenic*YLR386W_YLR387C	9849
YLR387C	9850
intergenic*YLR387C_YLR388W	9851
YLR388W	9852
intergenic*YLR388W_snR34	9853
snR34	9854
intergenic*snR34_YLR389C	9855
YLR389C	9856
intergenic*YLR389C_YLR390W	9857
YLR390W	9858
intergenic*YLR390W_YLR390W-A	9859
YLR390W-A	9860
intergenic*YLR390W-A_YLR392C	9861
YLR392C	9862
intergenic*YLR392C_YLR393W	9863
YLR393W	9864
intergenic*YLR393W_YLR394W	9865
YLR394W	9866
intergenic*YLR394W_YLR395C	9867
YLR395C	9868
intergenic*YLR395C_YLR396C	9869
YLR396C	9870
intergenic*YLR396C_YLR397C	9871
YLR397C	9872
intergenic*YLR397C_YLR398C	9873
YLR398C	9874
intergenic*YLR398C_YLR399C	9875
YLR399C	9876
ARS1228	9877
YLR399W-A	9878
intergenic*ARS1228_YLR401C	9879
YLR400W	9880
YLR401C	9881
intergenic*YLR401C_YLR402W	9882
YLR402W	9883
intergenic*YLR402W_YLR403W	9884
YLR403W	9885
intergenic*YLR403W_YLR404W	9886
YLR404W	9887
intergenic*YLR404W_YLR405W	9888
YLR405W	9889
ARS1230	9890
YLR406C	9891
intergenic*YLR406C_YLR406C-A	9892
YLR406C-A	9893
intergenic*YLR406C-A_YLR407W	9894
YLR407W	9895
intergenic*YLR407W_YLR408C	9896
YLR408C	9897
intergenic*YLR408C_YLR409C	9898
YLR409C	9899
intergenic*YLR409C_YLR410W	9900
YLR410W	9901
intergenic*YLR410W_YLRWTy2-1	9902
YLRWdelta22	9903
YLRWTy2-1	9904
YLR410W-A	9905
YLR410W-B	9906
YLRWdelta23	9907
intergenic*YLRWTy2-1_YLR411W	9908
YLR411W	9909
intergenic*YLR411W_YLR412W	9910
YLR412W	9911
intergenic*YLR412W_YLR412C-A	9912
YLR412C-A	9913
intergenic*YLR412C-A_YLR413W	9914
YLR413W	9915
intergenic*YLR413W_YLR414C	9916
YLR414C	9917
intergenic*YLR414C_YLR415C	9918
YLR415C	9919
YLR416C	9920
intergenic*YLR416C_YLR417W	9921
YLR417W	9922
intergenic*YLR417W_YLR418C	9923
YLR418C	9924
intergenic*YLR418C_YLR419W	9925
YLR419W	9926
intergenic*YLR419W_tL(UAA)L	9927
tL(UAA)L	9928
intergenic*tL(UAA)L_YLRWdelta24	9929
YLRWdelta24	9930
intergenic*YLRWdelta24_YLR420W	9931
YLR420W	9932
intergenic*YLR420W_YLR421C	9933
YLR421C	9934
intergenic*YLR421C_YLR422W	9935
YLR422W	9936
intergenic*YLR422W_YLR423C	9937
YLR423C	9938
intergenic*YLR423C_YLR424W	9939
YLR424W	9940
intergenic*YLR424W_tN(GUU)L	9941
tN(GUU)L	9942
intergenic*tN(GUU)L_YLRCTy2-2	9943
YLRCdelta25	9944
YLRCTy2-2	9945
YLRCdelta26	9946
intergenic*YLRCTy2-2_YLR425W	9947
YLR425W	9948
intergenic*YLR425W_YLR426W	9949
YLR426W	9950
intergenic*YLR426W_YLR427W	9951
YLR427W	9952
intergenic*YLR427W_YLR428C	9953
YLR428C	9954
YLR429W	9955
intergenic*YLR429W_YLR430W	9956
YLR430W	9957
intergenic*YLR430W_YLR431C	9958
YLR431C	9959
intergenic*YLR431C_YLR432W	9960
YLR432W	9961
intergenic*YLR432W_YLR433C	9962
YLR433C	9963
intergenic*YLR433C_YLR434C	9964
YLR434C	9965
YLR435W	9966
intergenic*YLR435W_ARS1232	9967
ARS1232	9968
YLR436C	9969
intergenic*YLR436C_YLR437C	9970
YLR437C	9971
intergenic*YLR437C_YLR437C-A	9972
YLR437C-A	9973
YLR438W	9974
intergenic*YLR438W_ARS1233	9975
ARS1233	9976
YLR438C-A	9977
intergenic*YLR438C-A_YLR439W	9978
YLR439W	9979
intergenic*YLR439W_YLR440C	9980
YLR440C	9981
intergenic*YLR440C_YLR441C	9982
YLR441C	9983
intergenic*YLR441C_YLR442C	9984
YLR442C	9985
intergenic*YLR442C_YLR443W	9986
YLR443W	9987
YLR444C	9988
intergenic*YLR444C_ARS1234	9989
ARS1234	9990
intergenic*ARS1234_YLR445W	9991
YLR445W	9992
intergenic*YLR445W_YLR446W	9993
YLR446W	9994
intergenic*YLR446W_YLR447C	9995
YLR447C	9996
intergenic*YLR447C_YLR448W	9997
YLR448W	9998
intergenic*YLR448W_YLR449W	9999
YLR449W	10000
intergenic*YLR449W_YLR450W	10001
YLR450W	10002
intergenic*YLR450W_YLR451W	10003
YLR451W	10004
intergenic*YLR451W_YLR452C	10005
YLR452C	10006
intergenic*YLR452C_YLR453C	10007
YLR453C	10008
intergenic*YLR453C_YLR454W	10009
YLR454W	10010
intergenic*YLR454W_tI(AAU)L2	10011
tI(AAU)L2	10012
intergenic*tI(AAU)L2_YLRCdelta27	10013
YLRCdelta27	10014
intergenic*YLRCdelta27_YLR455W	10015
YLR455W	10016
intergenic*YLR455W_YLR456W	10017
YLR456W	10018
intergenic*YLR456W_YLR457C	10019
YLR457C	10020
YLR458W	10021
intergenic*YLR458W_YLR459W	10022
YLR459W	10023
intergenic*YLR459W_ARS1235	10024
ARS1235	10025
YLR460C	10026
intergenic*YLR460C_YLR461W	10027
YLR461W	10028
intergenic*YLR461W_TEL12R	10029
TEL12R	10030
YLR462W	10031
YLR463C	10032
YLR464W	10033
YLR465C	10034
YLR466W	10035
YLR466C-A	10036
YLR466C-B	10037
YLR467W	10038
YLR467C-A	10039
TEL13L	10040
YML133C	10041
YML133W-B	10042
YML133W-A	10043
intergenic*TEL13L_YML132W	10044
YML132W	10045
intergenic*YML132W_YML131W	10046
YML131W	10047
intergenic*YML131W_YML130C	10048
YML130C	10049
intergenic*YML130C_YML129C	10050
YML129C	10051
intergenic*YML129C_YML128C	10052
YML128C	10053
intergenic*YML128C_YML127W	10054
YML127W	10055
intergenic*YML127W_YML126C	10056
YML126C	10057
intergenic*YML126C_YML125C	10058
YML125C	10059
intergenic*YML125C_YML124C	10060
YML124C	10061
intergenic*YML124C_YML123C	10062
YML123C	10063
intergenic*YML123C_YML122C	10064
YML122C	10065
intergenic*YML122C_YML121W	10066
YML121W	10067
intergenic*YML121W_YML120C	10068
YML120C	10069
intergenic*YML120C_YML119W	10070
YML119W	10071
intergenic*YML119W_ARS1303	10072
ARS1303	10073
intergenic*ARS1303_YML118W	10074
YML118W	10075
intergenic*YML118W_YML117W	10076
YML117W	10077
YML116W-A	10078
intergenic*YML116W-A_YML115C	10079
YML116W	10080
ARS1304	10081
YML115C	10082
intergenic*YML115C_YML114C	10083
YML114C	10084
intergenic*YML114C_YML113W	10085
YML113W	10086
intergenic*YML113W_YML112W	10087
YML112W	10088
intergenic*YML112W_YML111W	10089
YML111W	10090
intergenic*YML111W_YML110C	10091
YML110C	10092
intergenic*YML110C_YML109W	10093
YML109W	10094
intergenic*YML109W_YML108W	10095
YML108W	10096
intergenic*YML108W_YML107C	10097
YML107C	10098
intergenic*YML107C_YML106W	10099
YML106W	10100
intergenic*YML106W_YML105C	10101
YML105C	10102
intergenic*YML105C_YML104C	10103
YML104C	10104
intergenic*YML104C_YML103C	10105
YML103C	10106
intergenic*YML103C_snR85	10107
snR85	10108
intergenic*snR85_YML102W	10109
YML102W	10110
YML101C-A	10111
intergenic*YML101C-A_YML101C	10112
YML101C	10113
intergenic*YML101C_YML100W-A	10114
YML100W-A	10115
intergenic*YML100W-A_YML100W	10116
YML100W	10117
intergenic*YML100W_YML099W-A	10118
YML099W-A	10119
YML099C	10120
intergenic*YML099C_YML098W	10121
YML098W	10122
intergenic*YML098W_YML097C	10123
YML097C	10124
intergenic*YML097C_YML096W	10125
YML096W	10126
YML095C	10127
intergenic*YML095C_YML094C-A	10128
YML094C-A	10129
YML094W	10130
intergenic*YML094W_YML093W	10131
YML093W	10132
intergenic*YML093W_YML092C	10133
YML092C	10134
intergenic*YML092C_YML091C	10135
YML091C	10136
intergenic*YML091C_YML090W	10137
YML090W	10138
YML089C	10139
intergenic*YML089C_ZOD1	10140
ZOD1	10141
intergenic*ZOD1_YML088W	10142
YML088W	10143
ARS1305	10144
YML087C	10145
intergenic*YML087C_YML086C	10146
YML086C	10147
intergenic*YML086C_YML085C	10148
YML085C	10149
intergenic*YML085C_YML084W	10150
YML084W	10151
YML083C	10152
intergenic*YML083C_YML082W	10153
YML082W	10154
intergenic*YML082W_YML081C-A	10155
YML081C-A	10156
intergenic*YML081C-A_YML081W	10157
YML081W	10158
intergenic*YML081W_YML080W	10159
YML080W	10160
intergenic*YML080W_YML079W	10161
YML079W	10162
intergenic*YML079W_YML078W	10163
YML078W	10164
intergenic*YML078W_YML077W	10165
YML077W	10166
intergenic*YML077W_YML076C	10167
YML076C	10168
intergenic*YML076C_YML075C	10169
YML075C	10170
intergenic*YML075C_YML074C	10171
YML074C	10172
intergenic*YML074C_YML073C	10173
YML073C	10174
intergenic*YML073C_YML072C	10175
YML072C	10176
intergenic*YML072C_YML071C	10177
YML071C	10178
intergenic*YML071C_tR(UCU)M2	10179
tR(UCU)M2	10180
intergenic*tR(UCU)M2_YMLCdelta1	10181
YMLCdelta1	10182
intergenic*YMLCdelta1_YML070W	10183
YML070W	10184
intergenic*YML070W_YML069W	10185
YML069W	10186
intergenic*YML069W_ARS1307	10187
ARS1307	10188
intergenic*ARS1307_YML068W	10189
YML068W	10190
intergenic*YML068W_YML067C	10191
YML067C	10192
intergenic*YML067C_YML066C	10193
YML066C	10194
intergenic*YML066C_YML065W	10195
YML065W	10196
intergenic*YML065W_YML064C	10197
YML064C	10198
intergenic*YML064C_YML063W	10199
YML063W	10200
intergenic*YML063W_YML062C	10201
YML062C	10202
intergenic*YML062C_YML061C	10203
YML061C	10204
intergenic*YML061C_YML060W	10205
YML060W	10206
intergenic*YML060W_YML059C	10207
YML059C	10208
intergenic*YML059C_YML058W-A	10209
YML058W-A	10210
ARS1307.5	10211
intergenic*ARS1307.5_YML058W	10212
YML058W	10213
intergenic*YML058W_YML057C-A	10214
YML057C-A	10215
YML057W	10216
intergenic*YML057W_YML056C	10217
YML056C	10218
snR54	10219
intergenic*YML056C_YML055W	10220
YML055W	10221
intergenic*YML055W_YML054C	10222
YML054C	10223
intergenic*YML054C_YML054C-A	10224
YML054C-A	10225
intergenic*YML054C-A_YMLCdelta2	10226
YMLCdelta2	10227
intergenic*YMLCdelta2_tY(GUA)M1	10228
tY(GUA)M1	10229
intergenic*tY(GUA)M1_YML053C	10230
YML053C	10231
intergenic*YML053C_YML052W	10232
YML052W	10233
intergenic*YML052W_YML051W	10234
YML051W	10235
intergenic*YML051W_YML050W	10236
YML050W	10237
intergenic*YML050W_YML049C	10238
YML049C	10239
intergenic*YML049C_YML048W	10240
YML048W	10241
intergenic*YML048W_YML047W-A	10242
YML047W-A	10243
YML047C	10244
intergenic*YML047C_YML046W	10245
YML046W	10246
intergenic*YML046W_ARS1308	10247
ARS1308	10248
intergenic*ARS1308_tG(GCC)M	10249
tG(GCC)M	10250
intergenic*tG(GCC)M_YMLWTy1-1	10251
YMLWdelta3	10252
YMLWTy1-1	10253
YML045W-A	10254
YML045W	10255
YMLWdelta4	10256
intergenic*YMLWTy1-1_YML043C	10257
YML043C	10258
intergenic*YML043C_YML042W	10259
YML042W	10260
intergenic*YML042W_YML041C	10261
YML041C	10262
intergenic*YML041C_tP(UGG)M	10263
tP(UGG)M	10264
intergenic*tP(UGG)M_YMLWTy1-2	10265
YMLWdelta5	10266
YMLWTy1-2	10267
YML040W	10268
YML039W	10269
YMLWdelta6	10270
intergenic*YMLWTy1-2_YML038C	10271
YML038C	10272
intergenic*YML038C_YML037C	10273
YML037C	10274
intergenic*YML037C_YML036W	10275
YML036W	10276
intergenic*YML036W_YML035C	10277
YML035C	10278
intergenic*YML035C_YML034C-A	10279
YML034C-A	10280
YML034W	10281
intergenic*YML034W_YML032C	10282
YML032C	10283
intergenic*YML032C_YML031C-A	10284
YML031C-A	10285
YML031W	10286
intergenic*YML031W_YML030W	10287
YML030W	10288
intergenic*YML030W_YML029W	10289
YML029W	10290
intergenic*YML029W_YML028W	10291
YML028W	10292
intergenic*YML028W_YML027W	10293
YML027W	10294
intergenic*YML027W_YML026C	10295
YML026C	10296
intergenic*YML026C_YML025C	10297
YML025C	10298
intergenic*YML025C_YML024W	10299
YML024W	10300
intergenic*YML024W_YML023C	10301
YML023C	10302
intergenic*YML023C_YML022W	10303
YML022W	10304
intergenic*YML022W_YML021C	10305
YML021C	10306
intergenic*YML021C_YML020W	10307
YML020W	10308
intergenic*YML020W_YML019W	10309
YML019W	10310
intergenic*YML019W_YML018C	10311
YML018C	10312
intergenic*YML018C_YML017W	10313
YML017W	10314
intergenic*YML017W_YML016C	10315
YML016C	10316
intergenic*YML016C_YML015C	10317
YML015C	10318
intergenic*YML015C_YML014W	10319
YML014W	10320
intergenic*YML014W_YML013W	10321
YML013W	10322
YML012C-A	10323
intergenic*YML012C-A_YML012W	10324
YML012W	10325
intergenic*YML012W_YML011C	10326
YML011C	10327
intergenic*YML011C_YML010W	10328
YML010W	10329
YML009W-B	10330
YML009C-A	10331
intergenic*YML009C-A_YML009C	10332
YML009C	10333
intergenic*YML009C_YML008C	10334
YML008C	10335
intergenic*YML008C_YML007C-A	10336
YML007C-A	10337
intergenic*YML007C-A_YML007W	10338
YML007W	10339
intergenic*YML007W_YML006C	10340
YML006C	10341
intergenic*YML006C_tS(AGA)M	10342
tS(AGA)M	10343
intergenic*tS(AGA)M_YML005W	10344
YML005W	10345
intergenic*YML005W_YML004C	10346
YML004C	10347
intergenic*YML004C_ARS1309	10348
ARS1309	10349
intergenic*ARS1309_YML003W	10350
YML003W	10351
intergenic*YML003W_YML002W	10352
YML002W	10353
intergenic*YML002W_YML001W	10354
YML001W	10355
intergenic*YML001W_CEN13	10356
CEN13	10357
intergenic*CEN13_YMR001C	10358
YMR001C	10359
intergenic*YMR001C_YMR001C-A	10360
YMR001C-A	10361
intergenic*YMR001C-A_YMR002W	10362
YMR002W	10363
intergenic*YMR002W_YMR003W	10364
YMR003W	10365
intergenic*YMR003W_YMR004W	10366
YMR004W	10367
intergenic*YMR004W_YMR005W	10368
YMR005W	10369
intergenic*YMR005W_YMR006C	10370
YMR006C	10371
intergenic*YMR006C_YMR007W	10372
YMR007W	10373
intergenic*YMR007W_YMR008C	10374
YMR008C	10375
intergenic*YMR008C_YMR009W	10376
YMR009W	10377
intergenic*YMR009W_YMR010W	10378
YMR010W	10379
intergenic*YMR010W_ARS1310	10380
ARS1310	10381
intergenic*ARS1310_YMR011W	10382
YMR011W	10383
intergenic*YMR011W_YMRCtau1	10384
YMRCtau1	10385
intergenic*YMRCtau1_tE(UUC)M	10386
tE(UUC)M	10387
intergenic*tE(UUC)M_YMR012W	10388
YMR012W	10389
intergenic*YMR012W_YMR013C	10390
YMR013C	10391
YMR013C-A	10392
intergenic*YMR013C_snR78	10393
snR78	10394
intergenic*snR78_snR77	10395
snR77	10396
intergenic*snR77_snR76	10397
snR76	10398
intergenic*snR76_snR75	10399
snR75	10400
intergenic*snR75_snR74	10401
snR74	10402
intergenic*snR74_snR73	10403
snR73	10404
YMR013W-A	10405
intergenic*snR73_snR72	10406
snR72	10407
intergenic*snR72_YMR014W	10408
YMR014W	10409
intergenic*YMR014W_YMR015C	10410
YMR015C	10411
intergenic*YMR015C_YMR016C	10412
YMR016C	10413
intergenic*YMR016C_YMR017W	10414
YMR017W	10415
intergenic*YMR017W_YMR018W	10416
YMR018W	10417
intergenic*YMR018W_YMR019W	10418
YMR019W	10419
intergenic*YMR019W_YMR020W	10420
YMR020W	10421
intergenic*YMR020W_YMR021C	10422
YMR021C	10423
intergenic*YMR021C_YMR022W	10424
YMR022W	10425
intergenic*YMR022W_YMR023C	10426
YMR023C	10427
intergenic*YMR023C_tA(AGC)M1	10428
tA(AGC)M1	10429
intergenic*tA(AGC)M1_YMR024W	10430
YMR024W	10431
intergenic*YMR024W_YMR025W	10432
YMR025W	10433
intergenic*YMR025W_YMR026C	10434
YMR026C	10435
intergenic*YMR026C_YMR027W	10436
YMR027W	10437
intergenic*YMR027W_YMR028W	10438
YMR028W	10439
intergenic*YMR028W_YMR029C	10440
YMR029C	10441
intergenic*YMR029C_YMR030W	10442
YMR030W	10443
intergenic*YMR030W_YMR031C	10444
YMR031C	10445
YMR031W-A	10446
intergenic*YMR031W-A_YMR032W	10447
YMR032W	10448
intergenic*YMR032W_YMR030W-A	10449
YMR030W-A	10450
intergenic*YMR030W-A_YMR033W	10451
YMR033W	10452
intergenic*YMR033W_YMR034C	10453
YMR034C	10454
intergenic*YMR034C_YMR035W	10455
YMR035W	10456
intergenic*YMR035W_YMR036C	10457
YMR036C	10458
intergenic*YMR036C_YMR037C	10459
YMR037C	10460
intergenic*YMR037C_YMR038C	10461
YMR038C	10462
intergenic*YMR038C_YMR039C	10463
YMR039C	10464
intergenic*YMR039C_YMR040W	10465
YMR040W	10466
intergenic*YMR040W_YMR041C	10467
YMR041C	10468
intergenic*YMR041C_tF(GAA)M	10469
tF(GAA)M	10470
intergenic*tF(GAA)M_YMR042W	10471
YMR042W	10472
intergenic*YMR042W_YMR043W	10473
YMR043W	10474
intergenic*YMR043W_YMR044W	10475
YMR044W	10476
intergenic*YMR044W_YMRCTy1-3	10477
YMRCdelta7	10478
YMRCTy1-3	10479
YMR045C	10480
YMR046C	10481
YMRCdelta8	10482
YMR046W-A	10483
intergenic*YMRCTy1-3_tH(GUG)M	10484
tH(GUG)M	10485
intergenic*tH(GUG)M_YMR047C	10486
YMR047C	10487
intergenic*YMR047C_YMR048W	10488
YMR048W	10489
intergenic*YMR048W_YMR049C	10490
YMR049C	10491
intergenic*YMR049C_ARS1312	10492
ARS1312	10493
intergenic*ARS1312_tV(AAC)M1	10494
tV(AAC)M1	10495
intergenic*tV(AAC)M1_YMRCTy1-4	10496
YMRCdelta9	10497
YMRCTy1-4	10498
YMR050C	10499
YMR051C	10500
YMRCdelta10	10501
intergenic*YMRCTy1-4_YMRCdelta11	10502
YMRCdelta11	10503
intergenic*YMRCdelta11_YMRWdelta12	10504
YMRWdelta12	10505
intergenic*YMRWdelta12_tW(CCA)M	10506
tW(CCA)M	10507
intergenic*tW(CCA)M_YMR052W	10508
YMR052W	10509
YMR052C-A	10510
YMR053C	10511
intergenic*YMR053C_YMR054W	10512
YMR054W	10513
intergenic*YMR054W_YMR055C	10514
YMR055C	10515
intergenic*YMR055C_YMR056C	10516
YMR056C	10517
intergenic*YMR056C_YMR057C	10518
YMR057C	10519
intergenic*YMR057C_YMR058W	10520
YMR058W	10521
intergenic*YMR058W_YMR059W	10522
YMR059W	10523
intergenic*YMR059W_YMR060C	10524
YMR060C	10525
intergenic*YMR060C_YMR061W	10526
YMR061W	10527
intergenic*YMR061W_YMR062C	10528
YMR062C	10529
intergenic*YMR062C_YMR063W	10530
YMR063W	10531
intergenic*YMR063W_YMR064W	10532
YMR064W	10533
intergenic*YMR064W_YMR065W	10534
YMR065W	10535
intergenic*YMR065W_YMR066W	10536
YMR066W	10537
intergenic*YMR066W_YMR067C	10538
YMR067C	10539
intergenic*YMR067C_YMR068W	10540
YMR068W	10541
intergenic*YMR068W_YMR069W	10542
YMR069W	10543
intergenic*YMR069W_YMR070W	10544
YMR070W	10545
intergenic*YMR070W_YMR071C	10546
YMR071C	10547
intergenic*YMR071C_YMR072W	10548
YMR072W	10549
intergenic*YMR072W_YMR073C	10550
YMR073C	10551
intergenic*YMR073C_YMR074C	10552
YMR074C	10553
intergenic*YMR074C_YMR075W	10554
YMR075W	10555
YMR075C-A	10556
intergenic*YMR075C-A_YMR076C	10557
YMR076C	10558
intergenic*YMR076C_tV(AAC)M2	10559
tV(AAC)M2	10560
intergenic*tV(AAC)M2_YMR077C	10561
YMR077C	10562
intergenic*YMR077C_YMR078C	10563
YMR078C	10564
intergenic*YMR078C_YMR079W	10565
YMR079W	10566
intergenic*YMR079W_YMR080C	10567
YMR080C	10568
intergenic*YMR080C_YMR081C	10569
YMR081C	10570
intergenic*YMR081C_YMR082C	10571
YMR082C	10572
intergenic*YMR082C_YMR083W	10573
YMR083W	10574
intergenic*YMR083W_YMR084W	10575
YMR084W	10576
intergenic*YMR084W_YMR085W	10577
YMR085W	10578
intergenic*YMR085W_YMR086W	10579
YMR086W	10580
YMR086C-A	10581
intergenic*YMR086C-A_YMR087W	10582
YMR087W	10583
intergenic*YMR087W_YMR088C	10584
YMR088C	10585
intergenic*YMR088C_YMR089C	10586
YMR089C	10587
intergenic*YMR089C_YMR090W	10588
YMR090W	10589
intergenic*YMR090W_YMR091C	10590
YMR091C	10591
intergenic*YMR091C_YMR092C	10592
YMR092C	10593
intergenic*YMR092C_YMR093W	10594
YMR093W	10595
intergenic*YMR093W_YMR094W	10596
YMR094W	10597
intergenic*YMR094W_YMR095C	10598
YMR095C	10599
intergenic*YMR095C_YMR096W	10600
YMR096W	10601
intergenic*YMR096W_YMR097C	10602
YMR097C	10603
intergenic*YMR097C_YMR098C	10604
YMR098C	10605
intergenic*YMR098C_YMRCdelta13	10606
YMRCdelta13	10607
intergenic*YMRCdelta13_tD(GUC)M	10608
tD(GUC)M	10609
intergenic*tD(GUC)M_YMR099C	10610
YMR099C	10611
intergenic*YMR099C_YMR100W	10612
YMR100W	10613
intergenic*YMR100W_ARS1316	10614
ARS1316	10615
YMR101C	10616
intergenic*YMR101C_YMR102C	10617
YMR102C	10618
intergenic*YMR102C_YMR103C	10619
YMR103C	10620
intergenic*YMR103C_YMR104C	10621
YMR104C	10622
intergenic*YMR104C_YMR105C	10623
YMR105C	10624
ARS1317	10625
YMR105W-A	10626
YMR106C	10627
intergenic*YMR106C_tK(CUU)M	10628
tK(CUU)M	10629
intergenic*tK(CUU)M_YMRCdelta14	10630
YMRCdelta14	10631
intergenic*YMRCdelta14_YMRWdelta15	10632
YMRWdelta15	10633
intergenic*YMRWdelta15_YMR107W	10634
YMR107W	10635
intergenic*YMR107W_YMR108W	10636
YMR108W	10637
intergenic*YMR108W_YMR109W	10638
YMR109W	10639
intergenic*YMR109W_YMR110C	10640
YMR110C	10641
intergenic*YMR110C_YMR111C	10642
YMR111C	10643
intergenic*YMR111C_YMR112C	10644
YMR112C	10645
intergenic*YMR112C_YMR113W	10646
YMR113W	10647
intergenic*YMR113W_YMR114C	10648
YMR114C	10649
intergenic*YMR114C_YMR115W	10650
YMR115W	10651
intergenic*YMR115W_YMR116C	10652
YMR116C	10653
snR24	10654
intergenic*YMR116C_YMR117C	10655
YMR117C	10656
intergenic*YMR117C_YMR118C	10657
YMR118C	10658
intergenic*YMR118C_YMRWtau2	10659
YMRWdelta16	10660
ARS1319	10661
YMRWtau2	10662
intergenic*YMRWtau2_YMRWdelta17	10663
YMRWdelta17	10664
intergenic*YMRWdelta17_tL(CAA)M	10665
tL(CAA)M	10666
intergenic*tL(CAA)M_YMR119W	10667
YMR119W	10668
YMR119W-A	10669
intergenic*YMR119W-A_YMR120C	10670
YMR120C	10671
intergenic*YMR120C_YMR121C	10672
YMR121C	10673
intergenic*YMR121C_YMR122C	10674
YMR122C	10675
intergenic*YMR122C_YMR122W-A	10676
YMR122W-A	10677
intergenic*YMR122W-A_YMR123W	10678
YMR123W	10679
intergenic*YMR123W_YMR124W	10680
YMR124W	10681
intergenic*YMR124W_YMR125W	10682
YMR125W	10683
intergenic*YMR125W_YMR126C	10684
YMR126C	10685
intergenic*YMR126C_YMR127C	10686
YMR127C	10687
intergenic*YMR127C_YMR128W	10688
YMR128W	10689
intergenic*YMR128W_YMR129W	10690
YMR129W	10691
intergenic*YMR129W_YMR130W	10692
YMR130W	10693
intergenic*YMR130W_YMR131C	10694
YMR131C	10695
intergenic*YMR131C_YMR132C	10696
YMR132C	10697
intergenic*YMR132C_ARS1320	10698
ARS1320	10699
intergenic*ARS1320_YMR133W	10700
YMR133W	10701
intergenic*YMR133W_YMR134W	10702
YMR134W	10703
intergenic*YMR134W_YMR135C	10704
YMR135C	10705
YMR135W-A	10706
intergenic*YMR135W-A_YMR137C	10707
YMR136W	10708
ARS1321	10709
YMR137C	10710
intergenic*YMR137C_YMR138W	10711
YMR138W	10712
intergenic*YMR138W_YMR139W	10713
YMR139W	10714
intergenic*YMR139W_YMR140W	10715
YMR140W	10716
intergenic*YMR140W_YMR141C	10717
YMR141C	10718
intergenic*YMR141C_YMR142C	10719
YMR142C	10720
YMR141W-A	10721
intergenic*YMR142C_YMR143W	10722
YMR143W	10723
intergenic*YMR143W_YMR144W	10724
YMR144W	10725
ARS1322	10726
intergenic*YMR144W_YMR145C	10727
YMR145C	10728
intergenic*YMR145C_YMR146C	10729
YMR146C	10730
intergenic*YMR146C_YMR147W	10731
YMR147W	10732
intergenic*YMR147W_YMR148W	10733
YMR148W	10734
intergenic*YMR148W_YMR149W	10735
YMR149W	10736
intergenic*YMR149W_YMR150C	10737
YMR150C	10738
YMR151W	10739
intergenic*YMR151W_YMR152W	10740
YMR152W	10741
intergenic*YMR152W_YMR153W	10742
YMR153W	10743
YMR153C-A	10744
intergenic*YMR153C-A_YMR154C	10745
YMR154C	10746
intergenic*YMR154C_YMR155W	10747
YMR155W	10748
intergenic*YMR155W_YMR156C	10749
YMR156C	10750
intergenic*YMR156C_YMR157C	10751
YMR157C	10752
intergenic*YMR157C_YMR158W	10753
YMR158W	10754
intergenic*YMR158W_tM(CAU)M	10755
tM(CAU)M	10756
intergenic*tM(CAU)M_YMRCdelta18	10757
YMRCdelta18	10758
YMR158C-A	10759
intergenic*YMRCdelta18_YMR158W-B	10760
YMR158W-B	10761
YMR159C	10762
intergenic*YMR159C_YMR160W	10763
YMR160W	10764
intergenic*YMR160W_YMR161W	10765
YMR161W	10766
intergenic*YMR161W_YMR162C	10767
YMR162C	10768
intergenic*YMR162C_YMR163C	10769
YMR163C	10770
intergenic*YMR163C_tV(AAC)M3	10771
tV(AAC)M3	10772
intergenic*tV(AAC)M3_YMR164C	10773
YMR164C	10774
intergenic*YMR164C_YMR165C	10775
YMR165C	10776
intergenic*YMR165C_YMR166C	10777
YMR166C	10778
intergenic*YMR166C_YMR167W	10779
YMR167W	10780
intergenic*YMR167W_YMR168C	10781
YMR168C	10782
intergenic*YMR168C_YMR169C	10783
YMR169C	10784
intergenic*YMR169C_YMR170C	10785
YMR170C	10786
intergenic*YMR170C_YMR171C	10787
YMR171C	10788
intergenic*YMR171C_YMR172W	10789
YMR172W	10790
YMR172C-A	10791
intergenic*YMR172C-A_YMR173W	10792
YMR173W	10793
YMR173W-A	10794
intergenic*YMR173W-A_YMR174C	10795
YMR174C	10796
intergenic*YMR174C_YMR175W	10797
YMR175W	10798
intergenic*YMR175W_ARS1323	10799
ARS1323	10800
YMR175W-A	10801
intergenic*YMR175W-A_YMR176W	10802
YMR176W	10803
intergenic*YMR176W_YMR177W	10804
YMR177W	10805
intergenic*YMR177W_YMR178W	10806
YMR178W	10807
intergenic*YMR178W_YMR179W	10808
YMR179W	10809
intergenic*YMR179W_YMR180C	10810
YMR180C	10811
intergenic*YMR180C_YMR181C	10812
YMR181C	10813
intergenic*YMR181C_YMR182C	10814
YMR182C	10815
intergenic*YMR182C_YMR182W-A	10816
YMR182W-A	10817
intergenic*YMR182W-A_snR83	10818
snR83	10819
intergenic*snR83_YMR183C	10820
YMR183C	10821
intergenic*YMR183C_YMR184W	10822
YMR184W	10823
intergenic*YMR184W_YMR185W	10824
YMR185W	10825
intergenic*YMR185W_YMR186W	10826
YMR186W	10827
intergenic*YMR186W_ARS1324	10828
ARS1324	10829
intergenic*ARS1324_YMR187C	10830
YMR187C	10831
intergenic*YMR187C_YMR188C	10832
YMR188C	10833
intergenic*YMR188C_YMR189W	10834
YMR189W	10835
intergenic*YMR189W_YMR190C	10836
YMR190C	10837
intergenic*YMR190C_YMR191W	10838
YMR191W	10839
intergenic*YMR191W_YMR192W	10840
YMR192W	10841
intergenic*YMR192W_ARS1325	10842
ARS1325	10843
intergenic*ARS1325_YMR193W	10844
YMR193W	10845
intergenic*YMR193W_YMR193C-A	10846
YMR193C-A	10847
YMR194W	10848
intergenic*YMR194W_snR11	10849
snR11	10850
intergenic*snR11_YMR194C-B	10851
YMR194C-B	10852
intergenic*YMR194C-B_YMR194C-A	10853
YMR194C-A	10854
intergenic*YMR194C-A_YMR195W	10855
YMR195W	10856
intergenic*YMR195W_YMR196W	10857
YMR196W	10858
intergenic*YMR196W_YMR197C	10859
YMR197C	10860
intergenic*YMR197C_YMR198W	10861
YMR198W	10862
intergenic*YMR198W_YMR199W	10863
YMR199W	10864
intergenic*YMR199W_YMR200W	10865
YMR200W	10866
intergenic*YMR200W_YMR201C	10867
YMR201C	10868
intergenic*YMR201C_RNA170	10869
RNA170	10870
intergenic*RNA170_YMR202W	10871
YMR202W	10872
intergenic*YMR202W_YMR203W	10873
YMR203W	10874
intergenic*YMR203W_YMR204C	10875
YMR204C	10876
intergenic*YMR204C_YMR205C	10877
YMR205C	10878
intergenic*YMR205C_YMR206W	10879
YMR206W	10880
intergenic*YMR206W_YMR207C	10881
YMR207C	10882
intergenic*YMR207C_YMR208W	10883
YMR208W	10884
intergenic*YMR208W_YMR209C	10885
YMR209C	10886
intergenic*YMR209C_YMR210W	10887
YMR210W	10888
intergenic*YMR210W_YMR211W	10889
YMR211W	10890
intergenic*YMR211W_YMR212C	10891
YMR212C	10892
intergenic*YMR212C_YMR213W	10893
YMR213W	10894
intergenic*YMR213W_YMR214W	10895
YMR214W	10896
intergenic*YMR214W_YMR215W	10897
YMR215W	10898
intergenic*YMR215W_YMR216C	10899
YMR216C	10900
intergenic*YMR216C_YMR217W	10901
YMR217W	10902
intergenic*YMR217W_YMR218C	10903
YMR218C	10904
intergenic*YMR218C_YMR219W	10905
YMR219W	10906
intergenic*YMR219W_YMR220W	10907
YMR220W	10908
intergenic*YMR220W_YMR221C	10909
YMR221C	10910
intergenic*YMR221C_YMR222C	10911
YMR222C	10912
intergenic*YMR222C_YMR223W	10913
YMR223W	10914
intergenic*YMR223W_YMR224C	10915
YMR224C	10916
intergenic*YMR224C_YMR225C	10917
YMR225C	10918
intergenic*YMR225C_YMR226C	10919
YMR226C	10920
intergenic*YMR226C_YMR227C	10921
YMR227C	10922
intergenic*YMR227C_YMR228W	10923
YMR228W	10924
intergenic*YMR228W_YMR229C	10925
YMR229C	10926
intergenic*YMR229C_YMR230W	10927
YMR230W	10928
intergenic*YMR230W_YMR230W-A	10929
YMR230W-A	10930
intergenic*YMR230W-A_YMR231W	10931
YMR231W	10932
intergenic*YMR231W_YMR232W	10933
YMR232W	10934
intergenic*YMR232W_YMR233W	10935
YMR233W	10936
intergenic*YMR233W_YMR234W	10937
YMR234W	10938
intergenic*YMR234W_YMR235C	10939
YMR235C	10940
intergenic*YMR235C_YMR236W	10941
YMR236W	10942
intergenic*YMR236W_YMR237W	10943
YMR237W	10944
intergenic*YMR237W_YMR238W	10945
YMR238W	10946
intergenic*YMR238W_tR(UCU)M1	10947
tR(UCU)M1	10948
intergenic*tR(UCU)M1_YMR239C	10949
YMR239C	10950
intergenic*YMR239C_YMR240C	10951
YMR240C	10952
intergenic*YMR240C_YMR241W	10953
YMR241W	10954
intergenic*YMR241W_YMR242C	10955
YMR242C	10956
intergenic*YMR242C_YMR242W-A	10957
YMR242W-A	10958
intergenic*YMR242W-A_YMR243C	10959
YMR243C	10960
intergenic*YMR243C_YMR244W	10961
YMR244W	10962
ARS1327	10963
intergenic*ARS1327_YMR244C-A	10964
YMR244C-A	10965
YMR245W	10966
intergenic*YMR245W_YMR246W	10967
YMR246W	10968
intergenic*YMR246W_snR86	10969
snR86	10970
intergenic*snR86_YMR247C	10971
YMR247C	10972
intergenic*YMR247C_tA(AGC)M2	10973
tA(AGC)M2	10974
intergenic*tA(AGC)M2_YMRWdelta19	10975
YMRWdelta19	10976
intergenic*YMRWdelta19_YMR247W-A	10977
YMR247W-A	10978
intergenic*YMR247W-A_YMR250W	10979
YMR250W	10980
intergenic*YMR250W_ARS1328	10981
ARS1328	10982
intergenic*ARS1328_YMR251W	10983
YMR251W	10984
intergenic*YMR251W_YMR251W-A	10985
YMR251W-A	10986
intergenic*YMR251W-A_YMR252C	10987
YMR252C	10988
intergenic*YMR252C_YMR253C	10989
YMR253C	10990
intergenic*YMR253C_YMR254C	10991
YMR254C	10992
intergenic*YMR254C_YMR255W	10993
YMR255W	10994
intergenic*YMR255W_YMR256C	10995
YMR256C	10996
intergenic*YMR256C_YMR257C	10997
YMR257C	10998
intergenic*YMR257C_YMR258C	10999
YMR258C	11000
intergenic*YMR258C_YMR259C	11001
YMR259C	11002
intergenic*YMR259C_YMR260C	11003
YMR260C	11004
intergenic*YMR260C_YMR261C	11005
YMR261C	11006
intergenic*YMR261C_YMR262W	11007
YMR262W	11008
intergenic*YMR262W_YMR263W	11009
YMR263W	11010
intergenic*YMR263W_YMR264W	11011
YMR264W	11012
intergenic*YMR264W_YMR265C	11013
YMR265C	11014
intergenic*YMR265C_YMR266W	11015
YMR266W	11016
intergenic*YMR266W_YMR267W	11017
YMR267W	11018
intergenic*YMR267W_YMR268C	11019
YMR268C	11020
intergenic*YMR268C_YMR269W	11021
YMR269W	11022
intergenic*YMR269W_ARS1329	11023
ARS1329	11024
intergenic*ARS1329_YMR270C	11025
YMR270C	11026
intergenic*YMR270C_YMR271C	11027
YMR271C	11028
intergenic*YMR271C_tQ(CUG)M	11029
tQ(CUG)M	11030
intergenic*tQ(CUG)M_YMRCtau3	11031
YMRCtau3	11032
intergenic*YMRCtau3_YMRWdelta20	11033
YMRWdelta20	11034
intergenic*YMRWdelta20_YMR272C	11035
YMR272C	11036
YMR272W-A	11037
intergenic*YMR272C_YMR272W-B	11038
YMR272W-B	11039
intergenic*YMR272W-B_YMR273C	11040
YMR273C	11041
intergenic*YMR273C_YMR274C	11042
YMR274C	11043
intergenic*YMR274C_ARS1330	11044
ARS1330	11045
intergenic*ARS1330_YMR275C	11046
YMR275C	11047
intergenic*YMR275C_YMR276W	11048
YMR276W	11049
intergenic*YMR276W_YMR277W	11050
YMR277W	11051
intergenic*YMR277W_YMR278W	11052
YMR278W	11053
intergenic*YMR278W_YMR279C	11054
YMR279C	11055
intergenic*YMR279C_YMR280C	11056
YMR280C	11057
intergenic*YMR280C_YMR281W	11058
YMR281W	11059
intergenic*YMR281W_YMR282C	11060
YMR282C	11061
intergenic*YMR282C_YMR283C	11062
YMR283C	11063
intergenic*YMR283C_tY(GUA)M2	11064
YMRWdelta21	11065
ARS1331	11066
tY(GUA)M2	11067
intergenic*tY(GUA)M2_YMR284W	11068
YMR284W	11069
intergenic*YMR284W_YMR285C	11070
YMR285C	11071
intergenic*YMR285C_YMR286W	11072
YMR286W	11073
intergenic*YMR286W_YMR287C	11074
YMR287C	11075
intergenic*YMR287C_YMR288W	11076
YMR288W	11077
intergenic*YMR288W_YMR289W	11078
YMR289W	11079
intergenic*YMR289W_YMR290C	11080
YMR290C	11081
YMR290W-A	11082
intergenic*YMR290W-A_YMR291W	11083
YMR291W	11084
intergenic*YMR291W_YMR292W	11085
YMR292W	11086
intergenic*YMR292W_YMR293C	11087
YMR293C	11088
intergenic*YMR293C_YMR294W	11089
YMR294W	11090
intergenic*YMR294W_YMR294W-A	11091
YMR294W-A	11092
YMR295C	11093
intergenic*YMR295C_YMR296C	11094
YMR296C	11095
intergenic*YMR296C_YMR297W	11096
YMR297W	11097
intergenic*YMR297W_YMR298W	11098
YMR298W	11099
intergenic*YMR298W_YMR299C	11100
YMR299C	11101
intergenic*YMR299C_YMR300C	11102
YMR300C	11103
intergenic*YMR300C_YMR301C	11104
YMR301C	11105
intergenic*YMR301C_YMR302C	11106
YMR302C	11107
intergenic*YMR302C_YMR303C	11108
YMR303C	11109
intergenic*YMR303C_YMR304W	11110
YMR304W	11111
intergenic*YMR304W_YMR304C-A	11112
YMR304C-A	11113
YMR305C	11114
intergenic*YMR305C_YMR306W	11115
YMR306W	11116
YMR306C-A	11117
intergenic*YMR306C-A_YMR307W	11118
YMR307W	11119
YMR307C-A	11120
intergenic*YMR307W_YMR308C	11121
YMR308C	11122
intergenic*YMR308C_YMR309C	11123
YMR309C	11124
intergenic*YMR309C_YMR310C	11125
YMR310C	11126
intergenic*YMR310C_YMR311C	11127
YMR311C	11128
intergenic*YMR311C_ARS1332	11129
ARS1332	11130
intergenic*ARS1332_YMR312W	11131
YMR312W	11132
intergenic*YMR312W_YMR313C	11133
YMR313C	11134
intergenic*YMR313C_YMR314W	11135
YMR314W	11136
intergenic*YMR314W_YMR315W	11137
YMR315W	11138
intergenic*YMR315W_YMR315W-A	11139
YMR315W-A	11140
intergenic*YMR315W-A_YMR316W	11141
YMR316W	11142
YMR316C-A	11143
intergenic*YMR316C-A_YMR316C-B	11144
YMR316C-B	11145
YMR317W	11146
intergenic*YMR317W_YMR318C	11147
YMR318C	11148
intergenic*YMR318C_YMR319C	11149
YMR319C	11150
intergenic*YMR319C_YMR320W	11151
YMR320W	11152
intergenic*YMR320W_YMR322C	11153
YMR321C	11154
ARS1333	11155
YMR322C	11156
intergenic*YMR322C_YMR323W	11157
YMR323W	11158
intergenic*YMR323W_YMR324C	11159
YMR324C	11160
intergenic*YMR324C_TEL13R	11161
YMR325W	11162
ARS1335	11163
YMR326C	11164
TEL13R	11165
TEL14L	11166
YNL339C	11167
YNL339W-B	11168
YNL339W-A	11169
YNL338W	11170
YNL337W	11171
intergenic*TEL14L_YNL336W	11172
YNL336W	11173
intergenic*YNL336W_YNL335W	11174
YNL335W	11175
intergenic*YNL335W_YNL334C	11176
YNL334C	11177
intergenic*YNL334C_YNL333W	11178
YNL333W	11179
intergenic*YNL333W_YNL332W	11180
YNL332W	11181
intergenic*YNL332W_YNL331C	11182
YNL331C	11183
intergenic*YNL331C_YNL330C	11184
YNL330C	11185
intergenic*YNL330C_YNL329C	11186
YNL329C	11187
intergenic*YNL329C_YNL328C	11188
YNL328C	11189
intergenic*YNL328C_YNL327W	11190
YNL327W	11191
intergenic*YNL327W_YNL326C	11192
YNL326C	11193
intergenic*YNL326C_ARS1405	11194
ARS1405	11195
intergenic*ARS1405_YNL325C	11196
YNL325C	11197
YNL324W	11198
intergenic*YNL324W_YNL323W	11199
YNL323W	11200
intergenic*YNL323W_YNL322C	11201
YNL322C	11202
intergenic*YNL322C_YNL321W	11203
YNL321W	11204
intergenic*YNL321W_YNL320W	11205
YNL320W	11206
intergenic*YNL320W_YNL319W	11207
YNL319W	11208
YNL318C	11209
intergenic*YNL318C_YNL317W	11210
YNL317W	11211
intergenic*YNL317W_YNL316C	11212
YNL316C	11213
intergenic*YNL316C_YNL315C	11214
YNL315C	11215
intergenic*YNL315C_YNL314W	11216
YNL314W	11217
intergenic*YNL314W_YNL313C	11218
YNL313C	11219
intergenic*YNL313C_YNL312W	11220
YNL312W	11221
intergenic*YNL312W_YNL311C	11222
YNL311C	11223
intergenic*YNL311C_YNL310C	11224
YNL310C	11225
intergenic*YNL310C_YNL309W	11226
YNL309W	11227
intergenic*YNL309W_YNL308C	11228
YNL308C	11229
intergenic*YNL308C_YNL307C	11230
YNL307C	11231
intergenic*YNL307C_YNL306W	11232
YNL306W	11233
intergenic*YNL306W_YNL305C	11234
YNL305C	11235
intergenic*YNL305C_YNL304W	11236
YNL304W	11237
YNL303W	11238
ARS1406	11239
intergenic*ARS1406_YNL302C	11240
YNL302C	11241
intergenic*YNL302C_YNL301C	11242
YNL301C	11243
intergenic*YNL301C_YNL300W	11244
YNL300W	11245
intergenic*YNL300W_YNL299W	11246
YNL299W	11247
intergenic*YNL299W_YNL298W	11248
YNL298W	11249
intergenic*YNL298W_YNL297C	11250
YNL297C	11251
YNL296W	11252
intergenic*YNL296W_YNL295W	11253
YNL295W	11254
intergenic*YNL295W_YNL294C	11255
YNL294C	11256
intergenic*YNL294C_YNL293W	11257
YNL293W	11258
intergenic*YNL293W_YNL292W	11259
YNL292W	11260
intergenic*YNL292W_YNL291C	11261
YNL291C	11262
intergenic*YNL291C_YNL290W	11263
YNL290W	11264
intergenic*YNL290W_YNL289W	11265
YNL289W	11266
intergenic*YNL289W_snR40	11267
snR40	11268
intergenic*snR40_ARS1407	11269
ARS1407	11270
intergenic*ARS1407_YNL288W	11271
YNL288W	11272
intergenic*YNL288W_YNL287W	11273
YNL287W	11274
intergenic*YNL287W_YNL286W	11275
YNL286W	11276
intergenic*YNL286W_YNL285W	11277
YNL285W	11278
tG(UCC)N	11279
ARS1409	11280
YNLWtau1	11281
YNLCdelta1	11282
YNLCTy1-1	11283
YNL284C-B	11284
YNL284C-A	11285
YNLCdelta2	11286
intergenic*YNLCTy1-1_YNLCsigma1	11287
YNLCsigma1	11288
intergenic*YNLCsigma1_tN(GUU)N1	11289
tN(GUU)N1	11290
intergenic*tN(GUU)N1_YNL284C	11291
YNL284C	11292
intergenic*YNL284C_tT(AGU)N1	11293
tT(AGU)N1	11294
intergenic*tT(AGU)N1_YNL283C	11295
YNL283C	11296
intergenic*YNL283C_YNL282W	11297
YNL282W	11298
intergenic*YNL282W_YNL281W	11299
YNL281W	11300
intergenic*YNL281W_YNL280C	11301
YNL280C	11302
intergenic*YNL280C_YNL279W	11303
YNL279W	11304
intergenic*YNL279W_YNL278W	11305
YNL278W	11306
intergenic*YNL278W_YNL277W-A	11307
YNL277W-A	11308
intergenic*YNL277W-A_YNL277W	11309
YNL277W	11310
YNL276C	11311
intergenic*YNL276C_YNL275W	11312
YNL275W	11313
intergenic*YNL275W_YNL274C	11314
YNL274C	11315
intergenic*YNL274C_YNL272C	11316
YNL273W	11317
ARS1410	11318
YNL272C	11319
intergenic*YNL272C_YNL271C	11320
YNL271C	11321
intergenic*YNL271C_YNL270C	11322
YNL270C	11323
intergenic*YNL270C_YNL269W	11324
YNL269W	11325
intergenic*YNL269W_YNL268W	11326
YNL268W	11327
intergenic*YNL268W_YNL267W	11328
YNL267W	11329
intergenic*YNL267W_YNL266W	11330
YNL266W	11331
YNL265C	11332
intergenic*YNL265C_YNL264C	11333
YNL264C	11334
intergenic*YNL264C_YNL263C	11335
YNL263C	11336
intergenic*YNL263C_YNL262W	11337
YNL262W	11338
intergenic*YNL262W_YNL261W	11339
YNL261W	11340
intergenic*YNL261W_YNL260C	11341
YNL260C	11342
intergenic*YNL260C_YNL259C	11343
YNL259C	11344
intergenic*YNL259C_YNL258C	11345
YNL258C	11346
intergenic*YNL258C_YNL257C	11347
YNL257C	11348
intergenic*YNL257C_YNL256W	11349
YNL256W	11350
intergenic*YNL256W_YNL255C	11351
YNL255C	11352
intergenic*YNL255C_YNL254C	11353
YNL254C	11354
intergenic*YNL254C_ARS1411	11355
ARS1411	11356
intergenic*ARS1411_YNL253W	11357
YNL253W	11358
intergenic*YNL253W_YNL252C	11359
YNL252C	11360
intergenic*YNL252C_YNL251C	11361
YNL251C	11362
intergenic*YNL251C_YNL250W	11363
YNL250W	11364
intergenic*YNL250W_YNL249C	11365
YNL249C	11366
intergenic*YNL249C_YNL248C	11367
YNL248C	11368
intergenic*YNL248C_YNL247W	11369
YNL247W	11370
intergenic*YNL247W_YNL246W	11371
YNL246W	11372
YNL245C	11373
intergenic*YNL245C_YNL244C	11374
YNL244C	11375
intergenic*YNL244C_YNL243W	11376
YNL243W	11377
intergenic*YNL243W_YNL242W	11378
YNL242W	11379
intergenic*YNL242W_ARS1412	11380
ARS1412	11381
intergenic*ARS1412_YNL241C	11382
YNL241C	11383
intergenic*YNL241C_YNL240C	11384
YNL240C	11385
intergenic*YNL240C_YNL239W	11386
YNL239W	11387
intergenic*YNL239W_YNL238W	11388
YNL238W	11389
intergenic*YNL238W_YNL237W	11390
YNL237W	11391
intergenic*YNL237W_YNL236W	11392
YNL236W	11393
YNL235C	11394
intergenic*YNL235C_YNL234W	11395
YNL234W	11396
intergenic*YNL234W_YNL233W	11397
YNL233W	11398
intergenic*YNL233W_YNL232W	11399
YNL232W	11400
intergenic*YNL232W_YNL231C	11401
YNL231C	11402
intergenic*YNL231C_YNL230C	11403
YNL230C	11404
intergenic*YNL230C_YNL229C	11405
YNL229C	11406
intergenic*YNL229C_YNL228W	11407
YNL228W	11408
YNL227C	11409
YNL226W	11410
intergenic*YNL226W_YNL225C	11411
YNL225C	11412
intergenic*YNL225C_YNL224C	11413
YNL224C	11414
intergenic*YNL224C_YNL223W	11415
YNL223W	11416
intergenic*YNL223W_YNL222W	11417
YNL222W	11418
intergenic*YNL222W_snR19	11419
snR19	11420
intergenic*snR19_YNL221C	11421
YNL221C	11422
intergenic*YNL221C_YNL220W	11423
YNL220W	11424
intergenic*YNL220W_YNL219C	11425
YNL219C	11426
intergenic*YNL219C_YNL218W	11427
YNL218W	11428
intergenic*YNL218W_YNL217W	11429
YNL217W	11430
intergenic*YNL217W_YNL216W	11431
YNL216W	11432
intergenic*YNL216W_YNL215W	11433
YNL215W	11434
intergenic*YNL215W_YNL214W	11435
YNL214W	11436
intergenic*YNL214W_YNL213C	11437
YNL213C	11438
intergenic*YNL213C_YNL212W	11439
YNL212W	11440
intergenic*YNL212W_YNL210W	11441
YNL211C	11442
ARS1413	11443
YNL210W	11444
intergenic*YNL210W_YNL209W	11445
YNL209W	11446
intergenic*YNL209W_YNL208W	11447
YNL208W	11448
intergenic*YNL208W_YNL207W	11449
YNL207W	11450
intergenic*YNL207W_YNL206C	11451
YNL206C	11452
YNL205C	11453
YNL204C	11454
intergenic*YNL204C_YNL203C	11455
YNL203C	11456
YNL202W	11457
intergenic*YNL202W_YNL201C	11458
YNL201C	11459
intergenic*YNL201C_YNL200C	11460
YNL200C	11461
intergenic*YNL200C_YNL199C	11462
YNL199C	11463
YNL198C	11464
intergenic*YNL198C_YNL197C	11465
YNL197C	11466
intergenic*YNL197C_YNL196C	11467
YNL196C	11468
intergenic*YNL196C_YNL195C	11469
YNL195C	11470
intergenic*YNL195C_YNL194C	11471
YNL194C	11472
intergenic*YNL194C_YNL193W	11473
YNL193W	11474
intergenic*YNL193W_YNL192W	11475
YNL192W	11476
intergenic*YNL192W_ARS1414	11477
ARS1414	11478
intergenic*ARS1414_YNL191W	11479
YNL191W	11480
intergenic*YNL191W_YNL190W	11481
YNL190W	11482
intergenic*YNL190W_YNL189W	11483
YNL189W	11484
intergenic*YNL189W_YNL188W	11485
YNL188W	11486
intergenic*YNL188W_YNL187W	11487
YNL187W	11488
intergenic*YNL187W_YNL186W	11489
YNL186W	11490
intergenic*YNL186W_YNL185C	11491
YNL185C	11492
YNL184C	11493
intergenic*YNL184C_YNL183C	11494
YNL183C	11495
intergenic*YNL183C_YNL182C	11496
YNL182C	11497
intergenic*YNL182C_YNL181W	11498
YNL181W	11499
intergenic*YNL181W_YNL180C	11500
YNL180C	11501
intergenic*YNL180C_YNL179C	11502
YNL179C	11503
intergenic*YNL179C_YNL178W	11504
YNL178W	11505
intergenic*YNL178W_YNL177C	11506
YNL177C	11507
intergenic*YNL177C_YNL176C	11508
YNL176C	11509
intergenic*YNL176C_YNL175C	11510
YNL175C	11511
YNL174W	11512
intergenic*YNL174W_YNL173C	11513
YNL173C	11514
intergenic*YNL173C_YNL172W	11515
YNL172W	11516
YNL171C	11517
YNL170W	11518
YNL169C	11519
intergenic*YNL169C_YNL168C	11520
YNL168C	11521
intergenic*YNL168C_YNL167C	11522
YNL167C	11523
intergenic*YNL167C_ARS1415	11524
ARS1415	11525
intergenic*ARS1415_YNL166C	11526
YNL166C	11527
intergenic*YNL166C_YNL165W	11528
YNL165W	11529
intergenic*YNL165W_ARS1416	11530
ARS1416	11531
YNL164C	11532
intergenic*YNL164C_YNL163C	11533
YNL163C	11534
intergenic*YNL163C_YNL162W-A	11535
YNL162W-A	11536
intergenic*YNL162W-A_YNL162W	11537
YNL162W	11538
intergenic*YNL162W_YNL161W	11539
YNL161W	11540
intergenic*YNL161W_YNL160W	11541
YNL160W	11542
intergenic*YNL160W_YNL159C	11543
YNL159C	11544
intergenic*YNL159C_YNL158W	11545
YNL158W	11546
intergenic*YNL158W_YNL157W	11547
YNL157W	11548
intergenic*YNL157W_YNL156C	11549
YNL156C	11550
intergenic*YNL156C_YNL155W	11551
YNL155W	11552
intergenic*YNL155W_YNL154C	11553
YNL154C	11554
intergenic*YNL154C_YNL153C	11555
YNL153C	11556
intergenic*YNL153C_YNL152W	11557
YNL152W	11558
intergenic*YNL152W_YNL151C	11559
YNL151C	11560
intergenic*YNL151C_YNL150W	11561
YNL150W	11562
YNL149C	11563
intergenic*YNL149C_YNL148C	11564
YNL148C	11565
intergenic*YNL148C_YNL147W	11566
YNL147W	11567
intergenic*YNL147W_YNL146C-A	11568
YNL146C-A	11569
intergenic*YNL146C-A_YNL146W	11570
YNL146W	11571
intergenic*YNL146W_YNL145W	11572
YNL145W	11573
intergenic*YNL145W_YNL144C	11574
YNL144C	11575
YNL144W-A	11576
intergenic*YNL144C_YNL143C	11577
YNL143C	11578
intergenic*YNL143C_YNL142W	11579
YNL142W	11580
intergenic*YNL142W_YNL141W	11581
YNL141W	11582
intergenic*YNL141W_YNL140C	11583
YNL140C	11584
YNL139C	11585
intergenic*YNL139C_YNL138W-A	11586
YNL138W-A	11587
intergenic*YNL138W-A_YNL138W	11588
YNL138W	11589
intergenic*YNL138W_YNL137C	11590
YNL137C	11591
intergenic*YNL137C_YNL136W	11592
YNL136W	11593
intergenic*YNL136W_YNL135C	11594
YNL135C	11595
intergenic*YNL135C_YNL134C	11596
YNL134C	11597
intergenic*YNL134C_YNL133C	11598
YNL133C	11599
intergenic*YNL133C_tF(GAA)N	11600
tF(GAA)N	11601
intergenic*tF(GAA)N_YNL132W	11602
YNL132W	11603
intergenic*YNL132W_YNL131W	11604
YNL131W	11605
intergenic*YNL131W_YNL130C	11606
YNL130C	11607
intergenic*YNL130C_YNL130C-A	11608
YNL130C-A	11609
intergenic*YNL130C-A_YNL129W	11610
YNL129W	11611
intergenic*YNL129W_YNL128W	11612
YNL128W	11613
intergenic*YNL128W_YNL127W	11614
YNL127W	11615
intergenic*YNL127W_YNL126W	11616
YNL126W	11617
intergenic*YNL126W_YNL125C	11618
YNL125C	11619
intergenic*YNL125C_YNL124W	11620
YNL124W	11621
intergenic*YNL124W_YNL123W	11622
YNL123W	11623
intergenic*YNL123W_YNL122C	11624
YNL122C	11625
intergenic*YNL122C_YNL121C	11626
YNL121C	11627
intergenic*YNL121C_YNL120C	11628
YNL120C	11629
YNL119W	11630
intergenic*YNL119W_YNL118C	11631
YNL118C	11632
intergenic*YNL118C_YNL117W	11633
YNL117W	11634
intergenic*YNL117W_YNL116W	11635
YNL116W	11636
intergenic*YNL116W_YNL115C	11637
YNL115C	11638
intergenic*YNL115C_ARS1417	11639
ARS1417	11640
intergenic*ARS1417_YNL114C	11641
YNL114C	11642
YNL113W	11643
intergenic*YNL113W_YNL112W	11644
YNL112W	11645
intergenic*YNL112W_YNL111C	11646
YNL111C	11647
intergenic*YNL111C_YNL110C	11648
YNL110C	11649
intergenic*YNL110C_YNL109W	11650
YNL109W	11651
YNL108C	11652
intergenic*YNL108C_YNL107W	11653
YNL107W	11654
intergenic*YNL107W_YNL106C	11655
YNL106C	11656
YNL105W	11657
intergenic*YNL105W_YNL104C	11658
YNL104C	11659
YNL103W-A	11660
intergenic*YNL103W-A_YNL103W	11661
YNL103W	11662
intergenic*YNL103W_YNL102W	11663
YNL102W	11664
intergenic*YNL102W_YNL101W	11665
YNL101W	11666
intergenic*YNL101W_YNL100W	11667
YNL100W	11668
intergenic*YNL100W_YNL099C	11669
YNL099C	11670
intergenic*YNL099C_YNL098C	11671
YNL098C	11672
intergenic*YNL098C_YNL097C-B	11673
YNL097C-B	11674
intergenic*YNL097C-B_YNL097C	11675
YNL097C	11676
YNL097W-A	11677
intergenic*YNL097C_tL(CAA)N	11678
tL(CAA)N	11679
intergenic*tL(CAA)N_YNL096C	11680
YNL096C	11681
intergenic*YNL096C_YNL095C	11682
YNL095C	11683
intergenic*YNL095C_YNL094W	11684
YNL094W	11685
intergenic*YNL094W_ARS1419	11686
ARS1419	11687
intergenic*ARS1419_YNL093W	11688
YNL093W	11689
intergenic*YNL093W_YNL092W	11690
YNL092W	11691
intergenic*YNL092W_YNL091W	11692
YNL091W	11693
intergenic*YNL091W_YNL090W	11694
YNL090W	11695
YNL089C	11696
intergenic*YNL089C_YNL088W	11697
YNL088W	11698
intergenic*YNL088W_YNL087W	11699
YNL087W	11700
intergenic*YNL087W_YNL086W	11701
YNL086W	11702
intergenic*YNL086W_YNL085W	11703
YNL085W	11704
intergenic*YNL085W_YNL084C	11705
YNL084C	11706
intergenic*YNL084C_YNL083W	11707
YNL083W	11708
intergenic*YNL083W_YNL082W	11709
YNL082W	11710
intergenic*YNL082W_YNL081C	11711
YNL081C	11712
intergenic*YNL081C_YNL080C	11713
YNL080C	11714
intergenic*YNL080C_YNL079C	11715
YNL079C	11716
intergenic*YNL079C_YNL078W	11717
YNL078W	11718
intergenic*YNL078W_YNL077W	11719
YNL077W	11720
intergenic*YNL077W_YNL076W	11721
YNL076W	11722
intergenic*YNL076W_YNL075W	11723
YNL075W	11724
intergenic*YNL075W_YNL074C	11725
YNL074C	11726
intergenic*YNL074C_YNL073W	11727
YNL073W	11728
intergenic*YNL073W_YNL072W	11729
YNL072W	11730
intergenic*YNL072W_YNL071W	11731
YNL071W	11732
intergenic*YNL071W_YNL070W	11733
YNL070W	11734
intergenic*YNL070W_YNL069C	11735
YNL069C	11736
intergenic*YNL069C_YNL068C	11737
YNL068C	11738
intergenic*YNL068C_YNL067W-A	11739
YNL067W-A	11740
intergenic*YNL067W-A_ARS1420	11741
ARS1420	11742
intergenic*ARS1420_YNL067W-B	11743
YNL067W-B	11744
intergenic*YNL067W-B_YNL067W	11745
YNL067W	11746
intergenic*YNL067W_YNL066W	11747
YNL066W	11748
intergenic*YNL066W_YNL065W	11749
YNL065W	11750
intergenic*YNL065W_YNL064C	11751
YNL064C	11752
intergenic*YNL064C_YNL063W	11753
YNL063W	11754
intergenic*YNL063W_YNL062C	11755
YNL062C	11756
intergenic*YNL062C_YNL061W	11757
YNL061W	11758
intergenic*YNL061W_YNL059C	11759
YNL059C	11760
intergenic*YNL059C_YNL058C	11761
YNL058C	11762
YNL057W	11763
intergenic*YNL057W_YNL056W	11764
YNL056W	11765
intergenic*YNL056W_YNL055C	11766
YNL055C	11767
intergenic*YNL055C_tD(GUC)N	11768
tD(GUC)N	11769
YNLWdelta3	11770
YNLWTy1-2	11771
YNL054W-A	11772
YNL054W-B	11773
YNLWdelta4	11774
intergenic*YNLWTy1-2_YNL054W	11775
YNL054W	11776
intergenic*YNL054W_YNL053W	11777
YNL053W	11778
intergenic*YNL053W_YNL052W	11779
YNL052W	11780
intergenic*YNL052W_YNL051W	11781
YNL051W	11782
intergenic*YNL051W_YNL050C	11783
YNL050C	11784
intergenic*YNL050C_YNL049C	11785
YNL049C	11786
intergenic*YNL049C_YNL048W	11787
YNL048W	11788
intergenic*YNL048W_YNL047C	11789
YNL047C	11790
intergenic*YNL047C_YNL046W	11791
YNL046W	11792
intergenic*YNL046W_YNL045W	11793
YNL045W	11794
intergenic*YNL045W_YNL044W	11795
YNL044W	11796
YNL043C	11797
intergenic*YNL043C_ARS1421	11798
ARS1421	11799
intergenic*ARS1421_YNLWsigma2	11800
YNLWsigma2	11801
intergenic*YNLWsigma2_YNLWsigma3	11802
YNLWsigma3	11803
intergenic*YNLWsigma3_tP(UGG)N1	11804
tP(UGG)N1	11805
YNL042W-B	11806
intergenic*YNL042W-B_YNL042W	11807
YNL042W	11808
intergenic*YNL042W_YNL041C	11809
YNL041C	11810
intergenic*YNL041C_YNL040W	11811
YNL040W	11812
intergenic*YNL040W_YNL039W	11813
YNL039W	11814
intergenic*YNL039W_YNL038W	11815
YNL038W	11816
intergenic*YNL038W_YNL037C	11817
YNL037C	11818
intergenic*YNL037C_YNL036W	11819
YNL036W	11820
intergenic*YNL036W_tT(AGU)N2	11821
tT(AGU)N2	11822
intergenic*tT(AGU)N2_ARS1422	11823
ARS1422	11824
intergenic*ARS1422_YNLWtau2	11825
YNLWtau2	11826
intergenic*YNLWtau2_YNLCdelta6	11827
YNLCdelta5	11828
YNLCTy2-1	11829
YNLCdelta6	11830
intergenic*YNLCdelta6_tP(UGG)N2	11831
tP(UGG)N2	11832
intergenic*tP(UGG)N2_ARS1423	11833
ARS1423	11834
YNL035C	11835
intergenic*YNL035C_tI(AAU)N1	11836
tI(AAU)N1	11837
intergenic*tI(AAU)N1_YNL034W	11838
YNL034W	11839
intergenic*YNL034W_YNL033W	11840
YNL033W	11841
intergenic*YNL033W_YNL032W	11842
YNL032W	11843
intergenic*YNL032W_YNL031C	11844
YNL031C	11845
intergenic*YNL031C_YNL030W	11846
YNL030W	11847
intergenic*YNL030W_YNL029C	11848
YNL029C	11849
YNL028W	11850
intergenic*YNL028W_YNL027W	11851
YNL027W	11852
intergenic*YNL027W_YNL026W	11853
YNL026W	11854
intergenic*YNL026W_YNL025C	11855
YNL025C	11856
intergenic*YNL025C_NME1	11857
NME1	11858
intergenic*NME1_snR66	11859
snR66	11860
intergenic*snR66_YNL024C-A	11861
YNL024C-A	11862
intergenic*YNL024C-A_YNL024C	11863
YNL024C	11864
intergenic*YNL024C_YNL023C	11865
YNL023C	11866
intergenic*YNL023C_YNL022C	11867
YNL022C	11868
intergenic*YNL022C_YNL021W	11869
YNL021W	11870
intergenic*YNL021W_YNL020C	11871
YNL020C	11872
intergenic*YNL020C_YNL019C	11873
YNL019C	11874
intergenic*YNL019C_YNL018C	11875
YNL018C	11876
intergenic*YNL018C_YNL017C	11877
YNL017C	11878
tI(AAU)N2	11879
intergenic*YNL017C_YNL016W	11880
YNL016W	11881
intergenic*YNL016W_YNL015W	11882
YNL015W	11883
intergenic*YNL015W_YNL014W	11884
YNL014W	11885
YNL013C	11886
intergenic*YNL013C_ARS1424	11887
ARS1424	11888
intergenic*ARS1424_YNL012W	11889
YNL012W	11890
intergenic*YNL012W_YNL011C	11891
YNL011C	11892
intergenic*YNL011C_YNL010W	11893
YNL010W	11894
intergenic*YNL010W_YNL009W	11895
YNL009W	11896
intergenic*YNL009W_YNL008C	11897
YNL008C	11898
ARS1425	11899
intergenic*YNL008C_YNL007C	11900
YNL007C	11901
intergenic*YNL007C_YNL006W	11902
YNL006W	11903
intergenic*YNL006W_YNL005C	11904
YNL005C	11905
intergenic*YNL005C_YNL004W	11906
YNL004W	11907
intergenic*YNL004W_YNL003C	11908
YNL003C	11909
intergenic*YNL003C_YNL002C	11910
YNL002C	11911
intergenic*YNL002C_YNL001W	11912
YNL001W	11913
intergenic*YNL001W_CEN14	11914
CEN14	11915
intergenic*CEN14_YNR001C	11916
YNR001C	11917
intergenic*YNR001C_YNR001W-A	11918
YNR001W-A	11919
intergenic*YNR001W-A_tP(AGG)N	11920
tP(AGG)N	11921
intergenic*tP(AGG)N_YNRCdelta7	11922
YNRCdelta7	11923
intergenic*YNRCdelta7_YNRCtau3	11924
YNRCtau3	11925
intergenic*YNRCtau3_tN(GUU)N2	11926
tN(GUU)N2	11927
intergenic*tN(GUU)N2_YNR002C	11928
YNR002C	11929
intergenic*YNR002C_YNR003C	11930
YNR003C	11931
YNR003W-A	11932
intergenic*YNR003C_ARS1426	11933
ARS1426	11934
intergenic*ARS1426_YNR004W	11935
YNR004W	11936
intergenic*YNR004W_YNR005C	11937
YNR005C	11938
YNR006W	11939
intergenic*YNR006W_YNR007C	11940
YNR007C	11941
intergenic*YNR007C_YNR008W	11942
YNR008W	11943
intergenic*YNR008W_YNR009W	11944
YNR009W	11945
intergenic*YNR009W_YNR010W	11946
YNR010W	11947
intergenic*YNR010W_YNR011C	11948
YNR011C	11949
intergenic*YNR011C_YNR012W	11950
YNR012W	11951
intergenic*YNR012W_YNR013C	11952
YNR013C	11953
intergenic*YNR013C_YNR014W	11954
YNR014W	11955
intergenic*YNR014W_YNR015W	11956
YNR015W	11957
intergenic*YNR015W_YNR016C	11958
YNR016C	11959
intergenic*YNR016C_YNR017W	11960
YNR017W	11961
intergenic*YNR017W_YNR018W	11962
YNR018W	11963
intergenic*YNR018W_YNR019W	11964
YNR019W	11965
intergenic*YNR019W_YNR020C	11966
YNR020C	11967
intergenic*YNR020C_YNR021W	11968
YNR021W	11969
intergenic*YNR021W_YNR022C	11970
YNR022C	11971
intergenic*YNR022C_YNR023W	11972
YNR023W	11973
intergenic*YNR023W_YNR024W	11974
YNR024W	11975
YNR025C	11976
intergenic*YNR025C_YNR026C	11977
YNR026C	11978
intergenic*YNR026C_YNR027W	11979
YNR027W	11980
intergenic*YNR027W_YNR028W	11981
YNR028W	11982
intergenic*YNR028W_YNR029C	11983
YNR029C	11984
intergenic*YNR029C_YNR030W	11985
YNR030W	11986
intergenic*YNR030W_YNR031C	11987
YNR031C	11988
intergenic*YNR031C_YNR032W	11989
YNR032W	11990
intergenic*YNR032W_YNR032C-A	11991
YNR032C-A	11992
intergenic*YNR032C-A_YNR033W	11993
YNR033W	11994
intergenic*YNR033W_YNR034W	11995
YNR034W	11996
intergenic*YNR034W_ARS1427	11997
ARS1427	11998
intergenic*ARS1427_YNR034W-A	11999
YNR034W-A	12000
intergenic*YNR034W-A_YNR035C	12001
YNR035C	12002
intergenic*YNR035C_YNR036C	12003
YNR036C	12004
intergenic*YNR036C_YNR037C	12005
YNR037C	12006
intergenic*YNR037C_YNR038W	12007
YNR038W	12008
intergenic*YNR038W_YNR039C	12009
YNR039C	12010
intergenic*YNR039C_YNR040W	12011
YNR040W	12012
intergenic*YNR040W_YNR041C	12013
YNR041C	12014
YNR042W	12015
intergenic*YNR042W_YNR043W	12016
YNR043W	12017
intergenic*YNR043W_YNR044W	12018
YNR044W	12019
intergenic*YNR044W_YNR045W	12020
YNR045W	12021
intergenic*YNR045W_YNR046W	12022
YNR046W	12023
intergenic*YNR046W_YNR047W	12024
YNR047W	12025
intergenic*YNR047W_YNR048W	12026
YNR048W	12027
intergenic*YNR048W_YNR049C	12028
YNR049C	12029
intergenic*YNR049C_YNR050C	12030
YNR050C	12031
intergenic*YNR050C_snR49	12032
snR49	12033
intergenic*snR49_YNR051C	12034
YNR051C	12035
intergenic*YNR051C_YNR052C	12036
YNR052C	12037
intergenic*YNR052C_YNR053C	12038
YNR053C	12039
snR191	12040
intergenic*YNR053C_YNR054C	12041
YNR054C	12042
intergenic*YNR054C_tL(UAA)N	12043
tL(UAA)N	12044
intergenic*tL(UAA)N_YNRWsigma4	12045
YNRWsigma4	12046
intergenic*YNRWsigma4_YNRCdelta8	12047
YNRCdelta8	12048
intergenic*YNRCdelta8_YNRCdelta9	12049
YNRCdelta9	12050
intergenic*YNRCdelta9_YNR055C	12051
YNR055C	12052
intergenic*YNR055C_YNR056C	12053
YNR056C	12054
intergenic*YNR056C_YNR057C	12055
YNR057C	12056
intergenic*YNR057C_YNR058W	12057
YNR058W	12058
intergenic*YNR058W_YNR059W	12059
YNR059W	12060
intergenic*YNR059W_YNR060W	12061
YNR060W	12062
intergenic*YNR060W_YNR061C	12063
YNR061C	12064
intergenic*YNR061C_YNR062C	12065
YNR062C	12066
intergenic*YNR062C_YNR063W	12067
YNR063W	12068
intergenic*YNR063W_YNR064C	12069
YNR064C	12070
intergenic*YNR064C_YNR065C	12071
YNR065C	12072
intergenic*YNR065C_YNR066C	12073
YNR066C	12074
intergenic*YNR066C_YNR067C	12075
YNR067C	12076
intergenic*YNR067C_YNR068C	12077
YNR068C	12078
intergenic*YNR068C_YNR069C	12079
YNR069C	12080
intergenic*YNR069C_YNR070W	12081
YNR070W	12082
intergenic*YNR070W_YNR071C	12083
YNR071C	12084
intergenic*YNR071C_YNR072W	12085
YNR072W	12086
intergenic*YNR072W_YNR073C	12087
YNR073C	12088
intergenic*YNR073C_YNR074C	12089
YNR074C	12090
intergenic*YNR074C_YNR075W	12091
YNR075W	12092
intergenic*YNR075W_YNR075C-A	12093
YNR075C-A	12094
intergenic*YNR075C-A_YNR076W	12095
YNR076W	12096
intergenic*YNR076W_TEL14R	12097
TEL14R	12098
YNR077C	12099
TEL15L	12100
YOL166W-A	12101
intergenic*TEL15L_YOL166C	12102
YOL166C	12103
intergenic*YOL166C_YOL165C	12104
YOL165C	12105
intergenic*YOL165C_YOLCdelta1	12106
YOLCdelta1	12107
intergenic*YOLCdelta1_YOLWtau1	12108
YOLWtau1	12109
intergenic*YOLWtau1_YOL164W-A	12110
YOL164W-A	12111
intergenic*YOL164W-A_YOL164W	12112
YOL164W	12113
intergenic*YOL164W_YOL163W	12114
YOL163W	12115
intergenic*YOL163W_YOL162W	12116
YOL162W	12117
intergenic*YOL162W_YOL161C	12118
YOL161C	12119
intergenic*YOL161C_YOL160W	12120
YOL160W	12121
intergenic*YOL160W_YOL159C-A	12122
YOL159C-A	12123
intergenic*YOL159C-A_YOL159C	12124
YOL159C	12125
intergenic*YOL159C_YOLCdelta2	12126
YOLCdelta2	12127
intergenic*YOLCdelta2_YOL158C	12128
YOL158C	12129
intergenic*YOL158C_YOL157C	12130
YOL157C	12131
intergenic*YOL157C_YOL156W	12132
YOL156W	12133
intergenic*YOL156W_YOL155W-A	12134
YOL155W-A	12135
intergenic*YOL155W-A_YOL155C	12136
YOL155C	12137
intergenic*YOL155C_YOL154W	12138
YOL154W	12139
intergenic*YOL154W_ARS1531	12140
ARS1531	12141
intergenic*ARS1531_YOL152W	12142
YOL152W	12143
intergenic*YOL152W_YOL151W	12144
YOL151W	12145
YOL150C	12146
intergenic*YOL150C_YOL149W	12147
YOL149W	12148
intergenic*YOL149W_YOL148C	12149
YOL148C	12150
intergenic*YOL148C_YOL147C	12151
YOL147C	12152
intergenic*YOL147C_YOL146W	12153
YOL146W	12154
intergenic*YOL146W_YOL145C	12155
YOL145C	12156
intergenic*YOL145C_YOL144W	12157
YOL144W	12158
intergenic*YOL144W_YOL143C	12159
YOL143C	12160
intergenic*YOL143C_YOL142W	12161
YOL142W	12162
intergenic*YOL142W_YOL141W	12163
YOL141W	12164
intergenic*YOL141W_YOL140W	12165
YOL140W	12166
intergenic*YOL140W_YOL139C	12167
YOL139C	12168
intergenic*YOL139C_YOL138C	12169
YOL138C	12170
intergenic*YOL138C_YOL137W	12171
YOL137W	12172
intergenic*YOL137W_YOL136C	12173
YOL136C	12174
intergenic*YOL136C_YOL135C	12175
YOL135C	12176
intergenic*YOL135C_YOL134C	12177
YOL134C	12178
YOL133W	12179
intergenic*YOL133W_YOL132W	12180
YOL132W	12181
ARS1507	12182
intergenic*ARS1507_YOL131W	12183
YOL131W	12184
intergenic*YOL131W_YOL130W	12185
YOL130W	12186
intergenic*YOL130W_YOL129W	12187
YOL129W	12188
intergenic*YOL129W_YOL128C	12189
YOL128C	12190
intergenic*YOL128C_YOL127W	12191
YOL127W	12192
intergenic*YOL127W_YOL126C	12193
YOL126C	12194
intergenic*YOL126C_YOL125W	12195
YOL125W	12196
intergenic*YOL125W_ARS1508	12197
ARS1508	12198
intergenic*ARS1508_YOL124C	12199
YOL124C	12200
intergenic*YOL124C_YOL123W	12201
YOL123W	12202
intergenic*YOL123W_YOL122C	12203
YOL122C	12204
intergenic*YOL122C_YOL121C	12205
YOL121C	12206
intergenic*YOL121C_YOL120C	12207
YOL120C	12208
intergenic*YOL120C_YOL119C	12209
YOL119C	12210
intergenic*YOL119C_YOL118C	12211
YOL118C	12212
intergenic*YOL118C_YOL117W	12213
YOL117W	12214
intergenic*YOL117W_YOL116W	12215
YOL116W	12216
intergenic*YOL116W_YOL115W	12217
YOL115W	12218
intergenic*YOL115W_YOL114C	12219
YOL114C	12220
intergenic*YOL114C_YOL113W	12221
YOL113W	12222
intergenic*YOL113W_YOL112W	12223
YOL112W	12224
intergenic*YOL112W_YOL111C	12225
YOL111C	12226
intergenic*YOL111C_YOL110W	12227
YOL110W	12228
intergenic*YOL110W_YOL109W	12229
YOL109W	12230
intergenic*YOL109W_tG(UCC)O	12231
tG(UCC)O	12232
intergenic*tG(UCC)O_YOL108C	12233
YOL108C	12234
intergenic*YOL108C_YOL107W	12235
YOL107W	12236
intergenic*YOL107W_YOL106W	12237
YOL106W	12238
YOLCdelta3	12239
intergenic*YOLCdelta3_tT(AGU)O1	12240
tT(AGU)O1	12241
intergenic*tT(AGU)O1_ARS1509	12242
ARS1509	12243
intergenic*ARS1509_YOL105C	12244
YOL105C	12245
intergenic*YOL105C_YOL104C	12246
YOL104C	12247
intergenic*YOL104C_YOLWTy1-1	12248
YOLWdelta4	12249
YOLWTy1-1	12250
YOL103W-A	12251
YOL103W-B	12252
intergenic*YOLWTy1-1_YOLWdelta5	12253
YOLWdelta5	12254
intergenic*YOLWdelta5_YOL103W	12255
YOL103W	12256
intergenic*YOL103W_YOL102C	12257
YOL102C	12258
intergenic*YOL102C_YOL101C	12259
YOL101C	12260
intergenic*YOL101C_YOL100W	12261
YOL100W	12262
YOL099C	12263
intergenic*YOL099C_YOL098C	12264
YOL098C	12265
intergenic*YOL098C_snR58	12266
snR58	12267
intergenic*snR58_YOL097W-A	12268
YOL097W-A	12269
intergenic*YOL097W-A_YOL097C	12270
YOL097C	12271
intergenic*YOL097C_YOL096C	12272
YOL096C	12273
intergenic*YOL096C_YOL095C	12274
YOL095C	12275
intergenic*YOL095C_YOL094C	12276
YOL094C	12277
intergenic*YOL094C_YOL093W	12278
YOL093W	12279
intergenic*YOL093W_YOL092W	12280
YOL092W	12281
intergenic*YOL092W_YOL091W	12282
YOL091W	12283
intergenic*YOL091W_YOL090W	12284
YOL090W	12285
intergenic*YOL090W_YOL089C	12286
YOL089C	12287
intergenic*YOL089C_YOL088C	12288
YOL088C	12289
intergenic*YOL088C_YOL087C	12290
YOL087C	12291
intergenic*YOL087C_YOL086W-A	12292
YOL086W-A	12293
intergenic*YOL086W-A_YOL086C	12294
YOL086C	12295
intergenic*YOL086C_YOL085W-A	12296
YOL085W-A	12297
YOL085C	12298
intergenic*YOL085C_YOL084W	12299
YOL084W	12300
intergenic*YOL084W_YOL083W	12301
YOL083W	12302
YOL083C-A	12303
intergenic*YOL083W_ARS1510	12304
ARS1510	12305
intergenic*ARS1510_YOL082W	12306
YOL082W	12307
intergenic*YOL082W_YOL081W	12308
YOL081W	12309
intergenic*YOL081W_YOL080C	12310
YOL080C	12311
YOL079W	12312
intergenic*YOL079W_YOL078W	12313
YOL078W	12314
intergenic*YOL078W_YOL077W-A	12315
YOL077W-A	12316
intergenic*YOL077W-A_YOL077C	12317
YOL077C	12318
intergenic*YOL077C_YOL076W	12319
YOL076W	12320
intergenic*YOL076W_YOL075C	12321
YOL075C	12322
intergenic*YOL075C_YOL073C	12323
YOL073C	12324
intergenic*YOL073C_YOL072W	12325
YOL072W	12326
intergenic*YOL072W_YOL071W	12327
YOL071W	12328
intergenic*YOL071W_YOL070C	12329
YOL070C	12330
intergenic*YOL070C_YOL069W	12331
YOL069W	12332
intergenic*YOL069W_YOL068C	12333
YOL068C	12334
intergenic*YOL068C_YOL067C	12335
YOL067C	12336
intergenic*YOL067C_YOL066C	12337
YOL066C	12338
intergenic*YOL066C_YOL065C	12339
YOL065C	12340
intergenic*YOL065C_YOL064C	12341
YOL064C	12342
intergenic*YOL064C_YOL063C	12343
YOL063C	12344
intergenic*YOL063C_YOL062C	12345
YOL062C	12346
intergenic*YOL062C_YOL061W	12347
YOL061W	12348
intergenic*YOL061W_YOL060C	12349
YOL060C	12350
intergenic*YOL060C_YOL059W	12351
YOL059W	12352
intergenic*YOL059W_YOL058W	12353
YOL058W	12354
intergenic*YOL058W_YOL057W	12355
YOL057W	12356
intergenic*YOL057W_YOL056W	12357
YOL056W	12358
intergenic*YOL056W_YOL055C	12359
YOL055C	12360
intergenic*YOL055C_tG(GCC)O1	12361
tG(GCC)O1	12362
intergenic*tG(GCC)O1_YOLWsigma1	12363
YOLWsigma1	12364
intergenic*YOLWsigma1_YOLWdelta6	12365
YOLWdelta6	12366
intergenic*YOLWdelta6_YOLCdelta7	12367
YOLCdelta7	12368
intergenic*YOLCdelta7_tN(GUU)O1	12369
tN(GUU)O1	12370
intergenic*tN(GUU)O1_YOL054W	12371
YOL054W	12372
intergenic*YOL054W_YOL053W	12373
YOL053W	12374
intergenic*YOL053W_YOL052C-A	12375
YOL052C-A	12376
intergenic*YOL052C-A_YOL052C	12377
YOL052C	12378
intergenic*YOL052C_snR81	12379
snR81	12380
intergenic*snR81_YOL051W	12381
YOL051W	12382
YOL050C	12383
intergenic*YOL050C_YOL049W	12384
YOL049W	12385
intergenic*YOL049W_YOL048C	12386
YOL048C	12387
intergenic*YOL048C_YOL047C	12388
YOL047C	12389
intergenic*YOL047C_YOL046C	12390
YOL046C	12391
YOL045W	12392
intergenic*YOL045W_YOL044W	12393
YOL044W	12394
intergenic*YOL044W_YOL043C	12395
YOL043C	12396
intergenic*YOL043C_YOL042W	12397
YOL042W	12398
intergenic*YOL042W_YOL041C	12399
YOL041C	12400
intergenic*YOL041C_YOL040C	12401
YOL040C	12402
intergenic*YOL040C_YOL039W	12403
YOL039W	12404
intergenic*YOL039W_YOL038C-A	12405
YOL038C-A	12406
intergenic*YOL038C-A_YOL038W	12407
YOL038W	12408
intergenic*YOL038W_YOL037C	12409
YOL037C	12410
YOL036W	12411
YOL035C	12412
intergenic*YOL035C_snR50	12413
snR50	12414
intergenic*snR50_YOL034W	12415
YOL034W	12416
intergenic*YOL034W_YOL033W	12417
YOL033W	12418
intergenic*YOL033W_YOL032W	12419
YOL032W	12420
intergenic*YOL032W_YOL031C	12421
YOL031C	12422
intergenic*YOL031C_YOL030W	12423
YOL030W	12424
intergenic*YOL030W_YOL029C	12425
YOL029C	12426
intergenic*YOL029C_YOL028C	12427
YOL028C	12428
intergenic*YOL028C_YOL027C	12429
YOL027C	12430
intergenic*YOL027C_YOL026C	12431
YOL026C	12432
intergenic*YOL026C_tS(GCU)O	12433
tS(GCU)O	12434
intergenic*tS(GCU)O_YOL025W	12435
YOL025W	12436
intergenic*YOL025W_YOL024W	12437
YOL024W	12438
ARS1511	12439
intergenic*ARS1511_YOL023W	12440
YOL023W	12441
intergenic*YOL023W_YOL022C	12442
YOL022C	12443
intergenic*YOL022C_tG(GCC)O2	12444
tG(GCC)O2	12445
intergenic*tG(GCC)O2_YOL021C	12446
YOL021C	12447
intergenic*YOL021C_YOL020W	12448
YOL020W	12449
intergenic*YOL020W_tY(GUA)O	12450
tY(GUA)O	12451
intergenic*tY(GUA)O_YOL019W-A	12452
YOL019W-A	12453
intergenic*YOL019W-A_YOL019W	12454
YOL019W	12455
intergenic*YOL019W_YOL018C	12456
YOL018C	12457
intergenic*YOL018C_YOL017W	12458
YOL017W	12459
intergenic*YOL017W_YOL016C	12460
YOL016C	12461
intergenic*YOL016C_YOL015W	12462
YOL015W	12463
intergenic*YOL015W_YOL014W	12464
YOL014W	12465
intergenic*YOL014W_YOLCdelta8	12466
YOLCdelta8	12467
YOL013W-B	12468
intergenic*YOLCdelta8_YOL013W-A	12469
YOL013W-A	12470
tP(UGG)O1	12471
intergenic*tP(UGG)O1_YOL013C	12472
YOL013C	12473
intergenic*YOL013C_YOL012C	12474
YOL012C	12475
intergenic*YOL012C_YOL011W	12476
YOL011W	12477
intergenic*YOL011W_YOL010W	12478
YOL010W	12479
intergenic*YOL010W_YOL009C	12480
YOL009C	12481
ARS1512	12482
intergenic*ARS1512_YOL008W	12483
YOL008W	12484
intergenic*YOL008W_YOL007C	12485
YOL007C	12486
intergenic*YOL007C_YOL006C	12487
YOL006C	12488
intergenic*YOL006C_YOL005C	12489
YOL005C	12490
intergenic*YOL005C_YOL004W	12491
YOL004W	12492
intergenic*YOL004W_YOL003C	12493
YOL003C	12494
intergenic*YOL003C_YOL002C	12495
YOL002C	12496
intergenic*YOL002C_YOL001W	12497
YOL001W	12498
intergenic*YOL001W_CEN15	12499
CEN15	12500
intergenic*CEN15_YOR001W	12501
YOR001W	12502
intergenic*YOR001W_YOR002W	12503
YOR002W	12504
intergenic*YOR002W_YOR003W	12505
YOR003W	12506
intergenic*YOR003W_YOR004W	12507
YOR004W	12508
intergenic*YOR004W_YOR005C	12509
YOR005C	12510
intergenic*YOR005C_ARS1513	12511
ARS1513	12512
intergenic*ARS1513_YOR006C	12513
YOR006C	12514
intergenic*YOR006C_YOR007C	12515
YOR007C	12516
intergenic*YOR007C_tR(ACG)O	12517
tR(ACG)O	12518
intergenic*tR(ACG)O_YORCdelta9	12519
YORCdelta9	12520
intergenic*YORCdelta9_YOR008C	12521
YOR008C	12522
intergenic*YOR008C_YOR008C-A	12523
YOR008C-A	12524
intergenic*YOR008C-A_YOR008W-B	12525
YOR008W-B	12526
intergenic*YOR008W-B_YOR009W	12527
YOR009W	12528
intergenic*YOR009W_YOR010C	12529
YOR010C	12530
intergenic*YOR010C_YOR011W	12531
YOR011W	12532
intergenic*YOR011W_tT(AGU)O2	12533
tT(AGU)O2	12534
intergenic*tT(AGU)O2_YORWsigma2	12535
YORWsigma2	12536
intergenic*YORWsigma2_YORWdelta10	12537
YORWdelta10	12538
intergenic*YORWdelta10_YOR011W-A	12539
YOR011W-A	12540
intergenic*YOR011W-A_YOR012W	12541
YOR012W	12542
YOR013W	12543
intergenic*YOR013W_YOR014W	12544
YOR014W	12545
intergenic*YOR014W_YOR015W	12546
YOR015W	12547
intergenic*YOR015W_YOR016C	12548
YOR016C	12549
intergenic*YOR016C_YOR017W	12550
YOR017W	12551
intergenic*YOR017W_YOR018W	12552
YOR018W	12553
intergenic*YOR018W_YOR019W	12554
YOR019W	12555
intergenic*YOR019W_YOR020C	12556
YOR020C	12557
intergenic*YOR020C_YOR020W-A	12558
YOR020W-A	12559
intergenic*YOR020W-A_YOR021C	12560
YOR021C	12561
intergenic*YOR021C_YOR022C	12562
YOR022C	12563
intergenic*YOR022C_YOR023C	12564
YOR023C	12565
intergenic*YOR023C_YOR024W	12566
YOR024W	12567
intergenic*YOR024W_YOR025W	12568
YOR025W	12569
intergenic*YOR025W_YOR026W	12570
YOR026W	12571
intergenic*YOR026W_YOR027W	12572
YOR027W	12573
intergenic*YOR027W_YOR028C	12574
YOR028C	12575
intergenic*YOR028C_YOR029W	12576
YOR029W	12577
intergenic*YOR029W_YOR030W	12578
YOR030W	12579
intergenic*YOR030W_YOR032C	12580
YOR032C	12581
intergenic*YOR032C_YOR032W-A	12582
YOR032W-A	12583
intergenic*YOR032W-A_YOR033C	12584
YOR033C	12585
intergenic*YOR033C_YOR034C	12586
YOR034C	12587
intergenic*YOR034C_YOR034C-A	12588
YOR034C-A	12589
intergenic*YOR034C-A_YOR035C	12590
YOR035C	12591
intergenic*YOR035C_YOR036W	12592
YOR036W	12593
intergenic*YOR036W_YOR037W	12594
YOR037W	12595
intergenic*YOR037W_YOR038C	12596
YOR038C	12597
intergenic*YOR038C_YOR039W	12598
YOR039W	12599
intergenic*YOR039W_YOR040W	12600
YOR040W	12601
intergenic*YOR040W_snR9	12602
snR9	12603
intergenic*snR9_YOR041C	12604
YOR041C	12605
YOR042W	12606
intergenic*YOR042W_snR62	12607
snR62	12608
intergenic*snR62_YOR043W	12609
YOR043W	12610
intergenic*YOR043W_YOR044W	12611
YOR044W	12612
intergenic*YOR044W_YOR045W	12613
YOR045W	12614
intergenic*YOR045W_YOR046C	12615
YOR046C	12616
intergenic*YOR046C_YOR047C	12617
YOR047C	12618
intergenic*YOR047C_YOR048C	12619
YOR048C	12620
intergenic*YOR048C_YOR049C	12621
YOR049C	12622
intergenic*YOR049C_YOR050C	12623
YOR050C	12624
intergenic*YOR050C_YOR051C	12625
YOR051C	12626
intergenic*YOR051C_YOR052C	12627
YOR052C	12628
intergenic*YOR052C_YOR053W	12629
YOR053W	12630
YOR054C	12631
YOR055W	12632
intergenic*YOR055W_YOR056C	12633
YOR056C	12634
intergenic*YOR056C_YOR057W	12635
YOR057W	12636
intergenic*YOR057W_YOR058C	12637
YOR058C	12638
intergenic*YOR058C_YORCdelta11	12639
YORCdelta11	12640
intergenic*YORCdelta11_tK(UUU)O	12641
tK(UUU)O	12642
intergenic*tK(UUU)O_YOR059C	12643
YOR059C	12644
intergenic*YOR059C_YOR060C	12645
YOR060C	12646
intergenic*YOR060C_YOR061W	12647
YOR061W	12648
intergenic*YOR061W_YOR062C	12649
YOR062C	12650
intergenic*YOR062C_YOR063W	12651
YOR063W	12652
intergenic*YOR063W_YOR064C	12653
YOR064C	12654
intergenic*YOR064C_YOR065W	12655
YOR065W	12656
intergenic*YOR065W_YOR066W	12657
YOR066W	12658
intergenic*YOR066W_YOR067C	12659
YOR067C	12660
intergenic*YOR067C_YOR069W	12661
YOR069W	12662
YOR068C	12663
intergenic*YOR069W_YOR070C	12664
YOR070C	12665
intergenic*YOR070C_YOR071C	12666
YOR071C	12667
intergenic*YOR071C_YOR072W	12668
YOR072W	12669
YOR072W-A	12670
intergenic*YOR072W-A_tP(UGG)O2	12671
tP(UGG)O2	12672
YOR072W-B	12673
intergenic*YOR072W-B_YOR073W	12674
YOR073W	12675
intergenic*YOR073W_YOR074C	12676
YOR074C	12677
YOR073W-A	12678
intergenic*YOR073W-A_YOR075W	12679
YOR075W	12680
intergenic*YOR075W_YOR076C	12681
YOR076C	12682
intergenic*YOR076C_YOR077W	12683
YOR077W	12684
intergenic*YOR077W_YOR078W	12685
YOR078W	12686
intergenic*YOR078W_YOR079C	12687
YOR079C	12688
intergenic*YOR079C_YOR080W	12689
YOR080W	12690
intergenic*YOR080W_YOR081C	12691
YOR081C	12692
intergenic*YOR081C_YOR082C	12693
YOR082C	12694
YOR083W	12695
intergenic*YOR083W_YOR084W	12696
YOR084W	12697
intergenic*YOR084W_YOR085W	12698
YOR085W	12699
intergenic*YOR085W_YOR086C	12700
YOR086C	12701
intergenic*YOR086C_tN(GUU)O2	12702
tN(GUU)O2	12703
intergenic*tN(GUU)O2_YOR087W	12704
YOR087W	12705
ARS1501	12706
intergenic*ARS1501_YOR089C	12707
YOR089C	12708
intergenic*YOR089C_YOR090C	12709
YOR090C	12710
intergenic*YOR090C_YOR091W	12711
YOR091W	12712
intergenic*YOR091W_YOR092W	12713
YOR092W	12714
intergenic*YOR092W_YOR093C	12715
YOR093C	12716
intergenic*YOR093C_YOR094W	12717
YOR094W	12718
intergenic*YOR094W_YOR095C	12719
YOR095C	12720
intergenic*YOR095C_YOR096W	12721
YOR096W	12722
intergenic*YOR096W_YOR097C	12723
YOR097C	12724
intergenic*YOR097C_YOR098C	12725
YOR098C	12726
intergenic*YOR098C_YOR099W	12727
YOR099W	12728
intergenic*YOR099W_YOR100C	12729
YOR100C	12730
intergenic*YOR100C_YOR101W	12731
YOR101W	12732
intergenic*YOR101W_YOR102W	12733
YOR102W	12734
YOR103C	12735
intergenic*YOR103C_YOR104W	12736
YOR104W	12737
YOR105W	12738
intergenic*YOR105W_YOR106W	12739
YOR106W	12740
intergenic*YOR106W_YOR107W	12741
YOR107W	12742
intergenic*YOR107W_YOR108W	12743
YOR108W	12744
YOR108C-A	12745
intergenic*YOR108W_YOR109W	12746
YOR109W	12747
intergenic*YOR109W_YOR110W	12748
YOR110W	12749
intergenic*YOR110W_YOR111W	12750
YOR111W	12751
intergenic*YOR111W_YOR112W	12752
YOR112W	12753
intergenic*YOR112W_YOR113W	12754
YOR113W	12755
intergenic*YOR113W_YOR114W	12756
YOR114W	12757
intergenic*YOR114W_YOR115C	12758
YOR115C	12759
intergenic*YOR115C_YOR116C	12760
YOR116C	12761
intergenic*YOR116C_YOR117W	12762
YOR117W	12763
intergenic*YOR117W_YOR118W	12764
YOR118W	12765
intergenic*YOR118W_YOR119C	12766
YOR119C	12767
intergenic*YOR119C_YOR120W	12768
YOR120W	12769
YOR121C	12770
intergenic*YOR121C_YOR122C	12771
YOR122C	12772
intergenic*YOR122C_YOR123C	12773
YOR123C	12774
intergenic*YOR123C_YOR124C	12775
YOR124C	12776
intergenic*YOR124C_YOR125C	12777
YOR125C	12778
intergenic*YOR125C_YOR126C	12779
YOR126C	12780
intergenic*YOR126C_YOR127W	12781
YOR127W	12782
intergenic*YOR127W_YOR128C	12783
YOR128C	12784
intergenic*YOR128C_ARS1516	12785
ARS1516	12786
intergenic*ARS1516_YOR129C	12787
YOR129C	12788
intergenic*YOR129C_YOR130C	12789
YOR130C	12790
intergenic*YOR130C_tD(GUC)O	12791
tD(GUC)O	12792
intergenic*tD(GUC)O_YOR131C	12793
YOR131C	12794
intergenic*YOR131C_YOR132W	12795
YOR132W	12796
intergenic*YOR132W_YOR133W	12797
YOR133W	12798
intergenic*YOR133W_YOR134W	12799
YOR134W	12800
intergenic*YOR134W_YOR135C	12801
YOR135C	12802
YOR136W	12803
intergenic*YOR136W_YOR137C	12804
YOR137C	12805
intergenic*YOR137C_YOR138C	12806
YOR138C	12807
intergenic*YOR138C_YOR139C	12808
YOR139C	12809
YOR140W	12810
intergenic*YOR140W_YOR141C	12811
YOR141C	12812
intergenic*YOR141C_YOR142W	12813
YOR142W	12814
intergenic*YOR142W_tG(CCC)O	12815
tG(CCC)O	12816
intergenic*tG(CCC)O_YORWdelta12	12817
YORWdelta12	12818
YORWdelta13	12819
YORWTy1-2	12820
YOR142W-A	12821
YOR142W-B	12822
YORWdelta14	12823
intergenic*YORWTy1-2_ARS1502	12824
ARS1502	12825
intergenic*ARS1502_YOR143C	12826
YOR143C	12827
intergenic*YOR143C_YOR144C	12828
YOR144C	12829
intergenic*YOR144C_YOR145C	12830
YOR145C	12831
YOR146W	12832
intergenic*YOR146W_YOR147W	12833
YOR147W	12834
intergenic*YOR147W_YOR148C	12835
YOR148C	12836
intergenic*YOR148C_YOR149C	12837
YOR149C	12838
intergenic*YOR149C_YOR150W	12839
YOR150W	12840
intergenic*YOR150W_YOR151C	12841
YOR151C	12842
ARS1518	12843
YOR152C	12844
intergenic*YOR152C_YOR153W	12845
YOR153W	12846
intergenic*YOR153W_YOR154W	12847
YOR154W	12848
intergenic*YOR154W_YOR155C	12849
YOR155C	12850
intergenic*YOR155C_YOR156C	12851
YOR156C	12852
intergenic*YOR156C_YOR157C	12853
YOR157C	12854
intergenic*YOR157C_YOR158W	12855
YOR158W	12856
intergenic*YOR158W_YOR159C	12857
YOR159C	12858
intergenic*YOR159C_YOR160W	12859
YOR160W	12860
intergenic*YOR160W_YOR161C	12861
YOR161C	12862
YOR161W-A	12863
YOR161W-B	12864
intergenic*YOR161C_YOR161C-C	12865
YOR161C-C	12866
intergenic*YOR161C-C_YOR162C	12867
YOR162C	12868
intergenic*YOR162C_YOR163W	12869
YOR163W	12870
intergenic*YOR163W_YOR164C	12871
YOR164C	12872
intergenic*YOR164C_YOR165W	12873
YOR165W	12874
intergenic*YOR165W_YOR166C	12875
YOR166C	12876
intergenic*YOR166C_YOR167C	12877
YOR167C	12878
intergenic*YOR167C_YOR168W	12879
YOR168W	12880
YOR169C	12881
intergenic*YOR169C_YOR170W	12882
YOR170W	12883
YOR171C	12884
intergenic*YOR171C_YOR172W	12885
YOR172W	12886
intergenic*YOR172W_ARS1519	12887
ARS1519	12888
intergenic*ARS1519_YOR173W	12889
YOR173W	12890
intergenic*YOR173W_YOR174W	12891
YOR174W	12892
intergenic*YOR174W_YOR175C	12893
YOR175C	12894
intergenic*YOR175C_YOR176W	12895
YOR176W	12896
intergenic*YOR176W_tV(AAC)O	12897
tV(AAC)O	12898
intergenic*tV(AAC)O_YORCdelta15	12899
YORCdelta15	12900
YORWdelta16	12901
intergenic*YORWdelta16_YORWdelta17	12902
YORWdelta17	12903
intergenic*YORWdelta17_YOR177C	12904
YOR177C	12905
intergenic*YOR177C_YOR178C	12906
YOR178C	12907
intergenic*YOR178C_YOR179C	12908
YOR179C	12909
intergenic*YOR179C_YOR180C	12910
YOR180C	12911
intergenic*YOR180C_YOR181W	12912
YOR181W	12913
intergenic*YOR181W_YOR182C	12914
YOR182C	12915
intergenic*YOR182C_YOR183W	12916
YOR183W	12917
intergenic*YOR183W_YOR184W	12918
YOR184W	12919
intergenic*YOR184W_snR36	12920
snR36	12921
intergenic*snR36_YOR185C	12922
YOR185C	12923
intergenic*YOR185C_YOR186W	12924
YOR186W	12925
YOR186C-A	12926
intergenic*YOR186W_YOR187W	12927
YOR187W	12928
intergenic*YOR187W_YOR188W	12929
YOR188W	12930
intergenic*YOR188W_YOR189W	12931
YOR189W	12932
intergenic*YOR189W_YOR190W	12933
YOR190W	12934
intergenic*YOR190W_YOR191W	12935
YOR191W	12936
intergenic*YOR191W_YOR192C	12937
YOR192C	12938
intergenic*YOR192C_YORCdelta18	12939
YORCdelta18	12940
intergenic*YORCdelta18_YORWdelta19	12941
YORWdelta19	12942
intergenic*YORWdelta19_YORWtau2	12943
YORWtau2	12944
YOR192C-C	12945
YORCdelta20	12946
YORCTy2-1	12947
YOR192C-B	12948
YOR192C-A	12949
YORCdelta21	12950
YORWtau3	12951
intergenic*YORWtau3_tM(CAU)O1	12952
tM(CAU)O1	12953
intergenic*tM(CAU)O1_YOR193W	12954
YOR193W	12955
intergenic*YOR193W_YOR194C	12956
YOR194C	12957
intergenic*YOR194C_YOR195W	12958
YOR195W	12959
intergenic*YOR195W_YOR196C	12960
YOR196C	12961
intergenic*YOR196C_YOR197W	12962
YOR197W	12963
intergenic*YOR197W_YOR198C	12964
YOR198C	12965
intergenic*YOR198C_YOR199W	12966
YOR199W	12967
YOR200W	12968
YOR201C	12969
intergenic*YOR201C_YOR202W	12970
YOR202W	12971
YOR203W	12972
YOR204W	12973
intergenic*YOR204W_YOR205C	12974
YOR205C	12975
intergenic*YOR205C_YOR206W	12976
YOR206W	12977
intergenic*YOR206W_ARS1521	12978
ARS1521	12979
intergenic*ARS1521_YOR207C	12980
YOR207C	12981
intergenic*YOR207C_YOR208W	12982
YOR208W	12983
intergenic*YOR208W_YOR209C	12984
YOR209C	12985
intergenic*YOR209C_YOR210W	12986
YOR210W	12987
intergenic*YOR210W_YOR211C	12988
YOR211C	12989
intergenic*YOR211C_YOR212W	12990
YOR212W	12991
intergenic*YOR212W_YOR213C	12992
YOR213C	12993
intergenic*YOR213C_YOR214C	12994
YOR214C	12995
intergenic*YOR214C_YOR215C	12996
YOR215C	12997
intergenic*YOR215C_YOR216C	12998
YOR216C	12999
intergenic*YOR216C_YOR217W	13000
YOR217W	13001
YOR218C	13002
intergenic*YOR218C_YOR219C	13003
YOR219C	13004
intergenic*YOR219C_YOR220W	13005
YOR220W	13006
intergenic*YOR220W_YOR221C	13007
YOR221C	13008
intergenic*YOR221C_YOR222W	13009
YOR222W	13010
intergenic*YOR222W_snR35	13011
snR35	13012
intergenic*snR35_YOR223W	13013
YOR223W	13014
intergenic*YOR223W_YOR224C	13015
YOR224C	13016
intergenic*YOR224C_YOR225W	13017
YOR225W	13018
YOR226C	13019
intergenic*YOR226C_YOR227W	13020
YOR227W	13021
intergenic*YOR227W_ARS1523	13022
ARS1523	13023
intergenic*ARS1523_YOR228C	13024
YOR228C	13025
intergenic*YOR228C_YOR229W	13026
YOR229W	13027
intergenic*YOR229W_YOR230W	13028
YOR230W	13029
intergenic*YOR230W_YOR231W	13030
YOR231W	13031
YOR231C-A	13032
intergenic*YOR231W_YOR232W	13033
YOR232W	13034
intergenic*YOR232W_YOR233W	13035
YOR233W	13036
intergenic*YOR233W_YOR234C	13037
YOR234C	13038
intergenic*YOR234C_YOR235W	13039
YOR235W	13040
snR17a	13041
intergenic*snR17a_YOR236W	13042
YOR236W	13043
intergenic*YOR236W_YOR237W	13044
YOR237W	13045
intergenic*YOR237W_ARS1524	13046
ARS1524	13047
intergenic*ARS1524_YOR238W	13048
YOR238W	13049
intergenic*YOR238W_YOR239W	13050
YOR239W	13051
intergenic*YOR239W_YOR241W	13052
YOR241W	13053
intergenic*YOR241W_YOR242C	13054
YOR242C	13055
intergenic*YOR242C_YOR243C	13056
YOR243C	13057
intergenic*YOR243C_YOR244W	13058
YOR244W	13059
intergenic*YOR244W_YOR245C	13060
YOR245C	13061
intergenic*YOR245C_YOR246C	13062
YOR246C	13063
intergenic*YOR246C_YOR247W	13064
YOR247W	13065
YOR248W	13066
intergenic*YOR248W_YOR249C	13067
YOR249C	13068
intergenic*YOR249C_YOR250C	13069
YOR250C	13070
intergenic*YOR250C_YOR251C	13071
YOR251C	13072
intergenic*YOR251C_YOR252W	13073
YOR252W	13074
intergenic*YOR252W_YOR253W	13075
YOR253W	13076
intergenic*YOR253W_YOR254C	13077
YOR254C	13078
intergenic*YOR254C_YOR255W	13079
YOR255W	13080
intergenic*YOR255W_YOR256C	13081
YOR256C	13082
intergenic*YOR256C_YOR257W	13083
YOR257W	13084
intergenic*YOR257W_YOR258W	13085
YOR258W	13086
intergenic*YOR258W_YOR259C	13087
YOR259C	13088
intergenic*YOR259C_YOR260W	13089
YOR260W	13090
intergenic*YOR260W_YOR261C	13091
YOR261C	13092
intergenic*YOR261C_YOR262W	13093
YOR262W	13094
intergenic*YOR262W_YOR263C	13095
YOR263C	13096
YOR264W	13097
intergenic*YOR264W_YOR265W	13098
YOR265W	13099
intergenic*YOR265W_YOR266W	13100
YOR266W	13101
intergenic*YOR266W_YOR267C	13102
YOR267C	13103
intergenic*YOR267C_YOR268C	13104
YOR268C	13105
intergenic*YOR268C_YOR269W	13106
YOR269W	13107
intergenic*YOR269W_YOR270C	13108
YOR270C	13109
intergenic*YOR270C_YOR271C	13110
YOR271C	13111
intergenic*YOR271C_snR8	13112
snR8	13113
intergenic*snR8_YOR272W	13114
YOR272W	13115
intergenic*YOR272W_YOR273C	13116
YOR273C	13117
intergenic*YOR273C_YOR274W	13118
YOR274W	13119
intergenic*YOR274W_YOR275C	13120
YOR275C	13121
intergenic*YOR275C_YOR276W	13122
YOR276W	13123
YOR277C	13124
intergenic*YOR277C_snR31	13125
snR31	13126
intergenic*snR31_snR5	13127
snR5	13128
intergenic*snR5_YOR278W	13129
YOR278W	13130
intergenic*YOR278W_YOR279C	13131
YOR279C	13132
intergenic*YOR279C_YOR280C	13133
YOR280C	13134
intergenic*YOR280C_YOR281C	13135
YOR281C	13136
YOR282W	13137
intergenic*YOR282W_YOR283W	13138
YOR283W	13139
intergenic*YOR283W_YOR284W	13140
YOR284W	13141
intergenic*YOR284W_YOR285W	13142
YOR285W	13143
intergenic*YOR285W_YOR286W	13144
YOR286W	13145
intergenic*YOR286W_YOR287C	13146
YOR287C	13147
intergenic*YOR287C_YOR288C	13148
YOR288C	13149
intergenic*YOR288C_YOR289W	13150
YOR289W	13151
intergenic*YOR289W_tA(UGC)O	13152
tA(UGC)O	13153
intergenic*tA(UGC)O_YORWsigma3	13154
YORWsigma3	13155
intergenic*YORWsigma3_YOR290C	13156
YOR290C	13157
intergenic*YOR290C_YOR291W	13158
YOR291W	13159
intergenic*YOR291W_YOR292C	13160
YOR292C	13161
intergenic*YOR292C_YOR293W	13162
YOR293W	13163
intergenic*YOR293W_YOR293C-A	13164
YOR293C-A	13165
intergenic*YOR293C-A_YOR294W	13166
YOR294W	13167
intergenic*YOR294W_YOR295W	13168
YOR295W	13169
intergenic*YOR295W_YOR296W	13170
YOR296W	13171
intergenic*YOR296W_ARS1526	13172
ARS1526	13173
intergenic*ARS1526_YOR297C	13174
YOR297C	13175
intergenic*YOR297C_YOR298W	13176
YOR298W	13177
intergenic*YOR298W_YOR298C-A	13178
YOR298C-A	13179
intergenic*YOR298C-A_YOR299W	13180
YOR299W	13181
YOR300W	13182
intergenic*YOR300W_YOR301W	13183
YOR301W	13184
intergenic*YOR301W_YOR302W	13185
YOR302W	13186
intergenic*YOR302W_YOR303W	13187
YOR303W	13188
intergenic*YOR303W_YOR304W	13189
YOR304W	13190
intergenic*YOR304W_YOR304C-A	13191
YOR304C-A	13192
intergenic*YOR304C-A_YOR305W	13193
YOR305W	13194
intergenic*YOR305W_YOR306C	13195
YOR306C	13196
intergenic*YOR306C_YOR307C	13197
YOR307C	13198
intergenic*YOR307C_YOR308C	13199
YOR308C	13200
intergenic*YOR308C_YOR309C	13201
YOR309C	13202
YOR310C	13203
intergenic*YOR310C_YOR311C	13204
YOR311C	13205
intergenic*YOR311C_YOR312C	13206
YOR312C	13207
intergenic*YOR312C_YOR313C	13208
YOR313C	13209
intergenic*YOR313C_YOR314W	13210
YOR314W	13211
intergenic*YOR314W_YOR314W-A	13212
YOR314W-A	13213
intergenic*YOR314W-A_YOR315W	13214
YOR315W	13215
intergenic*YOR315W_YOR316C	13216
YOR316C	13217
intergenic*YOR316C_YOR316C-A	13218
YOR316C-A	13219
intergenic*YOR316C-A_ARS1528	13220
ARS1528	13221
intergenic*ARS1528_YOR317W	13222
YOR317W	13223
intergenic*YOR317W_YOR318C	13224
YOR318C	13225
intergenic*YOR318C_YOR319W	13226
YOR319W	13227
intergenic*YOR319W_YOR320C	13228
YOR320C	13229
intergenic*YOR320C_YOR321W	13230
YOR321W	13231
intergenic*YOR321W_YOR322C	13232
YOR322C	13233
intergenic*YOR322C_YOR323C	13234
YOR323C	13235
intergenic*YOR323C_YOR324C	13236
YOR324C	13237
YOR325W	13238
intergenic*YOR325W_YOR326W	13239
YOR326W	13240
intergenic*YOR326W_YOR327C	13241
YOR327C	13242
intergenic*YOR327C_YOR328W	13243
YOR328W	13244
intergenic*YOR328W_YOR329C	13245
YOR329C	13246
YOR329W-A	13247
intergenic*YOR329W-A_YOR330C	13248
YOR330C	13249
intergenic*YOR330C_YOR331C	13250
YOR331C	13251
YOR332W	13252
intergenic*YOR332W_YOR333C	13253
YOR333C	13254
YOR334W	13255
intergenic*YOR334W_YOR335C	13256
YOR335C	13257
YOR335W-A	13258
intergenic*YOR335C_YOR336W	13259
YOR336W	13260
intergenic*YOR336W_YOR337W	13261
YOR337W	13262
intergenic*YOR337W_YOR338W	13263
YOR338W	13264
intergenic*YOR338W_YOR339C	13265
YOR339C	13266
intergenic*YOR339C_YOR340C	13267
YOR340C	13268
intergenic*YOR340C_YOR341W	13269
YOR341W	13270
intergenic*YOR341W_YOR342C	13271
YOR342C	13272
intergenic*YOR342C_YOR343C	13273
YOR343C	13274
intergenic*YOR343C_YORWsigma4	13275
YORWsigma4	13276
YORWdelta22	13277
intergenic*YORWdelta22_YORWTy2-2	13278
YORWdelta23	13279
YORWTy2-2	13280
YOR343W-A	13281
YOR343W-B	13282
YORWdelta24	13283
intergenic*YORWTy2-2_tM(CAU)O2	13284
tM(CAU)O2	13285
intergenic*tM(CAU)O2_YOR344C	13286
YOR344C	13287
intergenic*YOR344C_YORCdelta25	13288
YORCdelta25	13289
intergenic*YORCdelta25_tP(UGG)O3	13290
tP(UGG)O3	13291
intergenic*tP(UGG)O3_ARS1529	13292
ARS1529	13293
intergenic*ARS1529_YOR345C	13294
YOR345C	13295
YOR346W	13296
intergenic*YOR346W_YOR347C	13297
YOR347C	13298
intergenic*YOR347C_YOR348C	13299
YOR348C	13300
intergenic*YOR348C_YOR349W	13301
YOR349W	13302
intergenic*YOR349W_YOR350C	13303
YOR350C	13304
intergenic*YOR350C_YOR351C	13305
YOR351C	13306
intergenic*YOR351C_YOR352W	13307
YOR352W	13308
intergenic*YOR352W_YOR353C	13309
YOR353C	13310
intergenic*YOR353C_YOR354C	13311
YOR354C	13312
intergenic*YOR354C_YOR355W	13313
YOR355W	13314
intergenic*YOR355W_YOR356W	13315
YOR356W	13316
intergenic*YOR356W_YOR357C	13317
YOR357C	13318
intergenic*YOR357C_YOR358W	13319
YOR358W	13320
intergenic*YOR358W_YOR359W	13321
YOR359W	13322
intergenic*YOR359W_YOR360C	13323
YOR360C	13324
intergenic*YOR360C_YOR361C	13325
YOR361C	13326
intergenic*YOR361C_YOR362C	13327
YOR362C	13328
intergenic*YOR362C_YOR363C	13329
YOR363C	13330
intergenic*YOR363C_YOR364W	13331
YOR364W	13332
YOR365C	13333
YOR366W	13334
intergenic*YOR366W_YOR367W	13335
YOR367W	13336
intergenic*YOR367W_YOR368W	13337
YOR368W	13338
intergenic*YOR368W_YOR369C	13339
YOR369C	13340
intergenic*YOR369C_YOR370C	13341
YOR370C	13342
intergenic*YOR370C_YOR371C	13343
YOR371C	13344
intergenic*YOR371C_YOR372C	13345
YOR372C	13346
intergenic*YOR372C_YOR373W	13347
YOR373W	13348
intergenic*YOR373W_YOR374W	13349
YOR374W	13350
intergenic*YOR374W_YOR375C	13351
YOR375C	13352
intergenic*YOR375C_YOR376W	13353
YOR376W	13354
intergenic*YOR376W_YOR376W-A	13355
YOR376W-A	13356
intergenic*YOR376W-A_YOR377W	13357
YOR377W	13358
intergenic*YOR377W_YOR378W	13359
YOR378W	13360
YOR379C	13361
intergenic*YOR379C_YOR380W	13362
YOR380W	13363
intergenic*YOR380W_YOR381W	13364
YOR381W	13365
intergenic*YOR381W_YOR381W-A	13366
YOR381W-A	13367
intergenic*YOR381W-A_YOR382W	13368
YOR382W	13369
intergenic*YOR382W_YOR383C	13370
YOR383C	13371
intergenic*YOR383C_YOR384W	13372
YOR384W	13373
intergenic*YOR384W_YOR385W	13374
YOR385W	13375
intergenic*YOR385W_YOR386W	13376
YOR386W	13377
intergenic*YOR386W_YOR387C	13378
YOR387C	13379
intergenic*YOR387C_YOR388C	13380
YOR388C	13381
intergenic*YOR388C_YOR389W	13382
YOR389W	13383
intergenic*YOR389W_YOR390W	13384
YOR390W	13385
intergenic*YOR390W_YOR391C	13386
YOR391C	13387
intergenic*YOR391C_YOR392W	13388
YOR392W	13389
intergenic*YOR392W_YOR393W	13390
YOR393W	13391
intergenic*YOR393W_YOR394W	13392
YOR394W	13393
intergenic*YOR394W_TEL15R	13394
TEL15R	13395
YOR394C-A	13396
YOR396W	13397
YOR396C-A	13398
TEL16L	13399
YPL283C	13400
YPL283W-B	13401
YPL283W-A	13402
intergenic*TEL16L_YPL282C	13403
YPL282C	13404
intergenic*YPL282C_YPL281C	13405
YPL281C	13406
intergenic*YPL281C_YPL280W	13407
YPL280W	13408
intergenic*YPL280W_YPL279C	13409
YPL279C	13410
intergenic*YPL279C_YPL278C	13411
YPL278C	13412
intergenic*YPL278C_YPL277C	13413
YPL277C	13414
intergenic*YPL277C_ARS1603	13415
ARS1603	13416
intergenic*ARS1603_YPL274W	13417
YPL274W	13418
intergenic*YPL274W_YPL273W	13419
YPL273W	13420
intergenic*YPL273W_YPL272C	13421
YPL272C	13422
intergenic*YPL272C_YPL271W	13423
YPL271W	13424
intergenic*YPL271W_YPL270W	13425
YPL270W	13426
intergenic*YPL270W_YPL269W	13427
YPL269W	13428
intergenic*YPL269W_YPL268W	13429
YPL268W	13430
intergenic*YPL268W_YPL267W	13431
YPL267W	13432
intergenic*YPL267W_YPL266W	13433
YPL266W	13434
intergenic*YPL266W_YPL265W	13435
YPL265W	13436
intergenic*YPL265W_ARS1604	13437
ARS1604	13438
intergenic*ARS1604_YPL264C	13439
YPL264C	13440
intergenic*YPL264C_YPL263C	13441
YPL263C	13442
intergenic*YPL263C_YPL262W	13443
YPL262W	13444
intergenic*YPL262W_YPL261C	13445
YPL261C	13446
YPL260W	13447
intergenic*YPL260W_YPL259C	13448
YPL259C	13449
intergenic*YPL259C_YPL258C	13450
YPL258C	13451
intergenic*YPL258C_YPLCdelta1	13452
YPLCdelta1	13453
intergenic*YPLCdelta1_tW(CCA)P	13454
tW(CCA)P	13455
intergenic*tW(CCA)P_YPLWsigma1	13456
YPLWsigma1	13457
intergenic*YPLWsigma1_YPLWdelta2	13458
YPLWdelta2	13459
YPLWdelta3	13460
YPLWTy1-1	13461
YPL257W-A	13462
YPL257W-B	13463
YPLWdelta4	13464
intergenic*YPLWTy1-1_YPLWdelta5	13465
YPLWdelta5	13466
intergenic*YPLWdelta5_YPLWdelta6	13467
YPLWdelta6	13468
intergenic*YPLWdelta6_YPL257W	13469
YPL257W	13470
intergenic*YPL257W_YPL256C	13471
YPL256C	13472
intergenic*YPL256C_YPL255W	13473
YPL255W	13474
intergenic*YPL255W_YPL254W	13475
YPL254W	13476
intergenic*YPL254W_YPL253C	13477
YPL253C	13478
intergenic*YPL253C_ARS1605	13479
ARS1605	13480
intergenic*ARS1605_YPL252C	13481
YPL252C	13482
YPL251W	13483
intergenic*YPL251W_YPL250C	13484
YPL250C	13485
intergenic*YPL250C_YPL249C-A	13486
YPL249C-A	13487
YPL250W-A	13488
intergenic*YPL249C-A_YPL249C	13489
YPL249C	13490
intergenic*YPL249C_YPL248C	13491
YPL248C	13492
intergenic*YPL248C_YPL247C	13493
YPL247C	13494
intergenic*YPL247C_YPL246C	13495
YPL246C	13496
intergenic*YPL246C_YPL245W	13497
YPL245W	13498
intergenic*YPL245W_YPL244C	13499
YPL244C	13500
intergenic*YPL244C_YPL243W	13501
YPL243W	13502
intergenic*YPL243W_YPL242C	13503
YPL242C	13504
intergenic*YPL242C_YPL241C	13505
YPL241C	13506
intergenic*YPL241C_YPL240C	13507
YPL240C	13508
intergenic*YPL240C_YPL239W	13509
YPL239W	13510
intergenic*YPL239W_YPL238C	13511
YPL238C	13512
YPL237W	13513
intergenic*YPL237W_YPL236C	13514
YPL236C	13515
intergenic*YPL236C_YPL235W	13516
YPL235W	13517
intergenic*YPL235W_YPL234C	13518
YPL234C	13519
intergenic*YPL234C_YPL233W	13520
YPL233W	13521
intergenic*YPL233W_YPL232W	13522
YPL232W	13523
intergenic*YPL232W_YPL231W	13524
YPL231W	13525
intergenic*YPL231W_YPL230W	13526
YPL230W	13527
intergenic*YPL230W_ARS1607	13528
ARS1607	13529
intergenic*ARS1607_YPL229W	13530
YPL229W	13531
intergenic*YPL229W_YPL228W	13532
YPL228W	13533
intergenic*YPL228W_YPL227C	13534
YPL227C	13535
intergenic*YPL227C_YPL226W	13536
YPL226W	13537
intergenic*YPL226W_YPL225W	13538
YPL225W	13539
intergenic*YPL225W_YPL224C	13540
YPL224C	13541
intergenic*YPL224C_YPL223C	13542
YPL223C	13543
intergenic*YPL223C_YPL222W	13544
YPL222W	13545
YPL222C-A	13546
intergenic*YPL222W_YPL221W	13547
YPL221W	13548
intergenic*YPL221W_YPL220W	13549
YPL220W	13550
intergenic*YPL220W_YPL219W	13551
YPL219W	13552
intergenic*YPL219W_YPL218W	13553
YPL218W	13554
intergenic*YPL218W_YPL217C	13555
YPL217C	13556
intergenic*YPL217C_YPL216W	13557
YPL216W	13558
intergenic*YPL216W_YPL215W	13559
YPL215W	13560
intergenic*YPL215W_YPL214C	13561
YPL214C	13562
intergenic*YPL214C_YPL213W	13563
YPL213W	13564
intergenic*YPL213W_YPL212C	13565
YPL212C	13566
intergenic*YPL212C_YPL211W	13567
YPL211W	13568
intergenic*YPL211W_YPL210C	13569
YPL210C	13570
intergenic*YPL210C_YPL209C	13571
YPL209C	13572
intergenic*YPL209C_YPL208W	13573
YPL208W	13574
intergenic*YPL208W_YPL206C	13575
YPL207W	13576
ARS1608	13577
YPL206C	13578
intergenic*YPL206C_YPL205C	13579
YPL205C	13580
intergenic*YPL205C_YPL204W	13581
YPL204W	13582
intergenic*YPL204W_YPL203W	13583
YPL203W	13584
intergenic*YPL203W_YPL202C	13585
YPL202C	13586
intergenic*YPL202C_YPL201C	13587
YPL201C	13588
intergenic*YPL201C_YPL200W	13589
YPL200W	13590
intergenic*YPL200W_YPL199C	13591
YPL199C	13592
intergenic*YPL199C_YPL198W	13593
YPL198W	13594
snR59	13595
YPL197C	13596
intergenic*YPL197C_YPL196W	13597
YPL196W	13598
intergenic*YPL196W_YPL195W	13599
YPL195W	13600
intergenic*YPL195W_YPL194W	13601
YPL194W	13602
intergenic*YPL194W_YPL193W	13603
YPL193W	13604
intergenic*YPL193W_YPL192C	13605
YPL192C	13606
intergenic*YPL192C_YPL191C	13607
YPL191C	13608
intergenic*YPL191C_YPL190C	13609
YPL190C	13610
intergenic*YPL190C_YPL189C-A	13611
YPL189C-A	13612
intergenic*YPL189C-A_YPL189W	13613
YPL189W	13614
intergenic*YPL189W_YPL188W	13615
YPL188W	13616
intergenic*YPL188W_YPL187W	13617
YPL187W	13618
intergenic*YPL187W_YPL186C	13619
YPL186C	13620
YPL185W	13621
intergenic*YPL185W_YPL184C	13622
YPL184C	13623
intergenic*YPL184C_YPL183W-A	13624
YPL183W-A	13625
intergenic*YPL183W-A_YPL183C	13626
YPL183C	13627
intergenic*YPL183C_YPL182C	13628
YPL182C	13629
YPL181W	13630
intergenic*YPL181W_YPL180W	13631
YPL180W	13632
intergenic*YPL180W_YPL179W	13633
YPL179W	13634
intergenic*YPL179W_tE(UUC)P	13635
tE(UUC)P	13636
intergenic*tE(UUC)P_YPLWdelta7	13637
YPLWdelta7	13638
intergenic*YPLWdelta7_YPLWdelta8	13639
YPLWdelta8	13640
intergenic*YPLWdelta8_YPL178W	13641
YPL178W	13642
intergenic*YPL178W_YPL177C	13643
YPL177C	13644
intergenic*YPL177C_YPL176C	13645
YPL176C	13646
intergenic*YPL176C_YPL174C	13647
YPL175W	13648
ARS1611	13649
YPL174C	13650
intergenic*YPL174C_YPL173W	13651
YPL173W	13652
intergenic*YPL173W_YPL172C	13653
YPL172C	13654
intergenic*YPL172C_YPL171C	13655
YPL171C	13656
intergenic*YPL171C_YPL170W	13657
YPL170W	13658
intergenic*YPL170W_YPL169C	13659
YPL169C	13660
intergenic*YPL169C_YPL168W	13661
YPL168W	13662
intergenic*YPL168W_YPL167C	13663
YPL167C	13664
intergenic*YPL167C_YPL166W	13665
YPL166W	13666
YPL165C	13667
intergenic*YPL165C_YPL164C	13668
YPL164C	13669
intergenic*YPL164C_YPL163C	13670
YPL163C	13671
intergenic*YPL163C_YPL162C	13672
YPL162C	13673
intergenic*YPL162C_YPL161C	13674
YPL161C	13675
intergenic*YPL161C_YPL160W	13676
YPL160W	13677
intergenic*YPL160W_YPL159C	13678
YPL159C	13679
intergenic*YPL159C_YPL158C	13680
YPL158C	13681
intergenic*YPL158C_YPL157W	13682
YPL157W	13683
intergenic*YPL157W_YPL156C	13684
YPL156C	13685
intergenic*YPL156C_YPL155C	13686
YPL155C	13687
intergenic*YPL155C_YPL153C	13688
YPL154C	13689
ARS1612	13690
YPL153C	13691
intergenic*YPL153C_YPL152W-A	13692
YPL152W-A	13693
intergenic*YPL152W-A_YPL152W	13694
YPL152W	13695
intergenic*YPL152W_YPL151C	13696
YPL151C	13697
intergenic*YPL151C_YPL150W	13698
YPL150W	13699
intergenic*YPL150W_YPL149W	13700
YPL149W	13701
intergenic*YPL149W_YPL148C	13702
YPL148C	13703
intergenic*YPL148C_YPL147W	13704
YPL147W	13705
intergenic*YPL147W_YPL146C	13706
YPL146C	13707
intergenic*YPL146C_YPL145C	13708
YPL145C	13709
intergenic*YPL145C_YPL144W	13710
YPL144W	13711
intergenic*YPL144W_snR17b	13712
snR17b	13713
intergenic*snR17b_YPL143W	13714
YPL143W	13715
YPL142C	13716
intergenic*YPL142C_YPL141C	13717
YPL141C	13718
intergenic*YPL141C_YPL140C	13719
YPL140C	13720
intergenic*YPL140C_ARS1614	13721
ARS1614	13722
YPL139C	13723
intergenic*YPL139C_YPL138C	13724
YPL138C	13725
intergenic*YPL138C_YPL137C	13726
YPL137C	13727
YPL136W	13728
intergenic*YPL136W_YPL135W	13729
YPL135W	13730
YPL135C-A	13731
intergenic*YPL135W_YPL134C	13732
YPL134C	13733
intergenic*YPL134C_YPL133C	13734
YPL133C	13735
intergenic*YPL133C_YPL132W	13736
YPL132W	13737
intergenic*YPL132W_YPL131W	13738
YPL131W	13739
intergenic*YPL131W_YPL130W	13740
YPL130W	13741
intergenic*YPL130W_YPL129W	13742
YPL129W	13743
intergenic*YPL129W_YPL128C	13744
YPL128C	13745
intergenic*YPL128C_YPL127C	13746
YPL127C	13747
intergenic*YPL127C_YPL126W	13748
YPL126W	13749
intergenic*YPL126W_YPL125W	13750
YPL125W	13751
intergenic*YPL125W_YPL124W	13752
YPL124W	13753
intergenic*YPL124W_YPL123C	13754
YPL123C	13755
intergenic*YPL123C_YPL122C	13756
YPL122C	13757
intergenic*YPL122C_YPL121C	13758
YPL121C	13759
intergenic*YPL121C_YPL120W	13760
YPL120W	13761
intergenic*YPL120W_YPL119C-A	13762
YPL119C-A	13763
intergenic*YPL119C-A_YPL119C	13764
YPL119C	13765
intergenic*YPL119C_YPL118W	13766
YPL118W	13767
intergenic*YPL118W_YPL117C	13768
YPL117C	13769
intergenic*YPL117C_YPL115C	13770
YPL116W	13771
ARS1617	13772
YPL115C	13773
intergenic*YPL115C_YPL114W	13774
YPL114W	13775
YPL113C	13776
intergenic*YPL113C_YPL112C	13777
YPL112C	13778
intergenic*YPL112C_tM(CAU)P	13779
tM(CAU)P	13780
intergenic*tM(CAU)P_YPL111W	13781
YPL111W	13782
intergenic*YPL111W_YPL110C	13783
YPL110C	13784
intergenic*YPL110C_YPL109C	13785
YPL109C	13786
intergenic*YPL109C_YPL108W	13787
YPL108W	13788
intergenic*YPL108W_YPL107W	13789
YPL107W	13790
intergenic*YPL107W_YPL106C	13791
YPL106C	13792
intergenic*YPL106C_YPL105C	13793
YPL105C	13794
intergenic*YPL105C_YPL104W	13795
YPL104W	13796
intergenic*YPL104W_YPL103C	13797
YPL103C	13798
intergenic*YPL103C_YPL102C	13799
YPL102C	13800
YPL101W	13801
intergenic*YPL101W_YPL100W	13802
YPL100W	13803
intergenic*YPL100W_YPL099C	13804
YPL099C	13805
intergenic*YPL099C_YPL098C	13806
YPL098C	13807
intergenic*YPL098C_YPL097W	13808
YPL097W	13809
intergenic*YPL097W_YPL096C-A	13810
YPL096C-A	13811
intergenic*YPL096C-A_YPL096W	13812
YPL096W	13813
intergenic*YPL096W_YPL095C	13814
YPL095C	13815
intergenic*YPL095C_YPL094C	13816
YPL094C	13817
intergenic*YPL094C_YPL093W	13818
YPL093W	13819
intergenic*YPL093W_YPL092W	13820
YPL092W	13821
intergenic*YPL092W_YPL091W	13822
YPL091W	13823
intergenic*YPL091W_YPL090C	13824
YPL090C	13825
intergenic*YPL090C_YPL089C	13826
YPL089C	13827
intergenic*YPL089C_YPL088W	13828
YPL088W	13829
intergenic*YPL088W_YPL087W	13830
YPL087W	13831
intergenic*YPL087W_ARS1618	13832
ARS1618	13833
YPL086C	13834
intergenic*YPL086C_YPL085W	13835
YPL085W	13836
intergenic*YPL085W_YPL084W	13837
YPL084W	13838
intergenic*YPL084W_YPL083C	13839
YPL083C	13840
intergenic*YPL083C_YPL082C	13841
YPL082C	13842
intergenic*YPL082C_YPL081W	13843
YPL081W	13844
intergenic*YPL081W_YPL080C	13845
YPL080C	13846
intergenic*YPL080C_YPL079W	13847
YPL079W	13848
intergenic*YPL079W_YPL078C	13849
YPL078C	13850
intergenic*YPL078C_YPL077C	13851
YPL077C	13852
intergenic*YPL077C_YPL076W	13853
YPL076W	13854
intergenic*YPL076W_YPL075W	13855
YPL075W	13856
intergenic*YPL075W_YPL074W	13857
YPL074W	13858
intergenic*YPL074W_ARS1619	13859
ARS1619	13860
intergenic*ARS1619_YPL073C	13861
YPL073C	13862
YPL072W	13863
intergenic*YPL072W_YPL071C	13864
YPL071C	13865
intergenic*YPL071C_YPL069C	13866
YPL070W	13867
ARS1620	13868
YPL069C	13869
intergenic*YPL069C_YPL068C	13870
YPL068C	13871
intergenic*YPL068C_YPL067C	13872
YPL067C	13873
intergenic*YPL067C_YPL066W	13874
YPL066W	13875
intergenic*YPL066W_YPL065W	13876
YPL065W	13877
intergenic*YPL065W_YPL064C	13878
YPL064C	13879
intergenic*YPL064C_YPL063W	13880
YPL063W	13881
intergenic*YPL063W_YPL062W	13882
YPL062W	13883
intergenic*YPL062W_YPL061W	13884
YPL061W	13885
intergenic*YPL061W_YPL060W	13886
YPL060W	13887
intergenic*YPL060W_tC(GCA)P1	13888
tC(GCA)P1	13889
intergenic*tC(GCA)P1_YPLWdelta9	13890
YPLWdelta9	13891
YPLCdelta10	13892
intergenic*YPLCdelta10_YPLWdelta11	13893
YPLWdelta11	13894
intergenic*YPLWdelta11_YPLCTy4-1	13895
YPLCtau1	13896
YPLCTy4-1	13897
YPL060C-A	13898
YPLCtau2	13899
intergenic*YPLCTy4-1_YPL059W	13900
YPL059W	13901
intergenic*YPL059W_YPL058C	13902
YPL058C	13903
intergenic*YPL058C_YPL057C	13904
YPL057C	13905
intergenic*YPL057C_YPL056C	13906
YPL056C	13907
intergenic*YPL056C_YPL055C	13908
YPL055C	13909
intergenic*YPL055C_YPL054W	13910
YPL054W	13911
ARS1633	13912
intergenic*ARS1633_YPL053C	13913
YPL053C	13914
intergenic*YPL053C_YPL052W	13915
YPL052W	13916
intergenic*YPL052W_YPL051W	13917
YPL051W	13918
intergenic*YPL051W_YPL050C	13919
YPL050C	13920
intergenic*YPL050C_YPL049C	13921
YPL049C	13922
intergenic*YPL049C_YPL048W	13923
YPL048W	13924
intergenic*YPL048W_YPL047W	13925
YPL047W	13926
intergenic*YPL047W_YPL046C	13927
YPL046C	13928
intergenic*YPL046C_YPL045W	13929
YPL045W	13930
intergenic*YPL045W_YPL044C	13931
YPL044C	13932
YPL043W	13933
intergenic*YPL043W_YPL042C	13934
YPL042C	13935
intergenic*YPL042C_YPL041C	13936
YPL041C	13937
intergenic*YPL041C_YPL040C	13938
YPL040C	13939
intergenic*YPL040C_YPL039W	13940
YPL039W	13941
intergenic*YPL039W_YPL038W-A	13942
YPL038W-A	13943
intergenic*YPL038W-A_YPL038W	13944
YPL038W	13945
intergenic*YPL038W_YPL037C	13946
YPL037C	13947
intergenic*YPL037C_YPL036W	13948
YPL036W	13949
intergenic*YPL036W_YPL035C	13950
YPL035C	13951
YPL034W	13952
intergenic*YPL034W_YPL033C	13953
YPL033C	13954
intergenic*YPL033C_YPL032C	13955
YPL032C	13956
intergenic*YPL032C_YPL031C	13957
YPL031C	13958
intergenic*YPL031C_YPL030W	13959
YPL030W	13960
intergenic*YPL030W_YPL029W	13961
YPL029W	13962
intergenic*YPL029W_YPL028W	13963
YPL028W	13964
intergenic*YPL028W_YPL027W	13965
YPL027W	13966
intergenic*YPL027W_YPL026C	13967
YPL026C	13968
intergenic*YPL026C_YPL025C	13969
YPL025C	13970
intergenic*YPL025C_YPL024W	13971
YPL024W	13972
intergenic*YPL024W_YPL023C	13973
YPL023C	13974
intergenic*YPL023C_YPL022W	13975
YPL022W	13976
intergenic*YPL022W_YPL021W	13977
YPL021W	13978
ARS1621	13979
intergenic*ARS1621_YPL020C	13980
YPL020C	13981
intergenic*YPL020C_YPL019C	13982
YPL019C	13983
intergenic*YPL019C_YPL018W	13984
YPL018W	13985
YPL017C	13986
intergenic*YPL017C_YPL016W	13987
YPL016W	13988
intergenic*YPL016W_YPL015C	13989
YPL015C	13990
intergenic*YPL015C_YPL014W	13991
YPL014W	13992
intergenic*YPL014W_YPL013C	13993
YPL013C	13994
intergenic*YPL013C_YPL012W	13995
YPL012W	13996
intergenic*YPL012W_YPL011C	13997
YPL011C	13998
intergenic*YPL011C_YPL010W	13999
YPL010W	14000
intergenic*YPL010W_YPL009C	14001
YPL009C	14002
intergenic*YPL009C_YPL008W	14003
YPL008W	14004
intergenic*YPL008W_YPL007C	14005
YPL007C	14006
intergenic*YPL007C_YPL006W	14007
YPL006W	14008
intergenic*YPL006W_YPL005W	14009
YPL005W	14010
intergenic*YPL005W_YPL004C	14011
YPL004C	14012
intergenic*YPL004C_YPL003W	14013
YPL003W	14014
intergenic*YPL003W_YPL002C	14015
YPL002C	14016
intergenic*YPL002C_YPL001W	14017
YPL001W	14018
intergenic*YPL001W_CEN16	14019
CEN16	14020
intergenic*CEN16_YPR001W	14021
YPR001W	14022
intergenic*YPR001W_YPR002W	14023
YPR002W	14024
intergenic*YPR002W_tF(GAA)P1	14025
tF(GAA)P1	14026
intergenic*tF(GAA)P1_YPRWdelta12	14027
YPRWdelta12	14028
YPR002C-A	14029
intergenic*YPRWdelta12_YPR003C	14030
YPR003C	14031
intergenic*YPR003C_ARS1622	14032
ARS1622	14033
intergenic*ARS1622_YPR004C	14034
YPR004C	14035
intergenic*YPR004C_ARS1634	14036
ARS1634	14037
intergenic*ARS1634_YPR005C	14038
YPR005C	14039
intergenic*YPR005C_YPR006C	14040
YPR006C	14041
intergenic*YPR006C_YPR007C	14042
YPR007C	14043
intergenic*YPR007C_YPRCdelta13	14044
YPRCdelta13	14045
intergenic*YPRCdelta13_tG(GCC)P1	14046
tG(GCC)P1	14047
intergenic*tG(GCC)P1_YPR008W	14048
YPR008W	14049
intergenic*YPR008W_YPR009W	14050
YPR009W	14051
intergenic*YPR009W_YPR010C	14052
YPR010C	14053
intergenic*YPR010C_tK(CUU)P	14054
tK(CUU)P	14055
intergenic*tK(CUU)P_YPR010C-A	14056
YPR010C-A	14057
intergenic*YPR010C-A_YPR011C	14058
YPR011C	14059
intergenic*YPR011C_YPR012W	14060
YPR012W	14061
intergenic*YPR012W_YPR013C	14062
YPR013C	14063
intergenic*YPR013C_YPR014C	14064
YPR014C	14065
intergenic*YPR014C_YPR015C	14066
YPR015C	14067
intergenic*YPR015C_YPR016C	14068
YPR016C	14069
intergenic*YPR016C_YPR016W-A	14070
YPR016W-A	14071
intergenic*YPR016W-A_YPR017C	14072
YPR017C	14073
intergenic*YPR017C_YPR018W	14074
YPR018W	14075
intergenic*YPR018W_YPR019W	14076
YPR019W	14077
intergenic*YPR019W_YPR020W	14078
YPR020W	14079
intergenic*YPR020W_YPR021C	14080
YPR021C	14081
intergenic*YPR021C_YPR022C	14082
YPR022C	14083
intergenic*YPR022C_YPR023C	14084
YPR023C	14085
intergenic*YPR023C_YPR024W	14086
YPR024W	14087
intergenic*YPR024W_YPR025C	14088
YPR025C	14089
intergenic*YPR025C_YPR026W	14090
YPR026W	14091
intergenic*YPR026W_YPR027C	14092
YPR027C	14093
intergenic*YPR027C_tF(GAA)P2	14094
tF(GAA)P2	14095
intergenic*tF(GAA)P2_YPR028W	14096
YPR028W	14097
intergenic*YPR028W_YPR029C	14098
YPR029C	14099
intergenic*YPR029C_YPR030W	14100
YPR030W	14101
intergenic*YPR030W_YPR031W	14102
YPR031W	14103
intergenic*YPR031W_ARS1623	14104
ARS1623	14105
YPR032W	14106
intergenic*YPR032W_YPR033C	14107
YPR033C	14108
intergenic*YPR033C_YPR034W	14109
YPR034W	14110
intergenic*YPR034W_YPR035W	14111
YPR035W	14112
intergenic*YPR035W_YPR036W	14113
YPR036W	14114
intergenic*YPR036W_YPR036W-A	14115
YPR036W-A	14116
intergenic*YPR036W-A_YPR037C	14117
YPR037C	14118
YPR038W	14119
YPR039W	14120
YPR040W	14121
intergenic*YPR040W_YPR041W	14122
YPR041W	14123
intergenic*YPR041W_YPR042C	14124
YPR042C	14125
intergenic*YPR042C_YPR043W	14126
YPR043W	14127
YPR044C	14128
intergenic*YPR044C_YPR045C	14129
YPR045C	14130
intergenic*YPR045C_YPR046W	14131
YPR046W	14132
intergenic*YPR046W_YPR047W	14133
YPR047W	14134
intergenic*YPR047W_YPR048W	14135
YPR048W	14136
intergenic*YPR048W_YPR049C	14137
YPR049C	14138
intergenic*YPR049C_YPR050C	14139
YPR050C	14140
YPR051W	14141
intergenic*YPR051W_YPR052C	14142
YPR052C	14143
YPR053C	14144
intergenic*YPR053C_YPR054W	14145
YPR054W	14146
intergenic*YPR054W_YPR055W	14147
YPR055W	14148
intergenic*YPR055W_YPR056W	14149
YPR056W	14150
intergenic*YPR056W_YPR057W	14151
YPR057W	14152
intergenic*YPR057W_YPR058W	14153
YPR058W	14154
YPR059C	14155
intergenic*YPR059C_YPR060C	14156
YPR060C	14157
intergenic*YPR060C_YPR061C	14158
YPR061C	14159
intergenic*YPR061C_YPR062W	14160
YPR062W	14161
intergenic*YPR062W_YPR063C	14162
YPR063C	14163
intergenic*YPR063C_YPR064W	14164
YPR064W	14165
intergenic*YPR064W_YPR065W	14166
YPR065W	14167
intergenic*YPR065W_YPR066W	14168
YPR066W	14169
intergenic*YPR066W_YPR067W	14170
YPR067W	14171
intergenic*YPR067W_YPR068C	14172
YPR068C	14173
intergenic*YPR068C_ARS1624	14174
ARS1624	14175
YPR069C	14176
intergenic*YPR069C_YPR070W	14177
YPR070W	14178
intergenic*YPR070W_YPR071W	14179
YPR071W	14180
intergenic*YPR071W_tS(UGA)P	14181
tS(UGA)P	14182
intergenic*tS(UGA)P_YPR072W	14183
YPR072W	14184
intergenic*YPR072W_YPR073C	14185
YPR073C	14186
intergenic*YPR073C_YPR074C	14187
YPR074C	14188
intergenic*YPR074C_YPR074W-A	14189
YPR074W-A	14190
intergenic*YPR074W-A_ARS1625	14191
ARS1625	14192
intergenic*ARS1625_YPR075C	14193
YPR075C	14194
YPR076W	14195
intergenic*YPR076W_YPR077C	14196
YPR077C	14197
YPR078C	14198
intergenic*YPR078C_YPR079W	14199
YPR079W	14200
intergenic*YPR079W_YPR080W	14201
YPR080W	14202
intergenic*YPR080W_YPR081C	14203
YPR081C	14204
intergenic*YPR081C_YPR082C	14205
YPR082C	14206
intergenic*YPR082C_YPR083W	14207
YPR083W	14208
intergenic*YPR083W_YPR084W	14209
YPR084W	14210
intergenic*YPR084W_YPR085C	14211
YPR085C	14212
intergenic*YPR085C_YPR086W	14213
YPR086W	14214
intergenic*YPR086W_YPR087W	14215
YPR087W	14216
YPR088C	14217
intergenic*YPR088C_YPR089W	14218
YPR089W	14219
intergenic*YPR089W_YPR091C	14220
YPR091C	14221
YPR092W	14222
intergenic*YPR092W_snR51	14223
snR51	14224
intergenic*snR51_snR70	14225
snR70	14226
intergenic*snR70_snR41	14227
snR41	14228
intergenic*snR41_YPR093C	14229
YPR093C	14230
intergenic*YPR093C_YPR094W	14231
YPR094W	14232
intergenic*YPR094W_YPR095C	14233
YPR095C	14234
intergenic*YPR095C_YPR096C	14235
YPR096C	14236
intergenic*YPR096C_YPR097W	14237
YPR097W	14238
intergenic*YPR097W_YPR098C	14239
YPR098C	14240
intergenic*YPR098C_YPR099C	14241
YPR099C	14242
YPR100W	14243
intergenic*YPR100W_YPR101W	14244
YPR101W	14245
intergenic*YPR101W_YPR102C	14246
YPR102C	14247
intergenic*YPR102C_YPR103W	14248
YPR103W	14249
intergenic*YPR103W_YPR104C	14250
YPR104C	14251
intergenic*YPR104C_YPR105C	14252
YPR105C	14253
intergenic*YPR105C_YPR106W	14254
YPR106W	14255
intergenic*YPR106W_YPR107C	14256
YPR107C	14257
intergenic*YPR107C_YPR108W	14258
YPR108W	14259
intergenic*YPR108W_YPR108W-A	14260
YPR108W-A	14261
tT(UGU)P	14262
intergenic*YPR108W-A_YPR109W	14263
YPR109W	14264
intergenic*YPR109W_YPR110C	14265
YPR110C	14266
intergenic*YPR110C_YPR111W	14267
YPR111W	14268
intergenic*YPR111W_ARS1626	14269
ARS1626	14270
YPR112C	14271
intergenic*YPR112C_YPR113W	14272
YPR113W	14273
intergenic*YPR113W_YPR114W	14274
YPR114W	14275
intergenic*YPR114W_YPR115W	14276
YPR115W	14277
intergenic*YPR115W_YPR116W	14278
YPR116W	14279
intergenic*YPR116W_YPR117W	14280
YPR117W	14281
intergenic*YPR117W_YPR118W	14282
YPR118W	14283
intergenic*YPR118W_tK(UUU)P	14284
tK(UUU)P	14285
intergenic*tK(UUU)P_YPRWsigma2	14286
YPRWsigma2	14287
intergenic*YPRWsigma2_YPR119W	14288
YPR119W	14289
intergenic*YPR119W_YPR120C	14290
YPR120C	14291
intergenic*YPR120C_tC(GCA)P2	14292
tC(GCA)P2	14293
intergenic*tC(GCA)P2_YPRWdelta14	14294
YPRWdelta14	14295
intergenic*YPRWdelta14_YPRCdelta15	14296
YPRCdelta15	14297
intergenic*YPRCdelta15_ARS1635	14298
ARS1635	14299
intergenic*ARS1635_YPRWdelta16	14300
YPRWdelta16	14301
intergenic*YPRWdelta16_YPR121W	14302
YPR121W	14303
intergenic*YPR121W_YPR122W	14304
YPR122W	14305
intergenic*YPR122W_YPR123C	14306
YPR123C	14307
YPR124W	14308
intergenic*YPR124W_YPR125W	14309
YPR125W	14310
YPR126C	14311
intergenic*YPR126C_YPR127W	14312
YPR127W	14313
intergenic*YPR127W_YPR128C	14314
YPR128C	14315
intergenic*YPR128C_YPR129W	14316
YPR129W	14317
YPR130C	14318
intergenic*YPR130C_YPR131C	14319
YPR131C	14320
intergenic*YPR131C_YPR132W	14321
YPR132W	14322
intergenic*YPR132W_YPR133C	14323
YPR133C	14324
intergenic*YPR133C_YPR133W-A	14325
YPR133W-A	14326
intergenic*YPR133W-A_YPR134W	14327
YPR134W	14328
intergenic*YPR134W_YPR135W	14329
YPR135W	14330
intergenic*YPR135W_YPR136C	14331
YPR136C	14332
YPR137W	14333
intergenic*YPR137W_YPRWdelta17	14334
YPRWdelta17	14335
intergenic*YPRWdelta17_YPRCTy1-2	14336
YPRCdelta18	14337
YPRCTy1-2	14338
YPR137C-B	14339
YPR137C-A	14340
YPRCdelta19	14341
intergenic*YPRCTy1-2_tN(GUU)P	14342
tN(GUU)P	14343
intergenic*tN(GUU)P_YPR138C	14344
YPR138C	14345
intergenic*YPR138C_YPR139C	14346
YPR139C	14347
intergenic*YPR139C_YPR140W	14348
YPR140W	14349
intergenic*YPR140W_YPR141C	14350
YPR141C	14351
intergenic*YPR141C_YPR142C	14352
YPR142C	14353
YPR143W	14354
intergenic*YPR143W_ARS1627	14355
ARS1627	14356
intergenic*ARS1627_tI(AAU)P1	14357
tI(AAU)P1	14358
intergenic*tI(AAU)P1_YPR144C	14359
YPR144C	14360
intergenic*YPR144C_snR45	14361
snR45	14362
intergenic*snR45_YPR145W	14363
YPR145W	14364
intergenic*YPR145W_YPR145C-A	14365
YPR145C-A	14366
intergenic*YPR145C-A_YPR146C	14367
YPR146C	14368
YPR147C	14369
intergenic*YPR147C_YPR148C	14370
YPR148C	14371
intergenic*YPR148C_YPR149W	14372
YPR149W	14373
intergenic*YPR149W_YPR150W	14374
YPR150W	14375
YPR151C	14376
intergenic*YPR151C_YPR152C	14377
YPR152C	14378
intergenic*YPR152C_YPR153W	14379
YPR153W	14380
intergenic*YPR153W_YPR154W	14381
YPR154W	14382
intergenic*YPR154W_YPR155C	14383
YPR155C	14384
intergenic*YPR155C_YPR156C	14385
YPR156C	14386
intergenic*YPR156C_YPR157W	14387
YPR157W	14388
ARS1628	14389
intergenic*ARS1628_YPR158W	14390
YPR158W	14391
intergenic*YPR158W_YPRWTy1-3	14392
YPRWdelta20	14393
YPRWTy1-3	14394
YPR158W-A	14395
YPR158W-B	14396
YPRWdelta21	14397
intergenic*YPRWTy1-3_YPRCdelta22	14398
YPRCdelta22	14399
ARS1629	14400
YPRCdelta23	14401
YPRCTy1-4	14402
YPR158C-D	14403
YPR158C-C	14404
YPRCdelta24	14405
YPRWsigma3	14406
intergenic*YPRWsigma3_tA(AGC)P	14407
tA(AGC)P	14408
intergenic*tA(AGC)P_YPR159W	14409
YPR159W	14410
intergenic*YPR159W_YPR159C-A	14411
YPR159C-A	14412
tG(GCC)P2	14413
intergenic*tG(GCC)P2_YPR160W	14414
YPR160W	14415
YPR160W-A	14416
YPR160C-A	14417
intergenic*YPR160C-A_YPR161C	14418
YPR161C	14419
intergenic*YPR161C_YPR162C	14420
YPR162C	14421
intergenic*YPR162C_YPR163C	14422
YPR163C	14423
intergenic*YPR163C_YPR164W	14424
YPR164W	14425
intergenic*YPR164W_YPR165W	14426
YPR165W	14427
intergenic*YPR165W_YPR166C	14428
YPR166C	14429
intergenic*YPR166C_YPR167C	14430
YPR167C	14431
intergenic*YPR167C_YPR168W	14432
YPR168W	14433
intergenic*YPR168W_YPR169W	14434
YPR169W	14435
intergenic*YPR169W_tI(AAU)P2	14436
tI(AAU)P2	14437
intergenic*tI(AAU)P2_YPRWsigma4	14438
YPRWsigma4	14439
intergenic*YPRWsigma4_ARS1630	14440
ARS1630	14441
intergenic*ARS1630_YPRCtau3	14442
YPRCtau3	14443
intergenic*YPRCtau3_YPR170C	14444
YPR170C	14445
YPR169W-A	14446
YPR170W-B	14447
YPR170W-A	14448
intergenic*YPR170W-B_YPR171W	14449
YPR171W	14450
intergenic*YPR171W_YPR172W	14451
YPR172W	14452
intergenic*YPR172W_YPR173C	14453
YPR173C	14454
intergenic*YPR173C_YPR174C	14455
YPR174C	14456
intergenic*YPR174C_YPR175W	14457
YPR175W	14458
intergenic*YPR175W_YPR176C	14459
YPR176C	14460
intergenic*YPR176C_YPR177C	14461
YPR177C	14462
YPR178W	14463
intergenic*YPR178W_YPR179C	14464
YPR179C	14465
intergenic*YPR179C_YPR180W	14466
YPR180W	14467
intergenic*YPR180W_YPR181C	14468
YPR181C	14469
intergenic*YPR181C_YPR182W	14470
YPR182W	14471
intergenic*YPR182W_YPR183W	14472
YPR183W	14473
intergenic*YPR183W_YPR184W	14474
YPR184W	14475
intergenic*YPR184W_YPR185W	14476
YPR185W	14477
intergenic*YPR185W_YPR186C	14478
YPR186C	14479
intergenic*YPR186C_YPR187W	14480
YPR187W	14481
intergenic*YPR187W_YPR188C	14482
YPR188C	14483
intergenic*YPR188C_YPR189W	14484
YPR189W	14485
intergenic*YPR189W_YPR190C	14486
YPR190C	14487
intergenic*YPR190C_YPR191W	14488
YPR191W	14489
intergenic*YPR191W_YPR192W	14490
YPR192W	14491
intergenic*YPR192W_YPR193C	14492
YPR193C	14493
intergenic*YPR193C_YPR194C	14494
YPR194C	14495
intergenic*YPR194C_YPR195C	14496
YPR195C	14497
intergenic*YPR195C_YPR196W	14498
YPR196W	14499
intergenic*YPR196W_ARS1631	14500
ARS1631	14501
YPRWtau4	14502
intergenic*YPRWtau4_YPR197C	14503
YPR197C	14504
YPR198W	14505
intergenic*YPR198W_YPR199C	14506
YPR199C	14507
intergenic*YPR199C_YPR200C	14508
YPR200C	14509
intergenic*YPR200C_YPR201W	14510
YPR201W	14511
intergenic*YPR201W_ARS1632	14512
ARS1632	14513
TEL16R	14514
YPR202W	14515
YPR203W	14516
YPR204W	14517
YPR204C-A	14518
Z_Control_DISC_der	14519
Z_Control_DISC_derVII	14520
Z_Control_MATa_III	14521
Z_Control_MATa'_V	14522
Z_Control_DISC_izq	14523
Z_Control_DISC_izqVII	14524
